,v437,v438
4,399.0,1551.0
6,489.0,1569.0
7,373.0,1637.0
9,427.0,1445.0
11,666.0,1537.0
13,414.0,1556.0
16,408.0,1536.0
18,416.0,1490.0
19,430.0,1430.0
26,458.0,1432.0
31,405.0,1495.0
32,430.0,1470.0
33,469.0,1517.0
35,617.0,1520.0
40,374.0,1433.0
42,511.0,1510.0
44,402.0,1505.0
46,337.0,1573.0
49,425.0,1604.0
53,392.0,1470.0
59,562.0,1618.0
62,615.0,1512.0
64,552.0,1612.0
65,402.0,1414.0
70,526.0,1552.0
73,517.0,1533.0
76,476.0,1539.0
78,699.0,1595.0
80,728.0,1596.0
82,439.0,1560.0
84,711.0,1511.0
86,595.0,1472.0
90,494.0,1495.0
91,886.0,1566.0
93,814.0,1492.0
96,618.0,1588.0
99,411.0,1549.0
101,455.0,1452.0
103,484.0,1546.0
106,489.0,1472.0
109,569.0,1539.0
110,537.0,1515.0
113,448.0,1500.0
114,360.0,1550.0
116,520.0,1456.0
120,552.0,1514.0
123,710.0,1494.0
125,435.0,1412.0
128,439.0,1563.0
131,703.0,1545.0
134,810.0,1565.0
140,684.0,1552.0
142,626.0,1539.0
144,496.0,1545.0
146,581.0,1455.0
150,491.0,1587.0
152,669.0,1553.0
154,414.0,1508.0
157,409.0,1568.0
159,590.0,1601.0
163,438.0,1532.0
166,640.0,1482.0
168,577.0,1596.0
170,452.0,1497.0
172,522.0,1585.0
178,577.0,1466.0
184,401.0,1518.0
187,618.0,1533.0
188,580.0,1545.0
191,679.0,1525.0
200,505.0,1576.0
205,403.0,1435.0
210,444.0,1583.0
212,403.0,1550.0
215,684.0,1554.0
218,370.0,1502.0
220,393.0,1480.0
223,384.0,1502.0
226,440.0,1423.0
230,359.0,1467.0
234,527.0,1480.0
237,362.0,1481.0
241,314.0,1474.0
244,447.0,1556.0
248,498.0,1544.0
252,371.0,1506.0
254,450.0,1600.0
257,502.0,1568.0
259,552.0,1478.0
262,373.0,1443.0
265,555.0,1460.0
268,411.0,1504.0
270,657.0,1608.0
275,433.0,1510.0
279,479.0,1555.0
281,345.0,1490.0
284,564.0,1497.0
286,544.0,1471.0
289,450.0,1510.0
291,518.0,1563.0
295,634.0,1507.0
300,583.0,1520.0
304,371.0,1452.0
309,554.0,1500.0
312,403.0,1477.0
316,721.0,1567.0
317,591.0,1510.0
319,701.0,1546.0
321,526.0,1521.0
326,822.0,1597.0
329,820.0,1585.0
331,546.0,1484.0
334,796.0,1491.0
336,727.0,1473.0
338,733.0,1600.0
341,658.0,1521.0
344,438.0,1496.0
346,891.0,1526.0
347,541.0,1471.0
351,588.0,1608.0
352,743.0,1556.0
353,433.0,1634.0
355,614.0,1561.0
364,640.0,1531.0
366,464.0,1487.0
369,325.0,1444.0
375,434.0,1501.0
377,698.0,1519.0
382,622.0,1522.0
384,418.0,1467.0
386,499.0,1520.0
388,701.0,1510.0
395,785.0,1545.0
397,467.0,1545.0
401,456.0,1555.0
402,422.0,1535.0
404,535.0,1555.0
406,469.0,1505.0
410,341.0,1544.0
412,488.0,1515.0
415,464.0,1558.0
418,460.0,1523.0
422,435.0,1537.0
427,425.0,1497.0
430,384.0,1494.0
432,407.0,1477.0
434,426.0,1734.0
440,508.0,1537.0
443,469.0,1485.0
447,348.0,1473.0
449,533.0,1593.0
452,431.0,1464.0
455,468.0,1574.0
458,547.0,1445.0
459,437.0,1561.0
462,346.0,1464.0
466,561.0,1558.0
469,466.0,1530.0
472,449.0,1548.0
474,366.0,1526.0
476,732.0,1533.0
479,578.0,1568.0
481,441.0,1455.0
484,490.0,1460.0
486,461.0,1548.0
488,308.0,1430.0
490,447.0,1484.0
493,368.0,1497.0
495,402.0,1439.0
498,504.0,1495.0
500,370.0,1465.0
504,480.0,1472.0
509,514.0,1520.0
513,460.0,1538.0
517,400.0,1491.0
519,363.0,1480.0
521,364.0,1455.0
523,390.0,1357.0
525,517.0,1509.0
530,406.0,1455.0
532,381.0,1480.0
533,630.0,1570.0
539,777.0,1519.0
542,352.0,1443.0
545,450.0,1391.0
554,354.0,1590.0
561,609.0,1544.0
564,800.0,1585.0
566,363.0,1435.0
571,490.0,1497.0
575,381.0,1468.0
579,447.0,1496.0
581,382.0,1493.0
586,430.0,1483.0
587,470.0,1540.0
592,413.0,1595.0
594,390.0,1473.0
596,425.0,1571.0
598,432.0,1428.0
601,472.0,1516.0
609,406.0,1550.0
612,400.0,1470.0
617,419.0,1564.0
628,429.0,1532.0
630,384.0,1495.0
634,396.0,1572.0
639,652.0,1577.0
645,456.0,1559.0
647,443.0,1549.0
649,626.0,1419.0
652,505.0,1494.0
654,657.0,1542.0
656,450.0,1552.0
658,521.0,1498.0
659,699.0,1473.0
663,599.0,1557.0
667,561.0,1513.0
671,573.0,1602.0
673,451.0,1558.0
676,626.0,1541.0
684,510.0,1460.0
689,468.0,1477.0
691,445.0,1633.0
696,431.0,1510.0
699,610.0,1560.0
700,513.0,1581.0
703,544.0,1525.0
704,791.0,1489.0
711,580.0,1483.0
718,382.0,1520.0
720,474.0,1539.0
723,452.0,1503.0
724,1063.0,1568.0
727,927.0,1566.0
732,727.0,1504.0
746,747.0,1545.0
752,516.0,1536.0
753,661.0,1606.0
760,669.0,1545.0
764,720.0,1557.0
769,823.0,1501.0
780,514.0,1583.0
781,967.0,1524.0
782,502.0,1530.0
788,541.0,1520.0
791,719.0,1537.0
794,620.0,1512.0
800,387.0,1481.0
803,689.0,1546.0
809,413.0,1494.0
817,606.0,1500.0
820,633.0,1513.0
826,785.0,1581.0
827,536.0,1546.0
828,563.0,1568.0
830,531.0,1441.0
835,628.0,1505.0
838,705.0,1547.0
841,614.0,1469.0
843,612.0,1423.0
846,561.0,1495.0
848,840.0,1560.0
857,605.0,1459.0
858,694.0,1514.0
861,641.0,1513.0
863,577.0,1585.0
865,597.0,1557.0
872,436.0,1552.0
873,550.0,1563.0
879,695.0,1505.0
881,596.0,1473.0
883,397.0,1538.0
886,706.0,1580.0
894,705.0,1573.0
895,696.0,1645.0
896,627.0,1565.0
898,563.0,1542.0
900,650.0,1650.0
901,709.0,1590.0
906,479.0,1418.0
907,685.0,1610.0
909,606.0,1590.0
910,475.0,1496.0
912,641.0,1575.0
913,656.0,1628.0
914,645.0,1458.0
916,647.0,1568.0
917,753.0,1565.0
918,720.0,1620.0
920,849.0,1695.0
921,637.0,1514.0
923,776.0,1557.0
925,473.0,1598.0
927,579.0,1510.0
929,690.0,1572.0
931,738.0,1580.0
934,637.0,1612.0
939,844.0,1544.0
941,610.0,1476.0
943,557.0,1541.0
945,796.0,1670.0
949,650.0,1535.0
951,659.0,1552.0
954,469.0,1523.0
958,532.0,1525.0
964,635.0,1606.0
967,517.0,1385.0
969,384.0,1557.0
972,425.0,1525.0
974,400.0,1535.0
979,485.0,1525.0
983,342.0,1523.0
988,434.0,1498.0
998,480.0,1621.0
1000,377.0,1484.0
1001,353.0,1493.0
1003,379.0,1509.0
1006,452.0,1596.0
1008,441.0,1452.0
1011,577.0,1517.0
1013,619.0,1486.0
1018,602.0,1513.0
1020,571.0,1447.0
1023,465.0,1568.0
1030,743.0,1539.0
1036,435.0,1456.0
1043,585.0,1587.0
1045,630.0,1545.0
1047,695.0,1491.0
1050,524.0,1505.0
1053,414.0,1417.0
1060,693.0,1531.0
1063,602.0,1533.0
1074,510.0,1560.0
1077,497.0,1629.0
1079,442.0,1489.0
1087,772.0,1596.0
1090,507.0,1388.0
1096,497.0,1442.0
1098,542.0,1522.0
1106,699.0,1453.0
1107,427.0,1444.0
1108,553.0,1512.0
1112,530.0,1494.0
1114,375.0,1363.0
1118,507.0,1531.0
1121,731.0,1580.0
1126,434.0,1486.0
1139,428.0,1525.0
1140,539.0,1629.0
1142,439.0,1550.0
1145,427.0,1532.0
1148,806.0,1520.0
1154,697.0,1590.0
1156,369.0,1374.0
1157,635.0,1450.0
1160,379.0,1490.0
1168,652.0,1522.0
1172,558.0,1548.0
1174,423.0,1480.0
1178,614.0,1552.0
1180,742.0,1552.0
1186,346.0,1450.0
1189,392.0,1391.0
1195,381.0,1464.0
1200,335.0,1425.0
1210,400.0,1494.0
1216,377.0,1522.0
1220,410.0,1563.0
1223,450.0,1641.0
1226,438.0,1505.0
1234,523.0,1517.0
1238,475.0,1558.0
1242,288.0,1376.0
1246,408.0,1547.0
1249,622.0,1555.0
1251,545.0,1470.0
1258,404.0,1557.0
1261,603.0,1493.0
1265,583.0,1520.0
1271,498.0,1621.0
1273,696.0,1533.0
1275,251.0,1410.0
1279,447.0,1560.0
1285,491.0,1562.0
1293,594.0,1547.0
1296,538.0,1424.0
1300,580.0,1520.0
1301,381.0,1514.0
1307,584.0,1534.0
1309,792.0,1570.0
1312,380.0,1502.0
1317,400.0,1511.0
1319,343.0,1481.0
1322,454.0,1516.0
1327,347.0,1580.0
1331,490.0,1580.0
1338,625.0,1489.0
1344,427.0,1492.0
1348,493.0,1561.0
1350,458.0,1513.0
1351,452.0,1489.0
1355,447.0,1468.0
1363,558.0,1592.0
1380,376.0,1446.0
1387,374.0,1500.0
1394,386.0,1468.0
1402,502.0,1539.0
1404,432.0,1514.0
1417,457.0,1452.0
1429,402.0,1472.0
1434,500.0,1556.0
1444,436.0,1551.0
1448,638.0,1585.0
1453,491.0,1480.0
1454,391.0,1567.0
1461,533.0,1569.0
1462,467.0,1572.0
1463,609.0,1522.0
1466,448.0,1632.0
1471,566.0,1551.0
1474,472.0,1488.0
1476,540.0,1515.0
1477,401.0,1492.0
1483,703.0,1524.0
1486,765.0,1603.0
1489,478.0,1544.0
1492,452.0,1524.0
1493,458.0,1501.0
1495,420.0,1520.0
1497,528.0,1520.0
1500,763.0,1526.0
1509,394.0,1411.0
1513,599.0,1497.0
1520,438.0,1480.0
1523,576.0,1536.0
1526,628.0,1544.0
1530,445.0,1479.0
1532,456.0,1464.0
1536,862.0,1511.0
1540,538.0,1585.0
1542,373.0,1389.0
1546,489.0,1616.0
1549,386.0,1561.0
1552,674.0,1649.0
1558,484.0,1506.0
1560,419.0,1403.0
1562,560.0,1606.0
1568,406.0,1508.0
1571,620.0,1525.0
1574,522.0,1525.0
1593,461.0,1555.0
1598,446.0,1569.0
1600,520.0,1500.0
1602,416.0,1481.0
1609,531.0,1513.0
1610,454.0,1522.0
1619,738.0,1448.0
1632,437.0,1523.0
1637,674.0,1484.0
1640,491.0,1414.0
1644,665.0,1460.0
1648,721.0,1632.0
1653,429.0,1487.0
1664,566.0,1570.0
1667,549.0,1492.0
1673,523.0,1521.0
1676,509.0,1583.0
1678,679.0,1560.0
1689,605.0,1582.0
1701,440.0,1515.0
1724,578.0,1521.0
1727,523.0,1516.0
1729,408.0,1500.0
1734,474.0,1465.0
1738,374.0,1530.0
1749,507.0,1513.0
1767,721.0,1613.0
1777,783.0,1597.0
1782,682.0,1532.0
1786,672.0,1553.0
1790,422.0,1487.0
1793,673.0,1551.0
1798,461.0,1564.0
1802,699.0,1558.0
1804,758.0,1588.0
1812,587.0,1704.0
1813,571.0,1480.0
1819,794.0,1494.0
1821,723.0,1462.0
1822,557.0,1548.0
1825,644.0,1471.0
1827,669.0,1426.0
1837,626.0,1520.0
1841,646.0,1567.0
1844,745.0,1560.0
1850,372.0,1498.0
1866,411.0,1515.0
1873,325.0,1492.0
1889,436.0,1500.0
1901,492.0,1473.0
1904,546.0,1570.0
1905,484.0,1525.0
1907,403.0,1452.0
1910,397.0,1590.0
1913,432.0,1555.0
1917,474.0,1600.0
1919,440.0,1492.0
1921,565.0,1492.0
1928,541.0,1577.0
1931,480.0,1488.0
1932,533.0,1557.0
1936,441.0,1515.0
1938,598.0,1639.0
1947,546.0,1520.0
1948,439.0,1558.0
1951,465.0,1577.0
1956,482.0,1470.0
1960,415.0,1490.0
1972,523.0,1539.0
1978,556.0,1508.0
1987,435.0,1505.0
1999,461.0,1515.0
2000,671.0,1539.0
2006,504.0,1448.0
2012,461.0,1528.0
2014,446.0,1487.0
2029,546.0,1536.0
2031,635.0,1544.0
2038,611.0,1544.0
2046,410.0,1555.0
2048,367.0,1488.0
2054,425.0,1519.0
2055,429.0,1614.0
2057,493.0,1555.0
2060,560.0,1566.0
2061,413.0,1509.0
2064,734.0,1619.0
2075,657.0,1564.0
2078,543.0,1499.0
2080,521.0,1556.0
2082,500.0,1504.0
2090,453.0,1572.0
2093,559.0,1406.0
2098,649.0,1508.0
2101,461.0,1465.0
2105,534.0,1526.0
2108,422.0,1517.0
2112,453.0,1473.0
2115,491.0,1581.0
2121,649.0,1485.0
2128,1072.0,1567.0
2132,562.0,1531.0
2138,765.0,1548.0
2142,604.0,1575.0
2147,650.0,1505.0
2154,803.0,1643.0
2166,645.0,1562.0
2171,642.0,1551.0
2187,679.0,1581.0
2191,773.0,1608.0
2194,561.0,1532.0
2196,481.0,1521.0
2197,1091.0,1504.0
2207,591.0,1500.0
2212,526.0,1526.0
2216,797.0,1541.0
2218,600.0,1486.0
2223,473.0,1555.0
2224,415.0,1493.0
2236,672.0,1546.0
2242,1217.0,1538.0
2245,811.0,1535.0
2249,459.0,1564.0
2251,794.0,1580.0
2255,687.0,1520.0
2258,527.0,1415.0
2259,622.0,1538.0
2263,641.0,1560.0
2265,955.0,1590.0
2272,535.0,1441.0
2277,746.0,1445.0
2281,811.0,1580.0
2285,483.0,1501.0
2316,442.0,1606.0
2319,364.0,1474.0
2321,526.0,1495.0
2329,478.0,1618.0
2330,319.0,1521.0
2332,412.0,1573.0
2336,479.0,1586.0
2337,376.0,1485.0
2340,532.0,1583.0
2342,546.0,1556.0
2359,375.0,1502.0
2376,480.0,1543.0
2379,461.0,1585.0
2389,470.0,1547.0
2394,583.0,1606.0
2395,455.0,1546.0
2397,491.0,1501.0
2407,398.0,1559.0
2415,362.0,1505.0
2421,433.0,1512.0
2423,391.0,1479.0
2427,472.0,1567.0
2430,598.0,1507.0
2432,553.0,1420.0
2445,469.0,1577.0
2448,739.0,1570.0
2455,633.0,1545.0
2462,461.0,1392.0
2465,587.0,1545.0
2467,871.0,1584.0
2474,453.0,1520.0
2478,389.0,1420.0
2486,746.0,1655.0
2494,356.0,1440.0
2518,627.0,1571.0
2520,661.0,1639.0
2521,627.0,1510.0
2522,401.0,1530.0
2526,636.0,1466.0
2528,443.0,1582.0
2539,395.0,1485.0
2540,557.0,1470.0
2555,460.0,1520.0
2560,577.0,1454.0
2569,731.0,1436.0
2578,514.0,1499.0
2581,926.0,1533.0
2587,412.0,1441.0
2588,648.0,1505.0
2599,403.0,1524.0
2610,410.0,1540.0
2611,508.0,1520.0
2618,463.0,1626.0
2620,557.0,1489.0
2625,640.0,1489.0
2627,559.0,1546.0
2628,610.0,1479.0
2630,477.0,1483.0
2633,667.0,1587.0
2636,558.0,1590.0
2640,721.0,1481.0
2642,596.0,1534.0
2644,401.0,1334.0
2648,365.0,1482.0
2650,530.0,1451.0
2651,489.0,1554.0
2652,487.0,1502.0
2665,901.0,1521.0
2666,676.0,1461.0
2668,417.0,1517.0
2670,774.0,1577.0
2672,800.0,1485.0
2681,433.0,1499.0
2685,476.0,1503.0
2687,537.0,1520.0
2690,579.0,1530.0
2695,556.0,1568.0
2701,473.0,1540.0
2703,409.0,1475.0
2712,489.0,1487.0
2714,516.0,1507.0
2717,537.0,1533.0
2722,433.0,1591.0
2724,525.0,1575.0
2729,425.0,1525.0
2731,479.0,1528.0
2734,441.0,1487.0
2749,486.0,1570.0
2753,340.0,1382.0
2772,477.0,1481.0
2776,511.0,1564.0
2793,407.0,1577.0
2803,480.0,1564.0
2804,482.0,1504.0
2807,412.0,1458.0
2814,359.0,1489.0
2817,495.0,1543.0
2819,723.0,1432.0
2821,350.0,1537.0
2833,396.0,1555.0
2835,805.0,1462.0
2843,668.0,1524.0
2849,485.0,1437.0
2853,595.0,1585.0
2856,709.0,1631.0
2864,480.0,1505.0
2866,719.0,1608.0
2870,423.0,1555.0
2875,544.0,1499.0
2878,497.0,1423.0
2883,535.0,1535.0
2888,592.0,1510.0
2889,411.0,1498.0
2891,704.0,1559.0
2894,497.0,1471.0
2900,681.0,1562.0
2904,721.0,1451.0
2908,381.0,1573.0
2910,323.0,1464.0
2913,539.0,1520.0
2934,393.0,1545.0
2944,436.0,1435.0
2969,500.0,1546.0
3011,662.0,1508.0
3054,644.0,1532.0
3060,742.0,1583.0
3062,680.0,1500.0
3074,428.0,1525.0
3093,440.0,1603.0
3100,685.0,1571.0
3102,577.0,1520.0
3107,570.0,1435.0
3111,439.0,1407.0
3115,555.0,1532.0
3121,657.0,1504.0
3127,750.0,1507.0
3135,566.0,1543.0
3139,410.0,1487.0
3152,568.0,1584.0
3161,385.0,1557.0
3185,455.0,1493.0
3196,539.0,1471.0
3218,532.0,1528.0
3224,516.0,1564.0
3226,438.0,1495.0
3233,450.0,1490.0
3239,566.0,1608.0
3249,779.0,1624.0
3272,495.0,1540.0
3300,698.0,1488.0
3309,655.0,1500.0
3323,462.0,1460.0
3329,625.0,1615.0
3335,565.0,1481.0
3338,628.0,1497.0
3343,724.0,1526.0
3346,408.0,1480.0
3356,577.0,1629.0
3368,557.0,1450.0
3374,860.0,1530.0
3378,625.0,1542.0
3383,451.0,1575.0
3385,740.0,1488.0
3401,684.0,1593.0
3402,445.0,1478.0
3406,741.0,1571.0
3408,568.0,1450.0
3410,479.0,1484.0
3419,653.0,1574.0
3424,572.0,1418.0
3434,392.0,1515.0
3449,401.0,1562.0
3451,699.0,1690.0
3461,486.0,1540.0
3464,458.0,1540.0
3486,388.0,1565.0
3501,473.0,1514.0
3509,523.0,1484.0
3521,474.0,1556.0
3550,572.0,1602.0
3567,325.0,1435.0
3580,447.0,1543.0
3581,364.0,1390.0
3583,555.0,1587.0
3589,383.0,1465.0
3600,374.0,1442.0
3617,883.0,1535.0
3620,440.0,1504.0
3623,754.0,1452.0
3645,402.0,1490.0
3661,504.0,1546.0
3672,815.0,1440.0
3677,465.0,1493.0
3678,291.0,1396.0
3689,556.0,1503.0
3693,400.0,1488.0
3708,388.0,1528.0
3722,471.0,1525.0
3734,646.0,1460.0
3749,472.0,1483.0
3789,481.0,1575.0
3794,465.0,1519.0
3808,575.0,1565.0
3824,856.0,1614.0
3829,761.0,1531.0
3834,609.0,1498.0
3841,872.0,1533.0
3849,600.0,1639.0
3852,569.0,1551.0
3853,563.0,1473.0
3862,495.0,1596.0
3873,383.0,1563.0
3875,488.0,1449.0
3878,411.0,1483.0
3880,477.0,1556.0
3898,412.0,1399.0
3905,522.0,1470.0
3914,428.0,1574.0
3918,316.0,1440.0
4005,557.0,1564.0
4008,741.0,1620.0
4011,545.0,1518.0
4017,558.0,1586.0
4026,459.0,1466.0
4029,701.0,1513.0
4036,542.0,1480.0
4038,692.0,1635.0
4039,830.0,1479.0
4043,690.0,1596.0
4046,855.0,1533.0
4057,743.0,1574.0
4061,321.0,1394.0
4064,601.0,1536.0
4068,502.0,1440.0
4074,358.0,1441.0
4079,390.0,1440.0
4082,416.0,1545.0
4094,563.0,1580.0
4098,590.0,1577.0
4102,476.0,1560.0
4103,575.0,1495.0
4110,501.0,1550.0
4114,601.0,1542.0
4122,349.0,1435.0
4131,366.0,1491.0
4135,425.0,1531.0
4145,555.0,1515.0
4155,450.0,1510.0
4161,358.0,1495.0
4163,551.0,1457.0
4195,496.0,1395.0
4227,520.0,1520.0
4239,712.0,1577.0
4260,635.0,1488.0
4264,377.0,1495.0
4267,454.0,1519.0
4270,621.0,1573.0
4280,804.0,1587.0
4290,709.0,1510.0
4304,722.0,1633.0
4306,539.0,1373.0
4311,415.0,1457.0
4319,644.0,1475.0
4321,751.0,1555.0
4331,501.0,1529.0
4353,555.0,1519.0
4372,468.0,1599.0
4374,377.0,1565.0
4378,476.0,1481.0
4381,449.0,1461.0
4393,504.0,1556.0
4401,352.0,1478.0
4426,484.0,1556.0
4428,423.0,1530.0
4430,489.0,1572.0
4479,425.0,1471.0
4483,460.0,1528.0
4490,418.0,1516.0
4501,644.0,1509.0
4525,671.0,1514.0
4539,711.0,1586.0
4565,452.0,1609.0
4575,441.0,1561.0
4581,562.0,1598.0
4593,578.0,1552.0
4601,696.0,1535.0
4605,449.0,1676.0
4613,486.0,1501.0
4624,505.0,1611.0
4635,468.0,1475.0
4642,613.0,1540.0
4648,704.0,1412.0
4652,407.0,1570.0
4656,650.0,1519.0
4660,481.0,1600.0
4662,529.0,1477.0
4667,676.0,1550.0
4671,379.0,1531.0
4675,508.0,1646.0
4676,451.0,1436.0
4680,511.0,1523.0
4683,500.0,1465.0
4725,524.0,1558.0
4734,547.0,1484.0
4735,839.0,1446.0
4742,376.0,1559.0
4749,533.0,1525.0
4778,533.0,1501.0
4785,451.0,1490.0
4817,427.0,1490.0
4819,485.0,1488.0
4821,346.0,1529.0
4825,445.0,1415.0
4843,551.0,1538.0
4859,533.0,1573.0
4864,380.0,1409.0
4865,619.0,1541.0
4871,540.0,1480.0
4878,611.0,1631.0
4888,566.0,1547.0
4889,361.0,1464.0
4891,755.0,1560.0
4893,649.0,1540.0
4898,783.0,1575.0
4900,940.0,1500.0
4901,551.0,1620.0
4902,756.0,1545.0
4907,722.0,1517.0
4910,599.0,1514.0
4913,711.0,1522.0
4916,476.0,1583.0
4940,506.0,1615.0
4994,509.0,1498.0
5001,485.0,1514.0
5014,665.0,1544.0
5015,484.0,1508.0
5024,737.0,1605.0
5029,511.0,1575.0
5042,881.0,1581.0
5046,736.0,1480.0
5051,524.0,1508.0
5070,420.0,1465.0
5078,520.0,1485.0
5089,474.0,1504.0
5104,587.0,1558.0
5108,608.0,1565.0
5131,646.0,1496.0
5138,536.0,1525.0
5150,573.0,1468.0
5159,388.0,1456.0
5169,499.0,1535.0
5174,572.0,1503.0
5188,491.0,1480.0
5192,574.0,1511.0
5195,383.0,1516.0
5197,477.0,1497.0
5199,543.0,1574.0
5201,608.0,1458.0
5213,389.0,1512.0
5221,481.0,1525.0
5225,745.0,1562.0
5253,431.0,1482.0
5255,479.0,1550.0
5257,423.0,1397.0
5267,439.0,1530.0
5271,451.0,1447.0
5279,388.0,1455.0
5283,616.0,1552.0
5288,474.0,1432.0
5291,427.0,1462.0
5293,519.0,1555.0
5296,404.0,1454.0
5298,477.0,1489.0
5301,606.0,1548.0
5307,437.0,1491.0
5309,495.0,1523.0
5311,673.0,1556.0
5319,652.0,1496.0
5330,452.0,1543.0
5337,549.0,1515.0
5342,527.0,1562.0
5348,601.0,1467.0
5357,534.0,1419.0
5362,476.0,1494.0
5364,697.0,1524.0
5377,631.0,1412.0
5381,551.0,1565.0
5384,523.0,1521.0
5386,559.0,1522.0
5388,521.0,1553.0
5401,505.0,1462.0
5406,551.0,1646.0
5410,580.0,1552.0
5426,516.0,1501.0
5430,658.0,1515.0
5433,1042.0,1576.0
5437,749.0,1555.0
5440,626.0,1463.0
5496,450.0,1614.0
5500,565.0,1513.0
5505,550.0,1615.0
5521,473.0,1555.0
5542,403.0,1562.0
5555,334.0,1514.0
5559,443.0,1602.0
5586,516.0,1626.0
5610,620.0,1490.0
5619,530.0,1556.0
5627,472.0,1488.0
5630,466.0,1480.0
5652,571.0,1580.0
5654,503.0,1475.0
5669,461.0,1360.0
5673,549.0,1490.0
5674,492.0,1470.0
5676,595.0,1614.0
5679,572.0,1521.0
5682,641.0,1484.0
5709,570.0,1457.0
5732,496.0,1418.0
5736,408.0,1397.0
5741,984.0,1636.0
5743,665.0,1487.0
5747,531.0,1544.0
5752,399.0,1541.0
5753,874.0,1577.0
5756,611.0,1527.0
5764,480.0,1562.0
5768,468.0,1538.0
5770,561.0,1531.0
5772,516.0,1477.0
5774,462.0,1484.0
5784,364.0,1527.0
5793,519.0,1633.0
5812,434.0,1536.0
5841,495.0,1528.0
5857,359.0,1470.0
5870,452.0,1569.0
5871,390.0,1523.0
5873,521.0,1481.0
5884,387.0,1553.0
5930,596.0,1546.0
5935,473.0,1468.0
5943,482.0,1517.0
5949,385.0,1480.0
5955,381.0,1482.0
5957,416.0,1400.0
5966,544.0,1520.0
5968,365.0,1493.0
5972,591.0,1585.0
5976,488.0,1465.0
5978,400.0,1400.0
5986,729.0,1511.0
5988,432.0,1520.0
6019,819.0,1538.0
6023,664.0,1605.0
6031,687.0,1561.0
6054,414.0,1502.0
6073,362.0,1586.0
6093,504.0,1501.0
6099,374.0,1431.0
6104,357.0,1484.0
6124,558.0,1525.0
6140,649.0,1650.0
6146,683.0,1527.0
6149,442.0,1530.0
6153,429.0,1362.0
6158,405.0,1553.0
6160,341.0,1435.0
6163,383.0,1566.0
6166,416.0,1526.0
6168,500.0,1560.0
6170,363.0,1478.0
6173,477.0,1532.0
6175,611.0,1510.0
6186,477.0,1528.0
6189,482.0,1466.0
6192,678.0,1503.0
6208,347.0,1469.0
6212,535.0,1527.0
6231,360.0,1438.0
6267,524.0,1462.0
6277,539.0,1536.0
6284,322.0,1419.0
6286,447.0,1562.0
6289,587.0,1613.0
6295,627.0,1447.0
6333,480.0,1435.0
6354,257.0,1506.0
6365,410.0,1523.0
6383,390.0,1440.0
6394,511.0,1370.0
6434,428.0,1568.0
6452,548.0,1479.0
6456,420.0,1522.0
6461,440.0,1533.0
6466,624.0,1420.0
6473,696.0,1598.0
6490,593.0,1500.0
6535,343.0,1398.0
6564,518.0,1551.0
6592,328.0,1407.0
6600,331.0,1411.0
6621,468.0,1463.0
6671,592.0,1475.0
6674,639.0,1601.0
6677,528.0,1502.0
6694,571.0,1473.0
6712,501.0,1354.0
6745,491.0,1585.0
6777,718.0,1492.0
6800,777.0,1560.0
6811,749.0,1543.0
6833,496.0,1502.0
6837,423.0,1375.0
6838,798.0,1558.0
6861,701.0,1529.0
6862,604.0,1504.0
6865,528.0,1513.0
6873,710.0,1571.0
6877,557.0,1527.0
6879,551.0,1575.0
6888,490.0,1579.0
6897,423.0,1526.0
6899,645.0,1513.0
6905,513.0,1530.0
6910,440.0,1538.0
6914,400.0,1508.0
6978,352.0,1490.0
7016,710.0,1605.0
7019,398.0,1517.0
7020,554.0,1534.0
7048,394.0,1451.0
7049,731.0,1564.0
7077,556.0,1567.0
7088,414.0,1500.0
7118,437.0,1473.0
7143,469.0,1560.0
7147,584.0,1570.0
7180,476.0,1474.0
7226,509.0,1414.0
7239,561.0,1515.0
7247,564.0,1473.0
7267,420.0,1685.0
7269,655.0,1558.0
7276,451.0,1487.0
7279,592.0,1471.0
7283,528.0,1581.0
7287,536.0,1531.0
7298,756.0,1433.0
7330,494.0,1448.0
7339,440.0,1504.0
7352,434.0,1509.0
7365,447.0,1566.0
7372,750.0,1593.0
7381,578.0,1514.0
7387,439.0,1493.0
7395,430.0,1446.0
7397,455.0,1452.0
7414,415.0,1549.0
7431,427.0,1402.0
7479,659.0,1592.0
7503,420.0,1515.0
7521,715.0,1558.0
7539,749.0,1620.0
7560,523.0,1576.0
7583,659.0,1590.0
7589,598.0,1466.0
7617,550.0,1505.0
7640,698.0,1513.0
7651,678.0,1544.0
7660,497.0,1520.0
7711,487.0,1501.0
7714,482.0,1465.0
7718,666.0,1538.0
7725,730.0,1573.0
7731,449.0,1564.0
7736,549.0,1450.0
7760,483.0,1540.0
7778,584.0,1483.0
7806,808.0,1532.0
7835,435.0,1468.0
7839,375.0,1420.0
7861,525.0,1531.0
7928,633.0,1526.0
7938,662.0,1631.0
7941,675.0,1594.0
7947,647.0,1558.0
7953,424.0,1529.0
7955,556.0,1535.0
7958,389.0,1438.0
7965,607.0,1509.0
7967,572.0,1431.0
7970,792.0,1524.0
7972,563.0,1608.0
7991,435.0,1529.0
8001,519.0,1559.0
8005,545.0,1469.0
8008,389.0,1517.0
8009,342.0,1413.0
8026,320.0,1468.0
8052,521.0,1499.0
8107,443.0,1539.0
8133,522.0,1452.0
8158,422.0,1515.0
8160,711.0,1510.0
8165,371.0,1370.0
8167,396.0,1440.0
8168,414.0,1420.0
8172,652.0,1514.0
8178,472.0,1451.0
8208,571.0,1473.0
8258,374.0,1565.0
8311,466.0,1553.0
8337,517.0,1578.0
8338,565.0,1556.0
8343,484.0,1488.0
8360,904.0,1520.0
8367,420.0,1471.0
8414,447.0,1458.0
8434,412.0,1480.0
8444,481.0,1500.0
8449,541.0,1445.0
8462,472.0,1463.0
8465,345.0,1454.0
8510,607.0,1554.0
8545,364.0,1533.0
8578,466.0,1541.0
8609,430.0,1446.0
8614,646.0,1586.0
8616,610.0,1568.0
8631,511.0,1461.0
8635,613.0,1514.0
8639,636.0,1546.0
8647,546.0,1602.0
8655,566.0,1520.0
8657,539.0,1537.0
8659,680.0,1555.0
8663,365.0,1461.0
8669,794.0,1645.0
8715,535.0,1591.0
8726,416.0,1554.0
8734,814.0,1565.0
8784,478.0,1543.0
8788,508.0,1524.0
8811,319.0,1428.0
8830,346.0,1495.0
8842,392.0,1527.0
8849,500.0,1539.0
8851,451.0,1725.0
8853,375.0,1558.0
8865,449.0,1482.0
8867,494.0,1531.0
8870,332.0,1501.0
8938,409.0,1510.0
8949,681.0,1600.0
8959,544.0,1505.0
8995,425.0,1532.0
9004,615.0,1512.0
9033,558.0,1375.0
9038,392.0,1594.0
9045,569.0,1585.0
9049,496.0,1490.0
9051,403.0,1435.0
9077,817.0,1546.0
9163,414.0,1499.0
9202,615.0,1577.0
9208,560.0,1553.0
9242,400.0,1449.0
9277,349.0,1506.0
9346,688.0,1470.0
9348,539.0,1434.0
9356,584.0,1550.0
9358,924.0,1550.0
9365,565.0,1584.0
9382,584.0,1577.0
9385,598.0,1530.0
9397,453.0,1486.0
9398,802.0,1630.0
9401,452.0,1471.0
9456,383.0,1468.0
9478,465.0,1546.0
9480,510.0,1531.0
9483,659.0,1572.0
9550,409.0,1491.0
9580,380.0,1410.0
9601,496.0,1581.0
9627,983.0,1680.0
9633,410.0,1449.0
9650,458.0,1486.0
9697,427.0,1470.0
9729,474.0,1692.0
9735,470.0,1545.0
9748,427.0,1490.0
9751,382.0,1550.0
9758,471.0,1460.0
9778,521.0,1456.0
9781,559.0,1565.0
9791,445.0,1509.0
9801,664.0,1516.0
9808,676.0,1497.0
9812,628.0,1431.0
9821,781.0,1725.0
9822,396.0,1468.0
9825,454.0,1457.0
9827,669.0,1548.0
9849,654.0,1555.0
9870,565.0,1480.0
9876,523.0,1608.0
9881,574.0,1503.0
9883,570.0,1450.0
9898,609.0,1490.0
9901,747.0,1655.0
9902,668.0,1593.0
9904,622.0,1528.0
9942,474.0,1490.0
9958,410.0,1545.0
9978,774.0,1531.0
9986,400.0,1440.0
10042,595.0,1556.0
10046,805.0,1559.0
10052,477.0,1473.0
10055,369.0,1460.0
10081,447.0,1505.0
10096,489.0,1595.0
10160,429.0,1519.0
10163,515.0,1485.0
10169,398.0,1510.0
10182,467.0,1465.0
10186,469.0,1485.0
10197,448.0,1445.0
10201,525.0,1552.0
10203,398.0,1563.0
10221,433.0,1549.0
10226,456.0,1523.0
10250,455.0,1440.0
10315,470.0,1465.0
10332,624.0,1608.0
10343,471.0,1544.0
10380,625.0,1464.0
10401,520.0,1576.0
10410,447.0,1478.0
10472,543.0,1572.0
10489,676.0,1574.0
10616,429.0,1444.0
10638,709.0,1634.0
10641,662.0,1511.0
10643,704.0,1515.0
10649,676.0,1485.0
10662,573.0,1604.0
10663,665.0,1615.0
10665,542.0,1485.0
10675,548.0,1545.0
10772,478.0,1555.0
10774,625.0,1503.0
10777,524.0,1562.0
10780,644.0,1620.0
10860,446.0,1538.0
10890,599.0,1501.0
10902,519.0,1540.0
10915,451.0,1500.0
10916,505.0,1520.0
10961,581.0,1509.0
10985,450.0,1586.0
10996,392.0,1463.0
11006,551.0,1555.0
11010,448.0,1601.0
11014,432.0,1578.0
11078,430.0,1597.0
11100,501.0,1558.0
11163,518.0,1578.0
11197,402.0,1494.0
11201,466.0,1610.0
11203,684.0,1550.0
11226,401.0,1502.0
11228,454.0,1565.0
11232,541.0,1505.0
11234,444.0,1490.0
11237,302.0,1483.0
11320,346.0,1453.0
11365,595.0,1512.0
11372,412.0,1436.0
11376,398.0,1615.0
11378,437.0,1585.0
11468,488.0,1492.0
11531,472.0,1509.0
11576,432.0,1527.0
11650,410.0,1462.0
11657,625.0,1591.0
11676,513.0,1446.0
11690,616.0,1677.0
11726,587.0,1533.0
11743,347.0,1471.0
11744,532.0,1476.0
11786,749.0,1658.0
11794,359.0,1597.0
11901,447.0,1495.0
11915,707.0,1598.0
11923,512.0,1580.0
12012,667.0,1560.0
12082,472.0,1479.0
12136,587.0,1527.0
12165,684.0,1578.0
12176,606.0,1644.0
12178,520.0,1573.0
12197,363.0,1546.0
12198,758.0,1541.0
12215,828.0,1556.0
12220,420.0,1443.0
12225,396.0,1506.0
12227,382.0,1444.0
12231,364.0,1549.0
12235,421.0,1531.0
12237,392.0,1387.0
12242,551.0,1607.0
12244,470.0,1516.0
12321,386.0,1480.0
12322,466.0,1450.0
12343,869.0,1478.0
12415,391.0,1527.0
12537,534.0,1590.0
12627,455.0,1558.0
12829,519.0,1571.0
12885,334.0,1450.0
12926,362.0,1564.0
12942,645.0,1526.0
12971,391.0,1561.0
12973,484.0,1526.0
12975,542.0,1608.0
12978,680.0,1584.0
12993,379.0,1499.0
13024,667.0,1470.0
13034,616.0,1544.0
13052,496.0,1510.0
13056,485.0,1527.0
13067,545.0,1563.0
13070,626.0,1604.0
13119,381.0,1400.0
13272,592.0,1492.0
13281,406.0,1452.0
13286,664.0,1452.0
13355,735.0,1574.0
13374,306.0,1534.0
13378,434.0,1553.0
13379,779.0,1626.0
13387,756.0,1584.0
13449,756.0,1553.0
13495,431.0,1491.0
13507,560.0,1463.0
13558,562.0,1596.0
13571,451.0,1450.0
13597,558.0,1569.0
13608,620.0,1573.0
13620,522.0,1530.0
13631,571.0,1498.0
13918,541.0,1547.0
13985,577.0,1453.0
14096,719.0,1503.0
14113,520.0,1532.0
14250,566.0,1521.0
14336,433.0,1455.0
14396,522.0,1502.0
14425,450.0,1487.0
14602,506.0,1490.0
14622,386.0,1473.0
14628,513.0,1654.0
14851,422.0,1490.0
14942,708.0,1533.0
14996,544.0,1522.0
15017,430.0,1451.0
15072,522.0,1506.0
15077,445.0,1501.0
15223,471.0,1514.0
15232,485.0,1546.0
15358,357.0,1430.0
15395,369.0,1448.0
15407,478.0,1480.0
15429,497.0,1535.0
15433,513.0,1573.0
15435,497.0,1584.0
15436,544.0,1572.0
15453,400.0,1514.0
15637,489.0,1535.0
15708,529.0,1588.0
15737,457.0,1533.0
15819,711.0,1644.0
15828,429.0,1457.0
16048,483.0,1496.0
16081,448.0,1478.0
16115,344.0,1415.0
16134,410.0,1506.0
16168,492.0,1520.0
16297,440.0,1475.0
16319,558.0,1475.0
16326,401.0,1480.0
16352,475.0,1485.0
16541,495.0,1523.0
16575,366.0,1405.0
16731,631.0,1612.0
16812,487.0,1446.0
16895,458.0,1526.0
17022,389.0,1403.0
17036,452.0,1571.0
17064,377.0,1484.0
17396,577.0,1614.0
17504,452.0,1436.0
17538,493.0,1582.0
17546,444.0,1568.0
17551,698.0,1412.0
17662,383.0,1468.0
17727,573.0,1455.0
17745,550.0,1487.0
17758,670.0,1526.0
17766,725.0,1523.0
17804,476.0,1447.0
17875,390.0,1476.0
17880,451.0,1581.0
17948,394.0,1485.0
17999,499.0,1445.0
18001,658.0,1528.0
18002,590.0,1573.0
18010,504.0,1589.0
18011,564.0,1547.0
18095,357.0,1510.0
18116,409.0,1524.0
18124,458.0,1454.0
18178,446.0,1468.0
18184,464.0,1559.0
18265,468.0,1575.0
18322,519.0,1500.0
18441,309.0,1412.0
18530,405.0,1465.0
18580,498.0,1553.0
18597,446.0,1491.0
18613,552.0,1518.0
18666,352.0,1505.0
18711,343.0,1454.0
18719,428.0,1522.0
18723,495.0,1566.0
18726,501.0,1521.0
18739,515.0,1592.0
18741,666.0,1576.0
18744,469.0,1482.0
18807,471.0,1574.0
18948,385.0,1471.0
18949,493.0,1531.0
19004,451.0,1494.0
19060,401.0,1495.0
19071,362.0,1575.0
19081,349.0,1452.0
19084,486.0,1608.0
19218,373.0,1535.0
19320,512.0,1454.0
19348,394.0,1455.0
19445,404.0,1437.0
19447,474.0,1553.0
19461,468.0,1581.0
19485,420.0,1493.0
19486,380.0,1490.0
19685,428.0,1472.0
19746,411.0,1473.0
19767,432.0,1566.0
19777,530.0,1491.0
19827,664.0,1514.0
19836,378.0,1428.0
19855,392.0,1451.0
20039,382.0,1502.0
20063,617.0,1492.0
20072,450.0,1538.0
20079,295.0,1435.0
20196,645.0,1614.0
20202,510.0,1564.0
20314,387.0,1564.0
20389,377.0,1382.0
20396,509.0,1538.0
20409,455.0,1514.0
20413,604.0,1485.0
20488,435.0,1426.0
20491,395.0,1521.0
20493,580.0,1573.0
20503,433.0,1509.0
20508,360.0,1394.0
20517,573.0,1578.0
20698,567.0,1522.0
20703,416.0,1453.0
20771,668.0,1596.0
20780,595.0,1574.0
20846,497.0,1456.0
20849,359.0,1447.0
20852,455.0,1492.0
20855,324.0,1420.0
20861,532.0,1462.0
21052,445.0,1485.0
21063,422.0,1543.0
21242,441.0,1508.0
21250,414.0,1493.0
21326,522.0,1503.0
21331,617.0,1565.0
21427,442.0,1463.0
21506,342.0,1433.0
21513,507.0,1552.0
21658,483.0,1515.0
21741,383.0,1508.0
21744,591.0,1584.0
21806,494.0,1590.0
21807,668.0,1593.0
21809,738.0,1555.0
21814,382.0,1520.0
21817,432.0,1462.0
21818,622.0,1540.0
21885,335.0,1438.0
21895,436.0,1605.0
21916,510.0,1587.0
21927,454.0,1479.0
21942,380.0,1472.0
22104,507.0,1515.0
22109,429.0,1445.0
22191,373.0,1530.0
22232,373.0,1536.0
22293,438.0,1452.0
22424,390.0,1460.0
22430,415.0,1506.0
22464,395.0,1461.0
22465,535.0,1691.0
22471,472.0,1486.0
22486,257.0,1349.0
22493,361.0,1591.0
22496,495.0,1415.0
22525,501.0,1601.0
22532,477.0,1582.0
22543,547.0,1520.0
22627,453.0,1499.0
22703,415.0,1532.0
22710,436.0,1583.0
22790,616.0,1506.0
22803,622.0,1474.0
22821,650.0,1529.0
22889,328.0,1435.0
23209,509.0,1635.0
23214,499.0,1442.0
23221,485.0,1553.0
23228,508.0,1600.0
23255,420.0,1500.0
23290,432.0,1520.0
23309,529.0,1495.0
23314,460.0,1540.0
23320,500.0,1511.0
23323,338.0,1431.0
23347,429.0,1464.0
23385,354.0,1480.0
23400,511.0,1450.0
23404,624.0,1524.0
23415,476.0,1491.0
23518,438.0,1476.0
23553,443.0,1604.0
23649,416.0,1450.0
23706,307.0,1371.0
23761,435.0,1509.0
23762,454.0,1477.0
24127,525.0,1440.0
24133,479.0,1496.0
24189,513.0,1577.0
24227,524.0,1446.0
24233,500.0,1471.0
24297,502.0,1466.0
24317,474.0,1492.0
24318,394.0,1501.0
24331,361.0,1561.0
24439,352.0,1424.0
24452,387.0,1496.0
24479,454.0,1532.0
24658,429.0,1495.0
24669,404.0,1495.0
24738,384.0,1498.0
24745,415.0,1488.0
24747,489.0,1508.0
24868,420.0,1472.0
24884,462.0,1603.0
25090,568.0,1453.0
25331,413.0,1475.0
25415,462.0,1503.0
25651,599.0,1586.0
25814,390.0,1457.0
26078,378.0,1485.0
26085,443.0,1538.0
26086,361.0,1450.0
26309,582.0,1595.0
26310,615.0,1579.0
26316,535.0,1473.0
26320,601.0,1546.0
26322,413.0,1524.0
26335,450.0,1500.0
26341,521.0,1539.0
26352,618.0,1573.0
26582,464.0,1531.0
26588,392.0,1448.0
26589,460.0,1544.0
26609,482.0,1444.0
26717,432.0,1523.0
27122,430.0,1503.0
27704,389.0,1560.0
27724,479.0,1590.0
27826,470.0,1468.0
28443,472.0,1440.0
28511,508.0,1495.0
28655,591.0,1481.0
28687,322.0,1509.0
29360,439.0,1520.0
29385,581.0,1501.0
29612,420.0,1432.0
30815,417.0,1481.0
30904,423.0,1482.0
31744,598.0,1347.0
32106,518.0,1485.0
32110,490.0,1555.0
32114,591.0,1573.0
32125,701.0,1605.0
32129,672.0,1645.0
32135,568.0,1575.0
32483,630.0,1511.0
32488,617.0,1473.0
32516,499.0,1438.0
33345,374.0,1471.0
33361,361.0,1453.0
33390,519.0,1466.0
33446,398.0,1442.0
33986,490.0,1526.0
34199,483.0,1488.0
34214,449.0,1446.0
34239,435.0,1551.0
34732,558.0,1605.0
35145,371.0,1375.0
35219,370.0,1421.0
35522,820.0,1623.0
35912,532.0,1495.0
35916,496.0,1550.0
36068,422.0,1460.0
36480,455.0,1510.0
36596,434.0,1480.0
36682,554.0,1516.0
36692,553.0,1555.0
37772,404.0,1544.0
37908,421.0,1484.0
38300,346.0,1457.0
38810,447.0,1507.0
39225,410.0,1535.0
39943,396.0,1525.0
40246,531.0,1485.0
40263,492.0,1504.0
40379,464.0,1532.0
40486,359.0,1477.0
40494,383.0,1512.0
40763,456.0,1541.0
41549,329.0,1429.0
42244,408.0,1532.0
42756,356.0,1486.0
42800,430.0,1475.0
43042,569.0,1616.0
43301,521.0,1593.0
43813,704.0,1571.0
44537,564.0,1431.0
44822,477.0,1524.0
45017,586.0,1506.0
45040,501.0,1582.0
45654,828.0,1501.0
46007,542.0,1615.0
46011,451.0,1580.0
46016,372.0,1412.0
46027,425.0,1528.0
46033,494.0,1505.0
47209,539.0,1510.0
47387,659.0,1574.0
47389,501.0,1544.0
48352,595.0,1430.0
48354,719.0,1455.0
48368,409.0,1453.0
48567,437.0,1448.0
48580,460.0,1527.0
50963,422.0,1584.0
51832,414.0,1545.0
54210,624.0,1642.0
54216,504.0,1573.0
54344,500.0,1589.0
56848,536.0,1570.0
57268,467.0,1560.0
57888,651.0,1583.0
57916,308.0,1333.0
57927,586.0,1440.0
57930,1042.0,1651.0
57934,407.0,1550.0
57939,656.0,1568.0
57948,979.0,1627.0
57951,549.0,1579.0
58909,534.0,1648.0
58997,491.0,1505.0
59004,715.0,1560.0
59082,475.0,1506.0
59087,746.0,1495.0
60001,756.0,1574.0
60009,600.0,1549.0
60623,848.0,1620.0
61589,401.0,1562.0
61607,389.0,1479.0
61827,433.0,1542.0
63590,528.0,1530.0
64648,500.0,1563.0
65450,455.0,1552.0
66777,544.0,1465.0
66794,633.0,1554.0
66797,587.0,1578.0
68003,547.0,1527.0
68693,453.0,1532.0
75433,387.0,1461.0
75525,326.0,1386.0
75969,381.0,1500.0
76165,435.0,1554.0
77380,402.0,1523.0
77969,431.0,1496.0
78379,459.0,1485.0
78383,508.0,1465.0
78389,689.0,1547.0
78569,456.0,1458.0
78581,504.0,1496.0
78584,465.0,1568.0
78587,549.0,1390.0
78591,708.0,1624.0
79014,468.0,1573.0
80251,516.0,1538.0
80846,376.0,1374.0
80865,475.0,1603.0
81393,385.0,1528.0
81414,528.0,1494.0
82249,653.0,1572.0
82256,491.0,1611.0
82657,532.0,1598.0
87121,394.0,1533.0
87818,528.0,1560.0
88728,476.0,1480.0
90096,444.0,1631.0
90415,493.0,1449.0
91071,576.0,1533.0
91500,408.0,1562.0
92172,436.0,1511.0
92176,415.0,1550.0
92207,375.0,1451.0
92362,399.0,1469.0
93467,572.0,1553.0
93477,567.0,1555.0
94795,603.0,1437.0
94802,419.0,1523.0
96974,701.0,1555.0
97959,356.0,1500.0
98432,451.0,1501.0
98596,400.0,1523.0
99064,629.0,1517.0
99071,687.0,1540.0
104910,683.0,1570.0
105965,372.0,1430.0
105970,443.0,1422.0
105974,470.0,1491.0
107500,522.0,1530.0
108331,542.0,1532.0
109011,397.0,1401.0
109419,430.0,1411.0
110578,431.0,1473.0
110583,476.0,1482.0
115690,497.0,1592.0
116714,297.0,1431.0
116719,754.0,1521.0
118487,445.0,1535.0
118519,700.0,1555.0
120490,679.0,1609.0
120948,613.0,1468.0
120950,494.0,1523.0
121764,408.0,1448.0
121849,498.0,1635.0
122807,500.0,1620.0
122963,484.0,1488.0
122977,419.0,1542.0
123657,528.0,1556.0
123668,577.0,1522.0
124672,475.0,1501.0
128306,441.0,1488.0
129621,564.0,1453.0
129625,536.0,1465.0
129626,718.0,1614.0
129629,544.0,1562.0
133764,521.0,1450.0
133791,530.0,1541.0
133796,501.0,1531.0
138526,637.0,1551.0
139870,442.0,1559.0
139874,407.0,1421.0
140003,661.0,1573.0
141402,562.0,1485.0
147733,461.0,1391.0
148120,895.0,1523.0
148126,474.0,1573.0
149460,488.0,1526.0
153235,492.0,1560.0
154627,618.0,1588.0
157069,383.0,1552.0
157082,542.0,1599.0
163170,768.0,1516.0
163174,608.0,1504.0
163180,605.0,1486.0
163188,464.0,1564.0
163740,381.0,1475.0
165803,354.0,1523.0
165977,445.0,1454.0
166441,518.0,1567.0
166813,405.0,1477.0
167374,762.0,1480.0
168000,415.0,1544.0
169482,411.0,1494.0
169555,379.0,1479.0
171339,912.0,1602.0
171345,573.0,1651.0
171347,1154.0,1646.0
171349,436.0,1431.0
176525,309.0,1446.0
176559,649.0,1609.0
176963,733.0,1536.0
176986,505.0,1476.0
178449,470.0,1580.0
178548,564.0,1616.0
180202,542.0,1588.0
183645,412.0,1483.0
183652,326.0,1501.0
184163,459.0,1552.0
185396,430.0,1498.0
185876,548.0,1550.0
186730,511.0,1532.0
186733,363.0,1360.0
190396,506.0,1518.0
192065,415.0,1433.0
198240,480.0,1415.0
202243,292.0,1392.0
206089,409.0,1486.0
211926,397.0,1522.0
217476,388.0,1547.0
224348,353.0,1531.0
229244,448.0,1406.0
230768,472.0,1550.0
232778,532.0,1451.0
232781,385.0,1470.0
232783,492.0,1540.0
232785,464.0,1515.0
232789,423.0,1402.0
232794,642.0,1496.0
232797,701.0,1492.0
232804,330.0,1509.0
232811,396.0,1451.0
232816,493.0,1543.0
232821,426.0,1494.0
232823,478.0,1564.0
232825,329.0,1524.0
236490,420.0,1545.0
238468,458.0,1592.0
238860,413.0,1500.0
239595,611.0,1540.0
239599,411.0,1456.0
239604,403.0,1456.0
239613,379.0,1464.0
239615,494.0,1524.0
246920,392.0,1498.0
254812,364.0,1476.0
255675,365.0,1457.0
256799,632.0,1583.0
256809,462.0,1587.0
256816,611.0,1680.0
256820,549.0,1617.0
256829,544.0,1612.0
256832,527.0,1603.0
256838,581.0,1542.0
256841,581.0,1631.0
256842,638.0,1699.0
256848,554.0,1618.0
256850,652.0,1532.0
256851,541.0,1561.0
256859,541.0,1494.0
256860,636.0,1611.0
256863,615.0,1556.0
256866,487.0,1519.0
256871,590.0,1570.0
256872,422.0,1470.0
256875,710.0,1618.0
256878,726.0,1606.0
256882,560.0,1615.0
256888,780.0,1558.0
256895,623.0,1665.0
256906,484.0,1574.0
256909,587.0,1623.0
256913,547.0,1623.0
256920,637.0,1628.0
256921,525.0,1514.0
256925,480.0,1630.0
256936,550.0,1613.0
256939,596.0,1645.0
256943,553.0,1553.0
256951,524.0,1652.0
256953,528.0,1581.0
256954,542.0,1617.0
256959,493.0,1546.0
256961,558.0,1642.0
256962,705.0,1577.0
256967,759.0,1583.0
256977,576.0,1612.0
256978,512.0,1585.0
256981,526.0,1661.0
256987,599.0,1696.0
256988,516.0,1558.0
256993,630.0,1591.0
256996,1047.0,1701.0
257000,495.0,1590.0
257001,1021.0,1676.0
257003,585.0,1584.0
257004,526.0,1653.0
257005,546.0,1568.0
257006,597.0,1634.0
257011,491.0,1437.0
257012,650.0,1599.0
257014,439.0,1540.0
257015,624.0,1502.0
257016,608.0,1601.0
257024,502.0,1570.0
257032,618.0,1610.0
257038,469.0,1752.0
257042,483.0,1575.0
257045,554.0,1540.0
257046,506.0,1574.0
257050,519.0,1718.0
257053,541.0,1609.0
257054,717.0,1612.0
257057,907.0,1638.0
257058,546.0,1526.0
257064,515.0,1665.0
257067,992.0,1656.0
257073,731.0,1618.0
257080,624.0,1588.0
257088,644.0,1725.0
257103,692.0,1596.0
257104,594.0,1650.0
257105,768.0,1601.0
257109,622.0,1604.0
257110,673.0,1623.0
257113,706.0,1666.0
257115,624.0,1739.0
257121,943.0,1730.0
257127,549.0,1638.0
257132,613.0,1657.0
257134,628.0,1590.0
257143,1128.0,1695.0
257150,666.0,1610.0
257154,680.0,1661.0
257160,666.0,1636.0
257164,602.0,1574.0
257166,486.0,1563.0
257167,610.0,1605.0
257171,494.0,1484.0
257175,621.0,1660.0
257180,579.0,1594.0
257191,535.0,1612.0
257193,596.0,1620.0
257194,505.0,1566.0
257195,555.0,1562.0
257200,822.0,1548.0
257207,590.0,1679.0
257213,644.0,1525.0
257216,487.0,1522.0
257221,511.0,1675.0
257223,629.0,1644.0
257224,639.0,1619.0
257229,607.0,1612.0
257231,510.0,1619.0
257232,358.0,1492.0
257233,763.0,1690.0
257234,525.0,1577.0
257238,421.0,1608.0
257240,489.0,1627.0
257244,546.0,1578.0
257245,500.0,1554.0
257247,430.0,1551.0
257248,564.0,1608.0
257249,440.0,1626.0
257251,401.0,1534.0
257266,469.0,1634.0
257269,838.0,1651.0
257276,433.0,1618.0
257280,461.0,1594.0
257281,911.0,1584.0
257284,514.0,1590.0
257287,682.0,1737.0
257289,538.0,1584.0
257292,519.0,1593.0
257294,680.0,1604.0
257298,432.0,1587.0
257301,551.0,1618.0
257307,694.0,1595.0
257314,607.0,1640.0
257317,604.0,1638.0
257321,541.0,1555.0
257323,633.0,1575.0
257324,572.0,1589.0
257326,563.0,1590.0
257327,714.0,1524.0
257332,486.0,1692.0
257334,717.0,1715.0
257339,629.0,1695.0
257345,601.0,1583.0
257351,574.0,1543.0
257354,508.0,1605.0
257356,508.0,1560.0
257361,511.0,1563.0
257369,624.0,1613.0
257375,629.0,1645.0
257384,638.0,1562.0
257386,660.0,1625.0
257389,631.0,1516.0
257392,654.0,1662.0
257394,553.0,1601.0
257398,612.0,1589.0
257402,520.0,1663.0
257404,703.0,1631.0
257405,712.0,1521.0
257409,502.0,1601.0
257411,544.0,1504.0
257412,970.0,1649.0
257413,681.0,1637.0
257414,836.0,1594.0
257416,601.0,1691.0
257422,891.0,1608.0
257424,800.0,1656.0
257427,876.0,1624.0
257428,564.0,1657.0
257430,800.0,1623.0
257432,584.0,1522.0
257434,668.0,1618.0
257436,641.0,1709.0
257447,454.0,1545.0
257448,510.0,1535.0
257450,818.0,1648.0
257452,698.0,1616.0
257453,564.0,1595.0
257457,642.0,1614.0
257459,590.0,1521.0
257463,840.0,1632.0
257465,525.0,1600.0
257466,583.0,1523.0
257467,737.0,1610.0
257492,455.0,1521.0
257494,665.0,1645.0
257496,638.0,1565.0
257500,640.0,1719.0
257501,640.0,1598.0
257505,397.0,1433.0
257507,503.0,1543.0
257508,527.0,1537.0
257512,755.0,1623.0
257519,564.0,1612.0
257522,667.0,1626.0
257528,597.0,1650.0
257530,507.0,1512.0
257533,525.0,1550.0
257534,494.0,1668.0
257539,663.0,1621.0
257545,612.0,1630.0
257546,681.0,1578.0
257548,768.0,1631.0
257555,598.0,1637.0
257558,527.0,1630.0
257569,883.0,1514.0
257575,547.0,1594.0
257584,703.0,1593.0
257589,468.0,1573.0
257592,623.0,1639.0
257596,634.0,1577.0
257614,570.0,1587.0
257619,563.0,1641.0
257627,496.0,1620.0
257638,610.0,1617.0
257640,653.0,1591.0
257647,666.0,1594.0
257653,524.0,1541.0
257654,568.0,1655.0
257658,483.0,1524.0
257660,431.0,1583.0
257665,462.0,1563.0
257667,580.0,1612.0
257668,492.0,1621.0
257670,461.0,1674.0
257672,488.0,1595.0
257674,717.0,1580.0
257703,752.0,1605.0
257705,831.0,1632.0
257708,667.0,1566.0
257709,584.0,1625.0
257711,628.0,1567.0
257713,596.0,1620.0
257715,665.0,1704.0
257716,624.0,1650.0
257717,623.0,1588.0
257720,463.0,1634.0
257722,572.0,1560.0
257723,572.0,1543.0
257727,683.0,1546.0
257731,562.0,1620.0
257732,794.0,1632.0
257735,556.0,1561.0
257737,500.0,1569.0
257742,542.0,1573.0
257743,404.0,1509.0
257747,536.0,1546.0
257751,589.0,1598.0
257756,601.0,1613.0
257759,493.0,1567.0
257763,506.0,1549.0
257764,589.0,1670.0
257767,585.0,1647.0
257770,472.0,1544.0
257774,484.0,1572.0
257777,612.0,1634.0
257778,865.0,1593.0
257782,596.0,1642.0
257785,671.0,1689.0
257790,518.0,1518.0
257792,604.0,1763.0
257795,541.0,1582.0
257798,556.0,1633.0
257799,603.0,1628.0
257804,875.0,1723.0
257813,796.0,1599.0
257819,796.0,1603.0
257823,620.0,1565.0
257825,870.0,1653.0
257827,495.0,1549.0
257830,661.0,1655.0
257834,651.0,1594.0
257835,617.0,1577.0
257839,602.0,1692.0
257841,638.0,1598.0
257852,557.0,1575.0
257859,560.0,1556.0
257860,546.0,1746.0
257863,595.0,1614.0
257869,555.0,1558.0
257877,585.0,1556.0
257879,502.0,1532.0
257881,388.0,1313.0
257886,641.0,1660.0
257890,522.0,1632.0
257895,621.0,1712.0
257900,667.0,1730.0
257908,558.0,1636.0
257911,804.0,1575.0
257920,519.0,1630.0
257922,723.0,1570.0
257926,592.0,1639.0
257928,469.0,1570.0
257931,783.0,1710.0
257934,567.0,1570.0
257936,436.0,1545.0
257941,572.0,1600.0
257945,603.0,1675.0
257947,427.0,1551.0
257948,794.0,1606.0
257955,563.0,1484.0
257956,477.0,1483.0
257960,562.0,1693.0
257961,572.0,1601.0
257963,623.0,1611.0
257964,538.0,1601.0
257970,596.0,1743.0
257983,659.0,1652.0
257984,439.0,1554.0
257985,589.0,1599.0
257986,944.0,1645.0
257988,573.0,1565.0
257989,526.0,1580.0
257991,609.0,1609.0
257993,567.0,1586.0
257999,640.0,1532.0
258002,846.0,1690.0
258007,510.0,1544.0
258009,805.0,1629.0
258013,558.0,1600.0
258014,535.0,1515.0
258015,476.0,1577.0
258017,650.0,1556.0
258028,556.0,1697.0
258031,660.0,1656.0
258034,517.0,1521.0
258035,467.0,1603.0
258037,640.0,1589.0
258039,564.0,1490.0
258043,766.0,1653.0
258052,576.0,1663.0
258054,488.0,1551.0
258057,467.0,1562.0
258060,585.0,1683.0
258062,533.0,1552.0
258064,514.0,1503.0
258075,560.0,1634.0
258077,486.0,1677.0
258081,521.0,1536.0
258087,621.0,1645.0
258088,581.0,1650.0
258089,781.0,1585.0
258091,821.0,1647.0
258093,620.0,1597.0
258103,602.0,1460.0
258110,485.0,1610.0
258111,471.0,1567.0
258115,886.0,1716.0
258121,622.0,1613.0
258123,480.0,1547.0
258129,577.0,1620.0
258131,570.0,1580.0
258137,550.0,1542.0
258139,571.0,1686.0
258141,427.0,1469.0
258157,843.0,1615.0
258158,870.0,1552.0
258161,563.0,1678.0
258162,686.0,1614.0
258163,740.0,1569.0
258168,632.0,1698.0
258175,536.0,1622.0
258176,445.0,1501.0
258179,436.0,1536.0
258181,517.0,1617.0
258182,539.0,1608.0
258183,696.0,1674.0
258188,530.0,1575.0
258194,745.0,1506.0
258196,789.0,1648.0
258203,1138.0,1649.0
258207,772.0,1615.0
258210,601.0,1570.0
258212,1079.0,1624.0
258216,1012.0,1570.0
258226,555.0,1642.0
258231,624.0,1597.0
258233,551.0,1570.0
258234,735.0,1691.0
258237,521.0,1541.0
258238,852.0,1595.0
258253,639.0,1570.0
258259,482.0,1582.0
258260,596.0,1660.0
258263,522.0,1633.0
258267,632.0,1661.0
258270,686.0,1649.0
258277,600.0,1581.0
258281,679.0,1535.0
258286,419.0,1592.0
258289,524.0,1602.0
258291,555.0,1582.0
258294,555.0,1575.0
258297,550.0,1612.0
258298,551.0,1625.0
258302,684.0,1625.0
258304,488.0,1569.0
258306,542.0,1633.0
258310,623.0,1622.0
258313,501.0,1580.0
258318,524.0,1581.0
258320,970.0,1662.0
258324,431.0,1542.0
258330,1020.0,1550.0
258334,552.0,1550.0
258337,540.0,1526.0
258340,658.0,1640.0
258341,591.0,1579.0
258347,673.0,1611.0
258350,480.0,1582.0
258351,631.0,1630.0
258353,650.0,1598.0
258355,804.0,1551.0
258362,598.0,1502.0
258363,705.0,1578.0
258367,625.0,1645.0
258369,708.0,1674.0
258372,739.0,1597.0
258376,587.0,1545.0
258379,835.0,1566.0
258386,689.0,1658.0
258391,640.0,1582.0
258400,580.0,1570.0
258403,1131.0,1704.0
258409,609.0,1561.0
258410,544.0,1551.0
258411,720.0,1590.0
258414,692.0,1611.0
258417,530.0,1505.0
258419,746.0,1692.0
258422,687.0,1649.0
258443,527.0,1583.0
258448,566.0,1644.0
258450,572.0,1654.0
258457,506.0,1591.0
258460,636.0,1664.0
258461,485.0,1625.0
258464,515.0,1636.0
258466,575.0,1699.0
258474,542.0,1565.0
258476,540.0,1592.0
258477,515.0,1720.0
258480,594.0,1568.0
258486,583.0,1596.0
258487,736.0,1672.0
258488,533.0,1571.0
258490,508.0,1589.0
258493,699.0,1591.0
258494,523.0,1586.0
258497,720.0,1605.0
258499,587.0,1621.0
258500,459.0,1559.0
258502,898.0,1655.0
258505,657.0,1632.0
258508,750.0,1612.0
258514,561.0,1585.0
258518,501.0,1560.0
258523,568.0,1683.0
258524,557.0,1615.0
258525,642.0,1701.0
258526,692.0,1561.0
258530,604.0,1685.0
258533,600.0,1454.0
258536,560.0,1570.0
258538,560.0,1617.0
258546,567.0,1659.0
258550,712.0,1682.0
258558,657.0,1692.0
258560,612.0,1569.0
258563,492.0,1512.0
258565,469.0,1582.0
258566,492.0,1521.0
258575,592.0,1770.0
258578,547.0,1668.0
258581,599.0,1592.0
258584,496.0,1533.0
258587,636.0,1641.0
258592,608.0,1657.0
258598,520.0,1526.0
258604,603.0,1636.0
258608,533.0,1584.0
258614,544.0,1542.0
258620,465.0,1534.0
258622,548.0,1551.0
258629,774.0,1671.0
258632,562.0,1587.0
258640,598.0,1577.0
258643,614.0,1620.0
258648,528.0,1623.0
258651,445.0,1501.0
258663,830.0,1570.0
258665,720.0,1620.0
258671,600.0,1550.0
258672,480.0,1530.0
258674,695.0,1620.0
258676,573.0,1655.0
258681,586.0,1632.0
258682,517.0,1620.0
258683,764.0,1590.0
258691,532.0,1672.0
258696,743.0,1560.0
258699,732.0,1643.0
258703,628.0,1550.0
258709,518.0,1551.0
258710,457.0,1598.0
258711,590.0,1755.0
258716,793.0,1560.0
258718,608.0,1583.0
258719,757.0,1611.0
258727,566.0,1550.0
258729,581.0,1581.0
258731,601.0,1584.0
258732,519.0,1659.0
258736,600.0,1610.0
258743,672.0,1679.0
258750,548.0,1560.0
258753,680.0,1658.0
258755,607.0,1611.0
258757,755.0,1651.0
258765,601.0,1533.0
258766,544.0,1582.0
258768,957.0,1540.0
258772,520.0,1547.0
258774,753.0,1649.0
258780,579.0,1508.0
258786,602.0,1546.0
258791,531.0,1655.0
258793,568.0,1611.0
258796,482.0,1528.0
258799,574.0,1604.0
258809,851.0,1738.0
258811,964.0,1690.0
258814,600.0,1664.0
258816,796.0,1502.0
258818,584.0,1658.0
258820,831.0,1631.0
258822,630.0,1520.0
258824,655.0,1593.0
258827,713.0,1663.0
258828,936.0,1564.0
258836,730.0,1603.0
258844,506.0,1450.0
258848,610.0,1605.0
258851,559.0,1598.0
258853,478.0,1564.0
258856,483.0,1566.0
258860,570.0,1495.0
258868,533.0,1561.0
258872,527.0,1586.0
258876,467.0,1518.0
258884,709.0,1633.0
258891,553.0,1600.0
258893,511.0,1599.0
258896,506.0,1593.0
258898,478.0,1486.0
258899,618.0,1572.0
258901,437.0,1570.0
258902,598.0,1626.0
258904,625.0,1688.0
258911,475.0,1515.0
258912,626.0,1624.0
258915,648.0,1556.0
258917,588.0,1440.0
258918,588.0,1625.0
258922,546.0,1620.0
258925,513.0,1619.0
258946,544.0,1529.0
258950,462.0,1545.0
258951,812.0,1561.0
258954,729.0,1690.0
258955,751.0,1672.0
258969,584.0,1640.0
258970,559.0,1479.0
258973,607.0,1655.0
258976,560.0,1577.0
258980,617.0,1693.0
258982,688.0,1683.0
258986,586.0,1600.0
258988,471.0,1564.0
258991,579.0,1642.0
259005,723.0,1697.0
259009,679.0,1564.0
259013,586.0,1621.0
259020,916.0,1570.0
259024,723.0,1570.0
259026,692.0,1528.0
259031,879.0,1650.0
259032,451.0,1551.0
259036,689.0,1500.0
259038,894.0,1630.0
259046,571.0,1640.0
259047,616.0,1591.0
259051,650.0,1625.0
259054,600.0,1573.0
259063,781.0,1794.0
259068,577.0,1603.0
259072,633.0,1711.0
259076,531.0,1542.0
259079,556.0,1560.0
259083,608.0,1595.0
259095,477.0,1567.0
259101,536.0,1605.0
259104,559.0,1588.0
259107,642.0,1572.0
259110,706.0,1526.0
259111,633.0,1568.0
259115,833.0,1689.0
259116,752.0,1589.0
259118,737.0,1558.0
259120,560.0,1513.0
259121,693.0,1659.0
259125,588.0,1571.0
259127,976.0,1632.0
259131,608.0,1598.0
259139,596.0,1721.0
259144,572.0,1536.0
259145,537.0,1556.0
259153,532.0,1460.0
259167,459.0,1535.0
259171,584.0,1629.0
259173,505.0,1568.0
259179,591.0,1681.0
259185,593.0,1620.0
259192,590.0,1592.0
259193,523.0,1546.0
259194,507.0,1663.0
259195,517.0,1517.0
259198,556.0,1530.0
259199,652.0,1682.0
259207,497.0,1683.0
259209,639.0,1691.0
259211,522.0,1611.0
259218,616.0,1634.0
259221,532.0,1586.0
259225,549.0,1551.0
259227,593.0,1593.0
259231,657.0,1621.0
259234,822.0,1678.0
259236,706.0,1587.0
259239,462.0,1578.0
259241,624.0,1477.0
259244,652.0,1568.0
259245,540.0,1648.0
259246,712.0,1623.0
259248,895.0,1680.0
259251,653.0,1667.0
259253,593.0,1536.0
259258,737.0,1510.0
259261,554.0,1610.0
259264,784.0,1603.0
259269,468.0,1495.0
259272,457.0,1628.0
259273,586.0,1605.0
259276,937.0,1616.0
259278,619.0,1557.0
259285,713.0,1625.0
259290,637.0,1596.0
259291,672.0,1657.0
259294,534.0,1615.0
259302,466.0,1610.0
259303,636.0,1519.0
259305,564.0,1659.0
259308,603.0,1624.0
259310,523.0,1513.0
259312,477.0,1668.0
259316,653.0,1545.0
259319,510.0,1616.0
259323,542.0,1575.0
259329,596.0,1645.0
259330,619.0,1613.0
259332,520.0,1640.0
259336,505.0,1521.0
259338,626.0,1679.0
259340,615.0,1546.0
259341,558.0,1568.0
259345,582.0,1652.0
259346,482.0,1595.0
259347,898.0,1661.0
259349,640.0,1610.0
259352,599.0,1623.0
259354,589.0,1560.0
259358,547.0,1554.0
259366,760.0,1605.0
259371,401.0,1563.0
259372,518.0,1507.0
259376,468.0,1532.0
259378,561.0,1560.0
259379,457.0,1690.0
259387,664.0,1610.0
259388,586.0,1611.0
259391,525.0,1582.0
259395,494.0,1543.0
259396,537.0,1592.0
259401,563.0,1521.0
259402,560.0,1692.0
259417,615.0,1649.0
259421,555.0,1565.0
259422,684.0,1603.0
259424,609.0,1537.0
259426,435.0,1549.0
259429,626.0,1680.0
259434,600.0,1627.0
259440,515.0,1646.0
259450,606.0,1617.0
259458,492.0,1587.0
259460,600.0,1688.0
259463,681.0,1600.0
259465,685.0,1653.0
259481,680.0,1662.0
259484,436.0,1554.0
259487,805.0,1720.0
259491,533.0,1613.0
259492,517.0,1640.0
259495,523.0,1682.0
259496,514.0,1540.0
259497,679.0,1577.0
259499,710.0,1558.0
259505,651.0,1625.0
259506,626.0,1628.0
259512,511.0,1622.0
259522,446.0,1514.0
259523,556.0,1646.0
259528,695.0,1655.0
259533,593.0,1671.0
259534,432.0,1495.0
259536,710.0,1636.0
259537,600.0,1595.0
259541,475.0,1550.0
259544,665.0,1745.0
259547,544.0,1663.0
259551,579.0,1580.0
259553,538.0,1634.0
259555,628.0,1557.0
259558,492.0,1532.0
259566,555.0,1639.0
259567,600.0,1610.0
259568,513.0,1510.0
259572,496.0,1551.0
259575,589.0,1656.0
259580,504.0,1632.0
259583,486.0,1603.0
259584,521.0,1592.0
259587,904.0,1701.0
259591,679.0,1695.0
259596,659.0,1634.0
259606,543.0,1554.0
259609,545.0,1516.0
259611,675.0,1581.0
259613,660.0,1681.0
259616,521.0,1557.0
259618,569.0,1550.0
259623,489.0,1574.0
259625,691.0,1706.0
259627,690.0,1600.0
259638,721.0,1541.0
259641,742.0,1625.0
259649,496.0,1529.0
259650,523.0,1675.0
259652,523.0,1586.0
259656,522.0,1571.0
259659,687.0,1554.0
259665,590.0,1641.0
259668,532.0,1501.0
259669,621.0,1670.0
259671,840.0,1660.0
259679,516.0,1635.0
259680,538.0,1603.0
259681,614.0,1598.0
259686,905.0,1495.0
259687,563.0,1602.0
259690,838.0,1665.0
259693,586.0,1645.0
259700,640.0,1729.0
259704,386.0,1489.0
259708,577.0,1551.0
259712,855.0,1592.0
259727,400.0,1553.0
259728,477.0,1518.0
259735,476.0,1536.0
259746,505.0,1695.0
259749,378.0,1480.0
259758,607.0,1603.0
259763,552.0,1615.0
259766,619.0,1645.0
259767,550.0,1533.0
259768,773.0,1574.0
259776,559.0,1653.0
259777,533.0,1594.0
259779,589.0,1573.0
259780,530.0,1592.0
259783,543.0,1499.0
259786,664.0,1720.0
259788,584.0,1553.0
259792,692.0,1668.0
259796,725.0,1562.0
259797,646.0,1633.0
259800,655.0,1665.0
259801,781.0,1694.0
259802,693.0,1587.0
259803,590.0,1621.0
259809,570.0,1700.0
259810,634.0,1634.0
259813,475.0,1553.0
259814,824.0,1504.0
259823,525.0,1535.0
259831,619.0,1595.0
259832,420.0,1600.0
259835,546.0,1617.0
259836,616.0,1536.0
259838,668.0,1589.0
259843,556.0,1549.0
259846,662.0,1740.0
259850,498.0,1524.0
259853,727.0,1606.0
259868,567.0,1554.0
259872,614.0,1532.0
259881,551.0,1544.0
259882,475.0,1553.0
259902,597.0,1595.0
259903,520.0,1620.0
259905,429.0,1578.0
259906,817.0,1605.0
259912,605.0,1612.0
259915,716.0,1693.0
259916,672.0,1551.0
259920,495.0,1558.0
259921,553.0,1560.0
259928,615.0,1581.0
259929,474.0,1581.0
259933,716.0,1655.0
259938,659.0,1660.0
259940,693.0,1549.0
259944,570.0,1622.0
259950,565.0,1565.0
259951,554.0,1666.0
259954,421.0,1566.0
259956,598.0,1557.0
259961,544.0,1550.0
259965,651.0,1712.0
259968,464.0,1417.0
259973,463.0,1571.0
259980,637.0,1600.0
259981,541.0,1510.0
259987,645.0,1572.0
259989,600.0,1552.0
259994,504.0,1586.0
259999,488.0,1535.0
260002,643.0,1670.0
260006,524.0,1518.0
260018,556.0,1537.0
260022,547.0,1531.0
260024,549.0,1609.0
260032,808.0,1578.0
260035,666.0,1630.0
260039,738.0,1627.0
260044,536.0,1610.0
260045,551.0,1545.0
260049,669.0,1518.0
260054,655.0,1540.0
260058,822.0,1696.0
260061,504.0,1611.0
260066,583.0,1707.0
260070,549.0,1575.0
260073,610.0,1557.0
260074,642.0,1585.0
260079,635.0,1651.0
260089,581.0,1568.0
260092,502.0,1538.0
260096,581.0,1525.0
260098,485.0,1553.0
260099,664.0,1604.0
260101,627.0,1508.0
260105,719.0,1588.0
260111,919.0,1691.0
260112,561.0,1493.0
260115,1011.0,1663.0
260120,677.0,1597.0
260122,805.0,1665.0
260124,1107.0,1719.0
260127,536.0,1633.0
260128,749.0,1632.0
260130,775.0,1654.0
260137,721.0,1603.0
260145,551.0,1693.0
260149,649.0,1521.0
260151,573.0,1590.0
260157,617.0,1615.0
260167,575.0,1544.0
260169,652.0,1685.0
260173,783.0,1762.0
260178,628.0,1640.0
260189,504.0,1647.0
260191,510.0,1550.0
260194,610.0,1570.0
260201,468.0,1549.0
260209,529.0,1554.0
260211,601.0,1575.0
260214,603.0,1601.0
260218,490.0,1555.0
260226,534.0,1558.0
260229,516.0,1542.0
260231,607.0,1508.0
260232,552.0,1557.0
260234,586.0,1646.0
260237,659.0,1628.0
260238,605.0,1601.0
260241,654.0,1617.0
260242,795.0,1716.0
260245,808.0,1575.0
260247,682.0,1593.0
260249,613.0,1570.0
260251,614.0,1682.0
260254,580.0,1731.0
260256,567.0,1742.0
260258,719.0,1718.0
260268,862.0,1726.0
260275,683.0,1630.0
260276,499.0,1620.0
260277,618.0,1545.0
260281,651.0,1649.0
260282,561.0,1656.0
260288,488.0,1491.0
260291,492.0,1531.0
260296,417.0,1636.0
260301,401.0,1512.0
260302,399.0,1509.0
260303,675.0,1639.0
260308,476.0,1569.0
260312,560.0,1547.0
260335,627.0,1536.0
260344,698.0,1650.0
260349,654.0,1693.0
260350,497.0,1543.0
260354,734.0,1604.0
260363,520.0,1667.0
260368,486.0,1673.0
260371,598.0,1660.0
260377,649.0,1665.0
260380,807.0,1535.0
260382,769.0,1691.0
260385,614.0,1626.0
260394,452.0,1595.0
260402,573.0,1605.0
260403,524.0,1676.0
260443,910.0,1572.0
260453,627.0,1521.0
260458,616.0,1611.0
260459,647.0,1591.0
260462,524.0,1674.0
260463,613.0,1661.0
260465,583.0,1614.0
260466,439.0,1575.0
260474,431.0,1553.0
260477,575.0,1620.0
260480,509.0,1563.0
260483,630.0,1518.0
260486,689.0,1564.0
260488,502.0,1602.0
260491,649.0,1493.0
260497,430.0,1572.0
260498,717.0,1613.0
260500,747.0,1579.0
260506,645.0,1667.0
260513,476.0,1621.0
260517,555.0,1545.0
260519,879.0,1595.0
260522,385.0,1565.0
260529,624.0,1627.0
260531,471.0,1532.0
260532,601.0,1624.0
260536,510.0,1640.0
260539,610.0,1612.0
260540,434.0,1628.0
260546,440.0,1611.0
260548,526.0,1580.0
260549,524.0,1695.0
260551,564.0,1582.0
260553,600.0,1634.0
260556,762.0,1614.0
260563,515.0,1563.0
260567,690.0,1599.0
260570,580.0,1582.0
260571,602.0,1607.0
260572,670.0,1658.0
260573,761.0,1602.0
260577,566.0,1616.0
260578,987.0,1600.0
260579,700.0,1653.0
260584,483.0,1594.0
260585,465.0,1563.0
260586,495.0,1577.0
260587,610.0,1605.0
260595,850.0,1701.0
260602,458.0,1533.0
260605,584.0,1585.0
260609,723.0,1631.0
260616,502.0,1471.0
260619,647.0,1574.0
260631,481.0,1562.0
260632,631.0,1653.0
260643,655.0,1501.0
260648,721.0,1528.0
260651,831.0,1657.0
260654,455.0,1586.0
260656,515.0,1535.0
260657,728.0,1693.0
260659,451.0,1592.0
260660,595.0,1641.0
260663,776.0,1628.0
260667,841.0,1565.0
260670,562.0,1590.0
260671,565.0,1551.0
260672,613.0,1753.0
260673,698.0,1698.0
260676,602.0,1581.0
260677,768.0,1592.0
260682,478.0,1589.0
260685,612.0,1571.0
260687,555.0,1572.0
260688,833.0,1615.0
260691,554.0,1568.0
260696,655.0,1626.0
260710,553.0,1467.0
260718,588.0,1607.0
260720,531.0,1525.0
260723,456.0,1629.0
260727,462.0,1539.0
260729,507.0,1611.0
260731,857.0,1672.0
260735,529.0,1520.0
260736,701.0,1597.0
260739,526.0,1597.0
260741,721.0,1697.0
260761,688.0,1701.0
260765,592.0,1691.0
260766,713.0,1730.0
260770,800.0,1660.0
260776,643.0,1563.0
260780,575.0,1695.0
260781,487.0,1530.0
260785,580.0,1664.0
260792,554.0,1523.0
260797,707.0,1686.0
260804,502.0,1534.0
260810,552.0,1572.0
260811,478.0,1483.0
260816,588.0,1545.0
260821,478.0,1502.0
260822,588.0,1620.0
260828,500.0,1610.0
260831,772.0,1598.0
260848,469.0,1532.0
260849,437.0,1552.0
260852,592.0,1569.0
260853,559.0,1537.0
260855,683.0,1700.0
260858,538.0,1580.0
260861,663.0,1631.0
260863,685.0,1714.0
260864,644.0,1721.0
260867,695.0,1576.0
260873,540.0,1590.0
260878,948.0,1617.0
260883,463.0,1672.0
260886,542.0,1693.0
260889,660.0,1606.0
260891,704.0,1600.0
260896,620.0,1689.0
260900,623.0,1701.0
260902,783.0,1535.0
260908,670.0,1580.0
260911,481.0,1602.0
260916,575.0,1570.0
260917,559.0,1594.0
260920,581.0,1590.0
260922,517.0,1570.0
260925,517.0,1574.0
260928,616.0,1683.0
260929,594.0,1588.0
260930,420.0,1500.0
260932,546.0,1510.0
260940,559.0,1584.0
260941,539.0,1561.0
260945,467.0,1532.0
260952,843.0,1581.0
260957,604.0,1635.0
260960,569.0,1531.0
260962,611.0,1600.0
260969,511.0,1674.0
260975,870.0,1634.0
260979,588.0,1610.0
260981,598.0,1510.0
260992,508.0,1589.0
260995,1030.0,1680.0
261001,640.0,1534.0
261002,633.0,1597.0
261003,559.0,1591.0
261006,543.0,1612.0
261009,571.0,1602.0
261011,523.0,1583.0
261014,758.0,1650.0
261015,595.0,1603.0
261020,708.0,1618.0
261025,626.0,1682.0
261028,565.0,1582.0
261029,552.0,1473.0
261033,663.0,1458.0
261035,573.0,1553.0
261039,690.0,1534.0
261041,668.0,1554.0
261049,604.0,1578.0
261056,512.0,1650.0
261057,664.0,1548.0
261062,475.0,1485.0
261064,645.0,1549.0
261074,508.0,1514.0
261078,514.0,1602.0
261080,587.0,1647.0
261082,591.0,1578.0
261089,520.0,1500.0
261090,552.0,1573.0
261096,590.0,1624.0
261099,536.0,1515.0
261103,664.0,1648.0
261108,519.0,1533.0
261112,598.0,1759.0
261118,719.0,1505.0
261124,988.0,1748.0
261125,538.0,1533.0
261130,583.0,1669.0
261135,492.0,1526.0
261137,504.0,1598.0
261138,629.0,1552.0
261142,484.0,1574.0
261145,704.0,1558.0
261150,620.0,1643.0
261157,478.0,1544.0
261160,480.0,1581.0
261167,504.0,1591.0
261169,679.0,1717.0
261170,477.0,1503.0
261173,567.0,1628.0
261176,712.0,1658.0
261214,637.0,1612.0
261217,720.0,1605.0
261219,792.0,1581.0
261228,507.0,1512.0
261231,420.0,1506.0
261237,589.0,1598.0
261259,514.0,1556.0
261267,462.0,1504.0
261271,644.0,1635.0
261274,466.0,1595.0
261279,745.0,1662.0
261285,630.0,1565.0
261290,527.0,1565.0
261291,466.0,1531.0
261292,534.0,1564.0
261294,709.0,1670.0
261301,596.0,1620.0
261307,791.0,1584.0
261308,701.0,1682.0
261317,569.0,1607.0
261318,668.0,1592.0
261321,544.0,1700.0
261323,528.0,1591.0
261328,604.0,1604.0
261330,610.0,1608.0
261338,602.0,1553.0
261341,582.0,1601.0
261343,909.0,1593.0
261344,494.0,1654.0
261351,546.0,1550.0
261352,801.0,1673.0
261355,716.0,1588.0
261356,653.0,1570.0
261361,792.0,1590.0
261362,653.0,1652.0
261364,785.0,1536.0
261366,571.0,1534.0
261377,612.0,1666.0
261385,542.0,1641.0
261387,567.0,1596.0
261391,523.0,1593.0
261396,535.0,1500.0
261399,694.0,1547.0
261400,506.0,1550.0
261401,598.0,1613.0
261405,520.0,1405.0
261407,623.0,1491.0
261409,713.0,1596.0
261413,474.0,1570.0
261414,601.0,1582.0
261418,555.0,1610.0
261421,602.0,1701.0
261423,552.0,1663.0
261424,508.0,1628.0
261430,572.0,1580.0
261435,640.0,1667.0
261442,738.0,1642.0
261446,500.0,1581.0
261452,491.0,1553.0
261453,581.0,1600.0
261455,734.0,1642.0
261464,611.0,1582.0
261476,535.0,1634.0
261477,604.0,1563.0
261481,640.0,1715.0
261483,900.0,1712.0
261497,678.0,1643.0
261504,572.0,1634.0
261505,758.0,1710.0
261507,712.0,1621.0
261521,616.0,1623.0
261523,732.0,1552.0
261524,474.0,1592.0
261528,541.0,1572.0
261529,951.0,1642.0
261531,574.0,1589.0
261535,578.0,1623.0
261541,547.0,1573.0
261551,746.0,1587.0
261554,685.0,1565.0
261557,609.0,1701.0
261558,534.0,1687.0
261563,590.0,1689.0
261565,864.0,1697.0
261570,638.0,1621.0
261572,705.0,1582.0
261575,699.0,1620.0
261577,590.0,1622.0
261579,961.0,1749.0
261590,616.0,1619.0
261595,553.0,1593.0
261618,927.0,1662.0
261623,630.0,1702.0
261629,593.0,1610.0
261636,880.0,1650.0
261643,793.0,1683.0
261647,725.0,1582.0
261654,909.0,1646.0
261657,755.0,1670.0
261658,532.0,1728.0
261659,466.0,1621.0
261661,727.0,1554.0
261664,551.0,1634.0
261667,818.0,1585.0
261670,574.0,1633.0
261672,890.0,1689.0
261676,758.0,1656.0
261690,601.0,1596.0
261694,604.0,1624.0
261699,557.0,1652.0
261701,597.0,1592.0
261705,634.0,1655.0
261709,511.0,1631.0
261712,466.0,1610.0
261717,603.0,1587.0
261726,513.0,1630.0
261728,480.0,1536.0
261734,491.0,1522.0
261746,541.0,1633.0
261751,785.0,1663.0
261755,466.0,1640.0
261757,747.0,1604.0
261766,601.0,1563.0
261767,590.0,1795.0
261773,685.0,1620.0
261777,615.0,1615.0
261780,601.0,1675.0
261790,482.0,1670.0
261807,555.0,1587.0
261809,668.0,1565.0
261813,529.0,1585.0
261814,451.0,1551.0
261817,599.0,1615.0
261823,610.0,1608.0
261827,697.0,1562.0
261873,519.0,1531.0
261882,598.0,1604.0
261888,524.0,1545.0
261889,524.0,1545.0
261890,690.0,1589.0
261894,582.0,1570.0
261901,520.0,1500.0
261913,616.0,1560.0
261914,642.0,1592.0
261920,660.0,1680.0
261929,538.0,1612.0
261942,493.0,1614.0
261955,549.0,1593.0
261956,536.0,1581.0
261958,470.0,1570.0
261961,478.0,1636.0
261969,487.0,1512.0
261973,651.0,1604.0
261977,361.0,1498.0
261978,500.0,1595.0
261983,539.0,1615.0
261988,397.0,1591.0
261993,529.0,1676.0
261995,422.0,1543.0
261999,636.0,1704.0
262014,590.0,1620.0
262015,637.0,1578.0
262021,734.0,1671.0
262029,519.0,1643.0
262036,606.0,1616.0
262040,484.0,1623.0
262043,544.0,1560.0
262048,655.0,1623.0
262050,543.0,1609.0
262051,590.0,1658.0
262055,566.0,1622.0
262056,703.0,1658.0
262063,632.0,1532.0
262065,501.0,1588.0
262069,560.0,1583.0
262071,690.0,1610.0
262078,535.0,1510.0
262081,538.0,1702.0
262085,607.0,1567.0
262087,480.0,1535.0
262109,550.0,1553.0
262111,468.0,1548.0
262112,599.0,1552.0
262113,666.0,1627.0
262132,559.0,1570.0
262137,607.0,1559.0
262140,425.0,1656.0
262141,607.0,1559.0
262145,640.0,1611.0
262150,706.0,1657.0
262154,436.0,1490.0
262158,623.0,1541.0
262171,729.0,1628.0
262174,669.0,1593.0
262177,768.0,1672.0
262181,587.0,1769.0
262187,697.0,1694.0
262194,663.0,1504.0
262197,491.0,1495.0
262198,663.0,1640.0
262203,577.0,1612.0
262205,632.0,1565.0
262211,882.0,1651.0
262226,609.0,1550.0
262227,765.0,1676.0
262234,619.0,1642.0
262236,805.0,1678.0
262250,536.0,1630.0
262253,416.0,1503.0
262255,704.0,1508.0
262258,533.0,1641.0
262260,603.0,1600.0
262262,756.0,1625.0
262265,575.0,1600.0
262273,617.0,1690.0
262276,550.0,1600.0
262281,640.0,1530.0
262285,703.0,1574.0
262290,496.0,1590.0
262314,409.0,1527.0
262315,628.0,1635.0
262316,631.0,1565.0
262320,715.0,1752.0
262323,492.0,1586.0
262326,638.0,1431.0
262334,501.0,1530.0
262335,872.0,1655.0
262342,456.0,1556.0
262346,437.0,1560.0
262348,515.0,1605.0
262349,633.0,1684.0
262351,532.0,1644.0
262353,632.0,1663.0
262369,667.0,1550.0
262373,680.0,1601.0
262376,472.0,1512.0
262385,689.0,1580.0
262394,615.0,1540.0
262395,566.0,1600.0
262399,590.0,1646.0
262401,505.0,1616.0
262403,555.0,1627.0
262404,587.0,1597.0
262406,568.0,1587.0
262418,558.0,1633.0
262419,545.0,1639.0
262420,653.0,1530.0
262423,636.0,1750.0
262425,512.0,1600.0
262426,692.0,1651.0
262429,498.0,1600.0
262430,493.0,1680.0
262431,622.0,1561.0
262433,589.0,1566.0
262434,949.0,1591.0
262438,742.0,1638.0
262443,677.0,1692.0
262445,759.0,1630.0
262478,606.0,1763.0
262482,473.0,1545.0
262484,504.0,1661.0
262485,507.0,1659.0
262487,570.0,1714.0
262493,778.0,1601.0
262504,574.0,1629.0
262505,475.0,1496.0
262509,625.0,1632.0
262513,467.0,1596.0
262515,590.0,1349.0
262524,508.0,1570.0
262535,672.0,1725.0
262545,531.0,1621.0
262556,600.0,1702.0
262558,676.0,1639.0
262564,682.0,1705.0
262565,850.0,1568.0
262570,611.0,1573.0
262571,728.0,1606.0
262572,922.0,1682.0
262581,794.0,1600.0
262584,521.0,1522.0
262589,605.0,1581.0
262591,597.0,1627.0
262593,600.0,1521.0
262621,750.0,1650.0
262627,582.0,1619.0
262629,511.0,1588.0
262630,475.0,1593.0
262632,608.0,1605.0
262635,596.0,1625.0
262639,791.0,1580.0
262642,677.0,1692.0
262644,648.0,1587.0
262649,622.0,1652.0
262650,479.0,1568.0
262652,1020.0,1649.0
262656,848.0,1673.0
262659,606.0,1546.0
262669,593.0,1556.0
262673,582.0,1633.0
262676,487.0,1525.0
262681,497.0,1597.0
262711,509.0,1597.0
262712,511.0,1559.0
262715,810.0,1639.0
262720,574.0,1584.0
262725,564.0,1648.0
262726,552.0,1556.0
262733,526.0,1605.0
262736,685.0,1575.0
262748,604.0,1685.0
262749,638.0,1665.0
262750,581.0,1650.0
262753,616.0,1749.0
262754,483.0,1543.0
262759,512.0,1571.0
262764,695.0,1633.0
262768,675.0,1615.0
262773,619.0,1593.0
262778,585.0,1504.0
262787,654.0,1672.0
262791,399.0,1456.0
262803,852.0,1663.0
262805,554.0,1591.0
262810,613.0,1550.0
262814,655.0,1595.0
262815,604.0,1603.0
262824,576.0,1699.0
262825,608.0,1625.0
262831,503.0,1561.0
262834,568.0,1590.0
262835,786.0,1630.0
262837,569.0,1538.0
262842,739.0,1704.0
262851,470.0,1536.0
262862,571.0,1472.0
262864,628.0,1622.0
262871,547.0,1523.0
262872,574.0,1544.0
262875,515.0,1553.0
262876,496.0,1560.0
262881,486.0,1626.0
262882,538.0,1603.0
262886,445.0,1521.0
262888,556.0,1617.0
262892,437.0,1629.0
262893,505.0,1603.0
262894,574.0,1520.0
262895,499.0,1426.0
262899,494.0,1612.0
262901,529.0,1575.0
262902,538.0,1661.0
262904,494.0,1584.0
262905,576.0,1645.0
262912,576.0,1581.0
262913,544.0,1706.0
262915,470.0,1585.0
262919,550.0,1649.0
262921,489.0,1534.0
262923,532.0,1502.0
262926,617.0,1642.0
262935,541.0,1625.0
262940,612.0,1495.0
262943,734.0,1623.0
262946,522.0,1520.0
262948,508.0,1535.0
262951,856.0,1703.0
262958,571.0,1622.0
262959,728.0,1617.0
262964,491.0,1606.0
262971,521.0,1628.0
262974,409.0,1491.0
262979,512.0,1631.0
262991,565.0,1593.0
262992,683.0,1634.0
262994,553.0,1576.0
263000,564.0,1656.0
263002,491.0,1551.0
263005,529.0,1524.0
263007,591.0,1673.0
263010,387.0,1531.0
263018,490.0,1534.0
263028,416.0,1515.0
263033,492.0,1640.0
263037,521.0,1635.0
263048,653.0,1612.0
263052,568.0,1580.0
263053,454.0,1570.0
263054,488.0,1582.0
263055,491.0,1584.0
263057,629.0,1655.0
263059,580.0,1620.0
263070,529.0,1573.0
263072,514.0,1586.0
263074,702.0,1651.0
263075,425.0,1580.0
263079,402.0,1548.0
263080,599.0,1621.0
263085,546.0,1490.0
263089,666.0,1635.0
263092,875.0,1670.0
263096,755.0,1575.0
263099,579.0,1566.0
263103,595.0,1622.0
263109,704.0,1645.0
263112,568.0,1593.0
263116,583.0,1589.0
263123,502.0,1571.0
263132,531.0,1536.0
263137,729.0,1595.0
263145,630.0,1720.0
263149,747.0,1650.0
263152,579.0,1670.0
263163,529.0,1632.0
263166,621.0,1588.0
263176,621.0,1604.0
263177,492.0,1546.0
263178,562.0,1382.0
263183,624.0,1634.0
263193,499.0,1554.0
263194,469.0,1559.0
263201,528.0,1626.0
263203,505.0,1623.0
263204,625.0,1585.0
263206,454.0,1442.0
263212,621.0,1568.0
263219,557.0,1665.0
263220,543.0,1654.0
263226,435.0,1512.0
263227,725.0,1527.0
263231,598.0,1659.0
263237,614.0,1624.0
263238,709.0,1540.0
263242,663.0,1647.0
263247,656.0,1699.0
263252,551.0,1593.0
263266,592.0,1562.0
263276,462.0,1547.0
263278,565.0,1580.0
263279,573.0,1632.0
263283,593.0,1665.0
263284,511.0,1604.0
263288,653.0,1619.0
263290,854.0,1516.0
263307,1096.0,1601.0
263318,457.0,1523.0
263319,946.0,1624.0
263323,696.0,1650.0
263325,640.0,1591.0
263329,638.0,1603.0
263335,584.0,1520.0
263337,791.0,1552.0
263347,562.0,1574.0
263355,703.0,1642.0
263356,549.0,1685.0
263358,723.0,1674.0
263359,517.0,1644.0
263360,929.0,1640.0
263362,607.0,1728.0
263366,623.0,1645.0
263368,754.0,1684.0
263371,495.0,1568.0
263373,542.0,1506.0
263376,635.0,1617.0
263380,556.0,1589.0
263381,641.0,1627.0
263385,509.0,1553.0
263388,605.0,1702.0
263391,523.0,1549.0
263393,496.0,1617.0
263394,717.0,1664.0
263398,664.0,1535.0
263399,462.0,1601.0
263401,489.0,1579.0
263404,608.0,1621.0
263405,566.0,1619.0
263408,600.0,1558.0
263410,516.0,1514.0
263411,599.0,1692.0
263420,718.0,1651.0
263422,567.0,1600.0
263426,452.0,1490.0
263427,633.0,1570.0
263447,869.0,1713.0
263449,785.0,1575.0
263453,504.0,1549.0
263454,632.0,1593.0
263457,613.0,1653.0
263467,711.0,1577.0
263473,470.0,1625.0
263480,519.0,1594.0
263485,414.0,1502.0
263498,597.0,1563.0
263502,527.0,1592.0
263508,461.0,1538.0
263510,359.0,1433.0
263511,456.0,1539.0
263515,455.0,1511.0
263520,446.0,1565.0
263526,470.0,1552.0
263550,520.0,1580.0
263555,575.0,1590.0
263556,678.0,1605.0
263563,672.0,1591.0
263564,637.0,1572.0
263568,480.0,1534.0
263569,532.0,1473.0
263576,597.0,1612.0
263578,742.0,1642.0
263585,567.0,1664.0
263590,646.0,1682.0
263597,640.0,1630.0
263600,513.0,1590.0
263601,499.0,1567.0
263611,651.0,1565.0
263625,593.0,1590.0
263628,610.0,1510.0
263633,602.0,1601.0
263636,456.0,1552.0
263638,545.0,1623.0
263640,495.0,1497.0
263641,466.0,1500.0
263642,543.0,1506.0
263646,701.0,1602.0
263649,494.0,1584.0
263652,527.0,1657.0
263653,477.0,1580.0
263656,571.0,1521.0
263660,543.0,1567.0
263663,517.0,1566.0
263664,736.0,1671.0
263668,583.0,1665.0
263670,513.0,1630.0
263671,393.0,1540.0
263681,559.0,1596.0
263685,685.0,1578.0
263687,553.0,1578.0
263689,920.0,1700.0
263691,994.0,1577.0
263694,524.0,1698.0
263697,822.0,1600.0
263703,475.0,1582.0
263708,593.0,1596.0
263713,577.0,1585.0
263717,593.0,1596.0
263752,560.0,1575.0
263755,891.0,1670.0
263758,483.0,1635.0
263760,527.0,1505.0
263764,586.0,1600.0
263766,517.0,1604.0
263768,516.0,1628.0
263775,711.0,1685.0
263777,619.0,1608.0
263790,478.0,1656.0
263796,538.0,1547.0
263801,597.0,1600.0
263802,555.0,1659.0
263808,671.0,1636.0
263811,585.0,1640.0
263815,792.0,1577.0
263818,445.0,1511.0
263821,550.0,1550.0
263824,465.0,1545.0
263825,566.0,1652.0
263834,513.0,1536.0
263836,945.0,1624.0
263841,524.0,1608.0
263848,557.0,1654.0
263850,515.0,1474.0
263854,536.0,1604.0
263856,568.0,1664.0
263858,703.0,1655.0
263863,867.0,1604.0
263867,570.0,1609.0
263868,494.0,1671.0
263869,555.0,1629.0
263881,809.0,1618.0
263885,686.0,1648.0
263887,810.0,1669.0
263890,603.0,1603.0
263892,678.0,1605.0
263897,662.0,1560.0
263901,691.0,1545.0
263909,493.0,1495.0
263910,817.0,1567.0
263914,613.0,1486.0
263916,621.0,1557.0
263918,596.0,1553.0
263921,548.0,1651.0
263923,433.0,1534.0
263925,491.0,1500.0
263927,613.0,1584.0
263934,510.0,1583.0
263939,542.0,1535.0
263940,641.0,1643.0
263945,481.0,1601.0
263949,581.0,1526.0
263951,731.0,1685.0
263952,623.0,1588.0
263958,485.0,1701.0
263977,464.0,1505.0
263980,522.0,1558.0
263983,662.0,1675.0
263987,657.0,1670.0
263996,564.0,1664.0
263998,613.0,1665.0
264003,614.0,1618.0
264005,577.0,1650.0
264006,565.0,1723.0
264007,600.0,1667.0
264012,487.0,1597.0
264015,566.0,1553.0
264026,512.0,1634.0
264028,541.0,1635.0
264033,950.0,1620.0
264035,530.0,1593.0
264037,487.0,1599.0
264038,662.0,1615.0
264042,473.0,1533.0
264045,670.0,1463.0
264047,784.0,1524.0
264049,777.0,1605.0
264059,627.0,1546.0
264065,391.0,1470.0
264067,687.0,1603.0
264069,892.0,1622.0
264073,607.0,1297.0
264075,728.0,1576.0
264077,773.0,1629.0
264079,709.0,1598.0
264082,574.0,1604.0
264084,609.0,1570.0
264086,514.0,1581.0
264087,924.0,1596.0
264090,619.0,1612.0
264091,573.0,1526.0
264093,505.0,1558.0
264101,554.0,1652.0
264107,546.0,1604.0
264118,465.0,1463.0
264120,447.0,1597.0
264123,638.0,1594.0
264129,579.0,1523.0
264133,488.0,1553.0
264135,587.0,1611.0
264137,535.0,1666.0
264140,557.0,1629.0
264144,502.0,1596.0
264150,526.0,1654.0
264151,470.0,1529.0
264153,728.0,1620.0
264156,438.0,1525.0
264159,598.0,1654.0
264160,540.0,1614.0
264168,512.0,1605.0
264172,461.0,1623.0
264176,405.0,1609.0
264180,487.0,1596.0
264185,492.0,1420.0
264186,535.0,1631.0
264187,662.0,1573.0
264227,462.0,1541.0
264228,507.0,1623.0
264232,615.0,1571.0
264233,498.0,1527.0
264238,483.0,1486.0
264240,517.0,1562.0
264244,646.0,1559.0
264246,616.0,1582.0
264251,602.0,1650.0
264259,566.0,1593.0
264264,526.0,1544.0
264265,631.0,1661.0
264281,621.0,1607.0
264283,577.0,1695.0
264291,583.0,1625.0
264292,698.0,1558.0
264298,643.0,1680.0
264300,661.0,1605.0
264303,623.0,1623.0
264304,496.0,1620.0
264308,477.0,1510.0
264311,551.0,1612.0
264312,429.0,1520.0
264322,451.0,1544.0
264323,602.0,1665.0
264324,505.0,1493.0
264330,461.0,1582.0
264332,525.0,1594.0
264342,570.0,1488.0
264350,424.0,1530.0
264356,623.0,1685.0
264365,568.0,1618.0
264368,537.0,1591.0
264374,524.0,1622.0
264382,563.0,1624.0
264383,563.0,1518.0
264385,499.0,1619.0
264394,828.0,1565.0
264395,504.0,1578.0
264398,420.0,1596.0
264401,539.0,1609.0
264403,631.0,1700.0
264406,550.0,1659.0
264411,544.0,1575.0
264412,515.0,1659.0
264414,468.0,1545.0
264418,677.0,1669.0
264425,894.0,1680.0
264428,474.0,1623.0
264445,699.0,1572.0
264457,568.0,1660.0
264458,493.0,1535.0
264470,483.0,1505.0
264481,508.0,1592.0
264497,651.0,1608.0
264499,521.0,1652.0
264505,497.0,1536.0
264506,544.0,1695.0
264507,586.0,1913.0
264510,532.0,1716.0
264518,530.0,1655.0
264519,526.0,1602.0
264522,630.0,1671.0
264524,417.0,1568.0
264527,666.0,1640.0
264532,518.0,1567.0
264535,572.0,1625.0
264538,561.0,1685.0
264539,575.0,1594.0
264544,415.0,1565.0
264545,556.0,1625.0
264547,546.0,1581.0
264548,471.0,1615.0
264549,602.0,1552.0
264555,624.0,1576.0
264560,537.0,1496.0
264563,796.0,1555.0
264565,561.0,1675.0
264566,766.0,1600.0
264568,659.0,1617.0
264570,666.0,1700.0
264573,600.0,1691.0
264576,549.0,1584.0
264579,589.0,1651.0
264580,729.0,1507.0
264582,704.0,1663.0
264584,558.0,1667.0
264587,667.0,1698.0
264589,721.0,1635.0
264592,681.0,1623.0
264596,699.0,1453.0
264605,536.0,1656.0
264616,714.0,1632.0
264620,762.0,1578.0
264625,554.0,1543.0
264627,572.0,1572.0
264632,692.0,1463.0
264637,465.0,1545.0
264638,524.0,1578.0
264641,523.0,1572.0
264644,503.0,1510.0
264648,838.0,1652.0
264649,531.0,1500.0
264651,592.0,1539.0
264654,709.0,1604.0
264659,770.0,1582.0
264662,560.0,1698.0
264664,458.0,1602.0
264666,703.0,1565.0
264671,794.0,1610.0
264674,517.0,1639.0
264681,570.0,1610.0
264684,509.0,1612.0
264687,462.0,1520.0
264690,632.0,1667.0
264693,483.0,1540.0
264704,463.0,1566.0
264705,980.0,1629.0
264715,522.0,1601.0
264721,560.0,1693.0
264727,447.0,1670.0
264730,420.0,1587.0
264735,496.0,1630.0
264736,541.0,1545.0
264739,685.0,1546.0
264744,526.0,1630.0
264751,601.0,1596.0
264754,511.0,1645.0
264756,483.0,1610.0
264764,519.0,1596.0
264770,1548.0,1601.0
264771,548.0,1563.0
264774,566.0,1573.0
264777,594.0,1658.0
264779,679.0,1654.0
264786,490.0,1550.0
264790,602.0,1652.0
264792,512.0,1552.0
264793,587.0,1510.0
264795,584.0,1589.0
264804,483.0,1625.0
264812,566.0,1575.0
264820,572.0,1601.0
264825,566.0,1525.0
264840,490.0,1632.0
264849,691.0,1634.0
264855,592.0,1578.0
264860,538.0,1574.0
264863,586.0,1675.0
264868,477.0,1590.0
264882,485.0,1532.0
264884,478.0,1604.0
264886,442.0,1555.0
264895,508.0,1614.0
264898,569.0,1582.0
264912,618.0,1591.0
264918,557.0,1693.0
264920,555.0,1573.0
264928,647.0,1634.0
264931,557.0,1668.0
264932,452.0,1563.0
264934,472.0,1548.0
264938,522.0,1581.0
264939,546.0,1572.0
264952,526.0,1609.0
264953,583.0,1634.0
264955,945.0,1661.0
264958,758.0,1592.0
264961,545.0,1565.0
264969,518.0,1588.0
264971,922.0,1650.0
264973,492.0,1510.0
264974,621.0,1634.0
264979,439.0,1655.0
264983,481.0,1550.0
264985,475.0,1575.0
264987,504.0,1530.0
264989,520.0,1550.0
264993,632.0,1640.0
264997,683.0,1618.0
265015,551.0,1595.0
265019,631.0,1553.0
265025,499.0,1653.0
265027,646.0,1684.0
265030,766.0,1570.0
265033,660.0,1608.0
265038,572.0,1598.0
265039,625.0,1652.0
265043,643.0,1557.0
265045,706.0,1615.0
265049,637.0,1639.0
265050,559.0,1584.0
265051,705.0,1563.0
265053,652.0,1605.0
265058,528.0,1524.0
265063,703.0,1672.0
265073,817.0,1560.0
265075,661.0,1640.0
265081,768.0,1670.0
265083,321.0,1457.0
265089,560.0,1610.0
265100,466.0,1470.0
265105,530.0,1604.0
265107,815.0,1646.0
265116,530.0,1601.0
265121,615.0,1622.0
265130,529.0,1612.0
265131,545.0,1653.0
265140,662.0,1677.0
265142,612.0,1526.0
265148,690.0,1554.0
265155,600.0,1650.0
265166,651.0,1641.0
265172,761.0,1656.0
265193,536.0,1645.0
265194,497.0,1517.0
265199,514.0,1542.0
265202,542.0,1532.0
265203,530.0,1647.0
265206,522.0,1655.0
265207,625.0,1695.0
265220,524.0,1552.0
265222,420.0,1555.0
265225,573.0,1544.0
265231,563.0,1606.0
265234,547.0,1629.0
265235,578.0,1618.0
265236,678.0,1528.0
265238,561.0,1550.0
265240,488.0,1580.0
265246,505.0,1534.0
265247,444.0,1550.0
265249,695.0,1646.0
265252,564.0,1650.0
265262,746.0,1645.0
265268,666.0,1595.0
265280,550.0,1542.0
265285,910.0,1616.0
265294,550.0,1580.0
265302,658.0,1692.0
265305,552.0,1569.0
265311,494.0,1492.0
265317,540.0,1591.0
265319,615.0,1615.0
265324,499.0,1569.0
265329,851.0,1711.0
265335,476.0,1503.0
265336,648.0,1581.0
265340,676.0,1769.0
265341,604.0,1629.0
265343,483.0,1596.0
265348,474.0,1689.0
265351,568.0,1523.0
265357,542.0,1623.0
265358,549.0,1540.0
265361,689.0,1673.0
265364,556.0,1630.0
265373,458.0,1600.0
265375,634.0,1598.0
265376,712.0,1704.0
265377,506.0,1613.0
265391,665.0,1570.0
265394,538.0,1680.0
265396,574.0,1573.0
265408,498.0,1540.0
265410,604.0,1680.0
265418,539.0,1678.0
265421,633.0,1520.0
265425,585.0,1661.0
265426,513.0,1500.0
265435,695.0,1665.0
265437,570.0,1627.0
265444,443.0,1475.0
265445,861.0,1625.0
265451,730.0,1627.0
265454,661.0,1643.0
265457,629.0,1619.0
265458,685.0,1642.0
265460,597.0,1600.0
265461,582.0,1583.0
265463,482.0,1623.0
265467,706.0,1596.0
265468,565.0,1540.0
265474,629.0,1540.0
265475,625.0,1705.0
265476,560.0,1690.0
265479,431.0,1586.0
265482,605.0,1594.0
265485,707.0,1594.0
265490,551.0,1646.0
265492,656.0,1501.0
265497,494.0,1581.0
265506,624.0,1578.0
265512,523.0,1606.0
265520,642.0,1565.0
265531,731.0,1600.0
265533,533.0,1665.0
265534,783.0,1592.0
265542,735.0,1522.0
265550,619.0,1641.0
265552,662.0,1580.0
265553,485.0,1586.0
265562,450.0,1575.0
265566,555.0,1603.0
265568,590.0,1632.0
265574,521.0,1610.0
265580,536.0,1663.0
265582,445.0,1601.0
265584,510.0,1573.0
265586,503.0,1523.0
265587,547.0,1707.0
265589,528.0,1684.0
265607,576.0,1558.0
265614,481.0,1459.0
265625,541.0,1631.0
265626,484.0,1538.0
265627,492.0,1605.0
265629,576.0,1634.0
265630,692.0,1547.0
265633,447.0,1575.0
265634,567.0,1587.0
265642,537.0,1586.0
265652,617.0,1692.0
265656,517.0,1576.0
265661,782.0,1530.0
265667,629.0,1606.0
265669,628.0,1680.0
265673,467.0,1476.0
265679,593.0,1635.0
265680,585.0,1596.0
265685,776.0,1620.0
265692,633.0,1556.0
265694,828.0,1624.0
265703,584.0,1626.0
265705,545.0,1573.0
265706,555.0,1587.0
265711,600.0,1725.0
265718,667.0,1583.0
265724,522.0,1633.0
265730,435.0,1547.0
265734,630.0,1593.0
265736,571.0,1615.0
265740,485.0,1623.0
265760,505.0,1703.0
265766,490.0,1540.0
265774,640.0,1722.0
265775,641.0,1569.0
265776,410.0,1606.0
265783,543.0,1616.0
265788,699.0,1560.0
265795,597.0,1590.0
265799,512.0,1643.0
265800,632.0,1623.0
265801,516.0,1551.0
265802,549.0,1631.0
265810,522.0,1595.0
265818,508.0,1574.0
265827,600.0,1673.0
265829,695.0,1565.0
265830,577.0,1567.0
265835,566.0,1646.0
265836,522.0,1630.0
265839,622.0,1633.0
265842,497.0,1633.0
265843,678.0,1617.0
265847,477.0,1661.0
265852,1021.0,1630.0
265855,537.0,1469.0
265858,567.0,1576.0
265873,457.0,1573.0
265875,958.0,1870.0
265877,513.0,1485.0
265883,640.0,1600.0
265888,495.0,1595.0
265889,893.0,1520.0
265914,609.0,1596.0
265915,726.0,1633.0
265916,501.0,1530.0
265926,406.0,1529.0
265929,333.0,1560.0
265938,581.0,1591.0
265939,500.0,1581.0
265945,561.0,1598.0
265948,563.0,1569.0
265954,615.0,1582.0
265956,611.0,1569.0
265966,631.0,1586.0
265970,490.0,1609.0
265980,767.0,1682.0
265981,870.0,1555.0
265988,784.0,1535.0
265990,685.0,1620.0
265997,565.0,1645.0
265998,568.0,1650.0
266001,589.0,1586.0
266003,613.0,1523.0
266006,644.0,1698.0
266008,909.0,1564.0
266009,457.0,1582.0
266010,804.0,1640.0
266020,618.0,1592.0
266040,483.0,1601.0
266043,652.0,1613.0
266054,681.0,1451.0
266060,621.0,1582.0
266061,560.0,1521.0
266064,569.0,1552.0
266072,623.0,1632.0
266074,617.0,1603.0
266075,455.0,1613.0
266079,626.0,1625.0
266082,579.0,1569.0
266087,543.0,1546.0
266089,547.0,1562.0
266090,453.0,1532.0
266098,597.0,1615.0
266108,446.0,1540.0
266109,423.0,1573.0
266111,569.0,1687.0
266114,1000.0,1621.0
266116,527.0,1601.0
266118,546.0,1635.0
266121,660.0,1631.0
266124,588.0,1486.0
266132,755.0,1630.0
266134,587.0,1556.0
266136,490.0,1532.0
266140,816.0,1592.0
266143,455.0,1521.0
266146,552.0,1627.0
266151,659.0,1661.0
266153,533.0,1552.0
266156,507.0,1501.0
266167,608.0,1639.0
266168,682.0,1710.0
266170,693.0,1728.0
266172,586.0,1670.0
266177,632.0,1562.0
266179,550.0,1592.0
266181,523.0,1725.0
266188,614.0,1625.0
266190,901.0,1620.0
266194,520.0,1701.0
266195,685.0,1655.0
266196,610.0,1612.0
266197,492.0,1559.0
266200,603.0,1620.0
266202,616.0,1587.0
266203,422.0,1502.0
266213,454.0,1612.0
266214,429.0,1562.0
266216,657.0,1652.0
266220,634.0,1635.0
266225,1054.0,1701.0
266229,548.0,1543.0
266230,570.0,1613.0
266232,692.0,1550.0
266234,742.0,1501.0
266235,791.0,1563.0
266237,476.0,1583.0
266241,540.0,1602.0
266243,492.0,1600.0
266244,527.0,1558.0
266253,597.0,1601.0
266257,638.0,1603.0
266261,819.0,1597.0
266263,636.0,1583.0
266272,735.0,1662.0
266274,742.0,1612.0
266277,734.0,1731.0
266280,430.0,1473.0
266282,523.0,1590.0
266284,519.0,1587.0
266290,553.0,1530.0
266294,496.0,1425.0
266297,509.0,1570.0
266301,631.0,1578.0
266313,603.0,1587.0
266315,531.0,1625.0
266317,493.0,1574.0
266319,558.0,1620.0
266321,523.0,1613.0
266328,690.0,1671.0
266330,497.0,1624.0
266342,743.0,1580.0
266345,533.0,1642.0
266350,629.0,1600.0
266351,485.0,1569.0
266353,553.0,1657.0
266354,914.0,1525.0
266356,810.0,1640.0
266363,623.0,1490.0
266372,564.0,1545.0
266379,420.0,1606.0
266380,614.0,1653.0
266383,724.0,1660.0
266385,777.0,1652.0
266387,767.0,1541.0
266388,561.0,1600.0
266389,695.0,1595.0
266393,657.0,1608.0
266395,465.0,1570.0
266397,711.0,1569.0
266399,695.0,1611.0
266402,622.0,1622.0
266404,824.0,1571.0
266407,663.0,1590.0
266413,605.0,1570.0
266414,854.0,1695.0
266417,602.0,1587.0
266424,575.0,1532.0
266425,535.0,1557.0
266431,440.0,1545.0
266437,501.0,1549.0
266438,691.0,1625.0
266443,526.0,1518.0
266445,750.0,1732.0
266451,502.0,1533.0
266479,695.0,1614.0
266486,505.0,1598.0
266496,882.0,1634.0
266498,624.0,1652.0
266511,666.0,1721.0
266513,544.0,1682.0
266519,582.0,1619.0
266522,788.0,1665.0
266525,596.0,1506.0
266530,754.0,1702.0
266532,469.0,1501.0
266538,532.0,1612.0
266540,397.0,1528.0
266551,498.0,1513.0
266556,450.0,1660.0
266559,599.0,1745.0
266566,691.0,1600.0
266570,586.0,1600.0
266571,628.0,1650.0
266573,619.0,1549.0
266574,681.0,1564.0
266575,701.0,1620.0
266577,595.0,1605.0
266582,486.0,1551.0
266588,547.0,1610.0
266589,535.0,1635.0
266593,400.0,1467.0
266600,476.0,1626.0
266606,592.0,1609.0
266609,530.0,1623.0
266616,604.0,1641.0
266618,581.0,1534.0
266623,634.0,1667.0
266628,569.0,1605.0
266631,642.0,1596.0
266645,631.0,1573.0
266647,625.0,1563.0
266650,898.0,1624.0
266656,913.0,1710.0
266662,621.0,1745.0
266664,688.0,1602.0
266667,781.0,1544.0
266668,648.0,1584.0
266670,848.0,1684.0
266673,496.0,1549.0
266675,742.0,1595.0
266677,675.0,1676.0
266680,415.0,1565.0
266687,523.0,1565.0
266699,532.0,1625.0
266703,513.0,1565.0
266706,597.0,1625.0
266711,600.0,1637.0
266713,774.0,1890.0
266718,417.0,1552.0
266725,457.0,1582.0
266737,610.0,1631.0
266743,619.0,1558.0
266744,609.0,1681.0
266745,404.0,1541.0
266753,536.0,1529.0
266762,506.0,1560.0
266763,866.0,1605.0
266776,578.0,1593.0
266778,339.0,1521.0
266779,668.0,1675.0
266786,605.0,1662.0
266792,731.0,1588.0
266804,496.0,1609.0
266810,879.0,1450.0
266817,531.0,1645.0
266823,517.0,1595.0
266831,592.0,1610.0
266836,595.0,1602.0
266843,609.0,1525.0
266853,828.0,1665.0
266861,804.0,1728.0
266872,404.0,1505.0
266877,482.0,1603.0
266891,536.0,1485.0
266896,634.0,1581.0
266899,548.0,1609.0
266903,553.0,1624.0
266911,492.0,1532.0
266915,527.0,1580.0
266916,639.0,1553.0
266921,725.0,1525.0
266925,631.0,1562.0
266929,720.0,1543.0
266936,699.0,1545.0
266938,714.0,1601.0
266939,709.0,1566.0
266941,1135.0,1527.0
266943,741.0,1693.0
266945,540.0,1611.0
266950,958.0,1790.0
266952,661.0,1605.0
266955,528.0,1600.0
266957,470.0,1550.0
266958,492.0,1518.0
266961,710.0,1598.0
266963,525.0,1614.0
266968,680.0,1710.0
266970,488.0,1573.0
266972,633.0,1613.0
266974,585.0,1636.0
266975,810.0,1613.0
266978,970.0,1732.0
266980,800.0,1522.0
266982,567.0,1628.0
266983,1017.0,1617.0
266988,556.0,1580.0
266989,563.0,1639.0
266994,472.0,1555.0
266998,591.0,1498.0
266999,728.0,1523.0
267002,481.0,1567.0
267006,561.0,1661.0
267008,503.0,1523.0
267009,700.0,1680.0
267014,483.0,1598.0
267016,679.0,1595.0
267020,525.0,1665.0
267023,615.0,1676.0
267024,547.0,1593.0
267027,711.0,1621.0
267031,593.0,1567.0
267037,702.0,1664.0
267042,520.0,1527.0
267056,520.0,1555.0
267060,709.0,1689.0
267061,452.0,1542.0
267062,533.0,1626.0
267070,472.0,1595.0
267072,666.0,1612.0
267078,595.0,1568.0
267079,472.0,1510.0
267083,582.0,1558.0
267085,713.0,1680.0
267087,512.0,1518.0
267089,491.0,1575.0
267097,764.0,1619.0
267103,514.0,1486.0
267104,773.0,1643.0
267108,610.0,1640.0
267111,726.0,1513.0
267119,593.0,1650.0
267121,469.0,1520.0
267123,575.0,1597.0
267126,945.0,1592.0
267128,910.0,1678.0
267132,590.0,1572.0
267136,862.0,1690.0
267138,667.0,1603.0
267155,1078.0,1640.0
267159,577.0,1656.0
267169,616.0,1613.0
267170,549.0,1620.0
267174,561.0,1590.0
267188,706.0,1627.0
267192,468.0,1468.0
267195,665.0,1600.0
267200,514.0,1622.0
267203,648.0,1662.0
267207,904.0,1641.0
267231,450.0,1542.0
267241,593.0,1626.0
267243,522.0,1517.0
267245,504.0,1565.0
267261,488.0,1555.0
267268,572.0,1604.0
267270,504.0,1563.0
267274,658.0,1650.0
267275,624.0,1627.0
267285,606.0,1533.0
267290,519.0,1544.0
267292,557.0,1865.0
267297,594.0,1575.0
267299,641.0,1645.0
267302,594.0,1506.0
267306,589.0,1712.0
267312,522.0,1538.0
267315,940.0,1791.0
267320,492.0,1566.0
267326,542.0,1601.0
267333,559.0,1615.0
267334,799.0,1620.0
267342,714.0,1630.0
267346,670.0,1628.0
267350,637.0,1584.0
267352,551.0,1654.0
267353,558.0,1590.0
267354,656.0,1645.0
267355,564.0,1671.0
267357,716.0,1592.0
267361,647.0,1690.0
267364,725.0,1700.0
267365,591.0,1687.0
267397,605.0,1626.0
267402,651.0,1649.0
267404,701.0,1632.0
267406,837.0,1700.0
267410,675.0,1556.0
267415,559.0,1662.0
267420,571.0,1564.0
267421,599.0,1570.0
267422,577.0,1590.0
267426,694.0,1625.0
267429,516.0,1454.0
267440,544.0,1582.0
267441,537.0,1631.0
267446,631.0,1554.0
267453,848.0,1706.0
267455,582.0,1635.0
267460,507.0,1567.0
267465,582.0,1520.0
267468,615.0,1656.0
267474,580.0,1700.0
267476,520.0,1527.0
267479,708.0,1571.0
267505,509.0,1565.0
267512,597.0,1575.0
267521,842.0,1500.0
267529,531.0,1584.0
267530,524.0,1666.0
267537,470.0,1547.0
267538,457.0,1573.0
267546,807.0,1520.0
267551,674.0,1573.0
267556,644.0,1690.0
267559,518.0,1564.0
267561,383.0,1493.0
267562,646.0,1650.0
267570,672.0,1544.0
267574,735.0,1625.0
267575,689.0,1590.0
267591,700.0,1640.0
267592,574.0,1547.0
267598,1101.0,1578.0
267602,541.0,1581.0
267604,664.0,1564.0
267605,922.0,1762.0
267609,557.0,1634.0
267610,870.0,1650.0
267614,600.0,1675.0
267616,756.0,1621.0
267618,597.0,1675.0
267621,928.0,1511.0
267624,541.0,1618.0
267625,656.0,1495.0
267626,876.0,1638.0
267628,580.0,1599.0
267631,795.0,1638.0
267636,537.0,1629.0
267637,701.0,1633.0
267639,894.0,1689.0
267644,689.0,1748.0
267647,654.0,1619.0
267653,613.0,1634.0
267657,441.0,1527.0
267668,842.0,1622.0
267673,484.0,1565.0
267676,669.0,1699.0
267678,501.0,1663.0
267688,483.0,1535.0
267689,557.0,1509.0
267690,587.0,1569.0
267692,633.0,1615.0
267696,774.0,1645.0
267701,627.0,1607.0
267707,540.0,1628.0
267708,628.0,1593.0
267712,615.0,1685.0
267713,594.0,1625.0
267714,502.0,1533.0
267732,756.0,1604.0
267735,653.0,1572.0
267739,719.0,1668.0
267745,804.0,1652.0
267753,506.0,1550.0
267754,573.0,1555.0
267757,452.0,1570.0
267762,495.0,1556.0
267769,600.0,1583.0
267774,477.0,1510.0
267777,826.0,1611.0
267781,882.0,1708.0
267784,630.0,1595.0
267786,750.0,1583.0
267790,901.0,1630.0
267797,835.0,1592.0
267801,639.0,1665.0
267806,1039.0,1560.0
267809,410.0,1550.0
267834,456.0,1462.0
267836,539.0,1610.0
267840,660.0,1584.0
267852,473.0,1610.0
267858,435.0,1615.0
267864,705.0,1640.0
267865,448.0,1581.0
267868,829.0,1605.0
267869,635.0,1561.0
267871,470.0,1547.0
267883,462.0,1573.0
267885,777.0,1576.0
267889,596.0,1656.0
267891,626.0,1662.0
267895,640.0,1574.0
267898,625.0,1668.0
267906,613.0,1619.0
267909,491.0,1545.0
267911,640.0,1574.0
267913,671.0,1584.0
267917,592.0,1542.0
267938,467.0,1550.0
267942,630.0,1655.0
267944,537.0,1601.0
267950,602.0,1530.0
267953,601.0,1648.0
267957,529.0,1565.0
267962,530.0,1612.0
267965,749.0,1715.0
267968,628.0,1534.0
267977,572.0,1585.0
267983,548.0,1620.0
268003,481.0,1631.0
268010,479.0,1573.0
268021,513.0,1528.0
268024,660.0,1570.0
268035,622.0,1652.0
268037,681.0,1610.0
268043,664.0,1575.0
268047,511.0,1572.0
268048,554.0,1528.0
268053,555.0,1602.0
268055,696.0,1553.0
268065,512.0,1498.0
268066,501.0,1680.0
268068,509.0,1647.0
268071,566.0,1580.0
268074,612.0,1664.0
268080,627.0,1550.0
268084,515.0,1563.0
268093,449.0,1478.0
268094,582.0,1545.0
268095,560.0,1522.0
268103,469.0,1520.0
268105,476.0,1530.0
268116,636.0,1695.0
268119,541.0,1635.0
268123,652.0,1646.0
268132,552.0,1660.0
268137,757.0,1539.0
268139,619.0,1685.0
268141,715.0,1594.0
268143,601.0,1583.0
268147,755.0,1603.0
268149,718.0,1636.0
268152,388.0,1573.0
268155,576.0,1662.0
268165,628.0,1567.0
268166,717.0,1632.0
268168,708.0,1670.0
268175,535.0,1634.0
268179,306.0,1587.0
268181,654.0,1612.0
268185,493.0,1562.0
268186,642.0,1609.0
268196,629.0,1556.0
268198,670.0,1622.0
268211,617.0,1552.0
268216,573.0,1560.0
268219,753.0,1686.0
268222,681.0,1750.0
268249,812.0,1701.0
268250,494.0,1664.0
268252,572.0,1543.0
268262,414.0,1453.0
268266,592.0,1651.0
268271,644.0,1659.0
268272,611.0,1532.0
268280,548.0,1579.0
268282,560.0,1698.0
268285,596.0,1578.0
268297,645.0,1618.0
268308,483.0,1637.0
268310,609.0,1663.0
268312,576.0,1711.0
268316,461.0,1597.0
268317,467.0,1637.0
268320,501.0,1658.0
268325,531.0,1591.0
268329,497.0,1603.0
268333,568.0,1596.0
268337,637.0,1599.0
268341,567.0,1662.0
268344,673.0,1584.0
268346,576.0,1625.0
268347,555.0,1609.0
268348,604.0,1628.0
268350,696.0,1600.0
268353,629.0,1629.0
268360,831.0,1601.0
268361,542.0,1547.0
268367,605.0,1591.0
268374,391.0,1450.0
268386,627.0,1714.0
268389,570.0,1582.0
268397,586.0,1603.0
268401,664.0,1635.0
268408,578.0,1722.0
268411,544.0,1560.0
268415,543.0,1600.0
268416,525.0,1580.0
268417,579.0,1558.0
268421,529.0,1573.0
268422,844.0,1565.0
268428,844.0,1592.0
268433,800.0,1642.0
268435,416.0,1606.0
268437,477.0,1537.0
268443,790.0,1552.0
268448,604.0,1600.0
268454,849.0,1605.0
268458,638.0,1595.0
268462,691.0,1655.0
268465,608.0,1661.0
268466,507.0,1681.0
268475,536.0,1520.0
268483,504.0,1603.0
268485,661.0,1560.0
268492,672.0,1590.0
268499,614.0,1595.0
268502,500.0,1535.0
268524,493.0,1552.0
268529,649.0,1627.0
268532,526.0,1585.0
268539,543.0,1676.0
268546,475.0,1645.0
268555,586.0,1644.0
268557,760.0,1598.0
268559,591.0,1672.0
268564,552.0,1556.0
268568,547.0,1601.0
268569,554.0,1536.0
268572,558.0,1585.0
268580,557.0,1556.0
268581,568.0,1560.0
268584,497.0,1567.0
268588,585.0,1633.0
268593,580.0,1590.0
268596,671.0,1627.0
268603,475.0,1481.0
268614,501.0,1616.0
268617,912.0,1655.0
268621,501.0,1600.0
268623,569.0,1647.0
268626,662.0,1624.0
268627,510.0,1530.0
268634,1047.0,1667.0
268637,764.0,1562.0
268640,520.0,1623.0
268643,578.0,1635.0
268650,533.0,1533.0
268654,429.0,1546.0
268655,596.0,1624.0
268657,491.0,1618.0
268662,639.0,1575.0
268664,564.0,1574.0
268665,486.0,1566.0
268670,588.0,1671.0
268674,507.0,1670.0
268679,564.0,1581.0
268680,1092.0,1609.0
268684,820.0,1665.0
268686,436.0,1571.0
268687,822.0,1680.0
268693,459.0,1550.0
268698,543.0,1718.0
268701,565.0,1619.0
268702,717.0,1774.0
268710,449.0,1564.0
268714,653.0,1536.0
268715,603.0,1646.0
268717,516.0,1552.0
268720,571.0,1679.0
268721,551.0,1625.0
268731,519.0,1602.0
268733,601.0,1599.0
268737,539.0,1681.0
268741,609.0,1681.0
268745,549.0,1501.0
268751,581.0,1686.0
268757,751.0,1601.0
268765,513.0,1587.0
268768,591.0,1655.0
268772,480.0,1557.0
268780,730.0,1494.0
268784,518.0,1573.0
268789,556.0,1556.0
268796,627.0,1504.0
268798,527.0,1629.0
268805,556.0,1567.0
268816,593.0,1588.0
268820,667.0,1518.0
268828,630.0,1573.0
268832,505.0,1580.0
268835,484.0,1540.0
268836,576.0,1616.0
268839,475.0,1557.0
268844,601.0,1643.0
268863,416.0,1533.0
268864,750.0,1639.0
268880,678.0,1613.0
268883,543.0,1647.0
268886,469.0,1621.0
268887,592.0,1594.0
268891,641.0,1657.0
268892,914.0,1722.0
268896,624.0,1612.0
268901,771.0,1643.0
268906,439.0,1432.0
268907,779.0,1678.0
268913,579.0,1740.0
268918,596.0,1612.0
268929,575.0,1583.0
268930,539.0,1675.0
268935,554.0,1649.0
268936,700.0,1615.0
268940,932.0,1597.0
268945,552.0,1625.0
268951,445.0,1547.0
268956,644.0,1635.0
268959,510.0,1552.0
268962,540.0,1646.0
268976,619.0,1514.0
268984,707.0,1622.0
268989,531.0,1483.0
268994,485.0,1638.0
269001,620.0,1583.0
269007,489.0,1545.0
269024,542.0,1502.0
269027,433.0,1475.0
269029,525.0,1545.0
269036,556.0,1511.0
269043,636.0,1693.0
269046,630.0,1625.0
269053,547.0,1591.0
269058,444.0,1583.0
269063,506.0,1520.0
269068,477.0,1553.0
269069,497.0,1596.0
269072,430.0,1601.0
269077,642.0,1609.0
269081,460.0,1490.0
269083,590.0,1591.0
269086,511.0,1553.0
269094,656.0,1611.0
269113,673.0,1583.0
269118,496.0,1512.0
269120,694.0,1539.0
269123,934.0,1637.0
269127,576.0,1572.0
269129,795.0,1630.0
269132,541.0,1597.0
269162,529.0,1503.0
269171,580.0,1605.0
269177,490.0,1600.0
269180,670.0,1672.0
269188,526.0,1587.0
269193,463.0,1580.0
269196,734.0,1591.0
269198,617.0,1596.0
269200,582.0,1630.0
269215,586.0,1641.0
269221,572.0,1654.0
269225,528.0,1553.0
269228,536.0,1655.0
269232,547.0,1593.0
269238,523.0,1624.0
269239,561.0,1575.0
269243,556.0,1570.0
269249,510.0,1555.0
269251,496.0,1495.0
269252,726.0,1577.0
269256,473.0,1572.0
269257,620.0,1624.0
269262,648.0,1638.0
269266,501.0,1609.0
269270,485.0,1638.0
269275,596.0,1639.0
269276,799.0,1639.0
269290,478.0,1427.0
269291,589.0,1631.0
269294,751.0,1610.0
269301,851.0,1695.0
269306,632.0,1601.0
269311,513.0,1623.0
269316,595.0,1627.0
269318,616.0,1492.0
269322,769.0,1541.0
269325,865.0,1756.0
269329,642.0,1657.0
269332,543.0,1597.0
269337,523.0,1501.0
269340,581.0,1600.0
269345,847.0,1592.0
269348,537.0,1593.0
269356,617.0,1534.0
269359,466.0,1580.0
269361,558.0,1664.0
269376,515.0,1617.0
269378,527.0,1610.0
269381,396.0,1561.0
269382,589.0,1704.0
269383,483.0,1655.0
269389,608.0,1608.0
269390,501.0,1580.0
269391,444.0,1485.0
269394,571.0,1692.0
269402,507.0,1600.0
269403,541.0,1511.0
269405,660.0,1512.0
269410,594.0,1501.0
269416,469.0,1528.0
269417,402.0,1530.0
269429,479.0,1416.0
269431,613.0,1699.0
269433,691.0,1640.0
269435,667.0,1630.0
269445,579.0,1667.0
269449,466.0,1525.0
269451,502.0,1564.0
269464,584.0,1594.0
269470,456.0,1570.0
269474,583.0,1665.0
269485,760.0,1628.0
269486,724.0,1700.0
269488,487.0,1701.0
269493,434.0,1598.0
269497,522.0,1601.0
269499,800.0,1794.0
269501,600.0,1658.0
269506,728.0,1693.0
269509,667.0,1630.0
269510,585.0,1613.0
269514,620.0,1690.0
269516,527.0,1537.0
269519,459.0,1589.0
269529,519.0,1523.0
269531,488.0,1663.0
269542,519.0,1629.0
269544,435.0,1619.0
269554,498.0,1562.0
269557,495.0,1501.0
269560,453.0,1577.0
269567,758.0,1602.0
269583,591.0,1570.0
269589,436.0,1473.0
269598,577.0,1543.0
269605,412.0,1519.0
269612,539.0,1682.0
269625,614.0,1601.0
269631,571.0,1585.0
269640,596.0,1612.0
269646,702.0,1585.0
269649,682.0,1527.0
269656,813.0,1636.0
269661,651.0,1612.0
269662,574.0,1532.0
269669,661.0,1552.0
269675,564.0,1558.0
269679,572.0,1638.0
269680,696.0,1721.0
269686,470.0,1515.0
269698,745.0,1584.0
269708,563.0,1692.0
269710,627.0,1633.0
269712,626.0,1638.0
269721,675.0,1583.0
269724,581.0,1719.0
269727,489.0,1502.0
269735,444.0,1650.0
269736,580.0,1591.0
269739,460.0,1528.0
269741,560.0,1602.0
269744,485.0,1467.0
269748,680.0,1640.0
269756,508.0,1508.0
269757,485.0,1620.0
269761,657.0,1591.0
269764,537.0,1550.0
269777,502.0,1647.0
269781,532.0,1401.0
269783,580.0,1683.0
269784,568.0,1602.0
269791,637.0,1492.0
269795,641.0,1663.0
269800,482.0,1570.0
269801,560.0,1641.0
269808,586.0,1600.0
269811,546.0,1523.0
269812,582.0,1641.0
269813,518.0,1569.0
269816,543.0,1601.0
269819,512.0,1570.0
269821,576.0,1592.0
269822,526.0,1612.0
269823,516.0,1613.0
269824,465.0,1550.0
269827,477.0,1578.0
269831,601.0,1677.0
269836,754.0,1547.0
269840,676.0,1569.0
269841,528.0,1620.0
269850,571.0,1709.0
269855,547.0,1573.0
269857,583.0,1616.0
269861,561.0,1670.0
269863,736.0,1555.0
269869,685.0,1500.0
269873,613.0,1617.0
269874,563.0,1645.0
269878,561.0,1580.0
269881,481.0,1503.0
269884,628.0,1650.0
269885,841.0,1650.0
269893,544.0,1565.0
269895,739.0,1655.0
269896,854.0,1616.0
269901,916.0,1651.0
269902,651.0,1613.0
269907,746.0,1662.0
269910,654.0,1693.0
269926,548.0,1561.0
269929,428.0,1457.0
269931,381.0,1465.0
269937,625.0,1532.0
269943,441.0,1524.0
269946,620.0,1591.0
269954,675.0,1640.0
269964,503.0,1593.0
269966,598.0,1619.0
269970,620.0,1578.0
269972,445.0,1469.0
269975,447.0,1579.0
269977,595.0,1708.0
269979,880.0,1642.0
269982,578.0,1633.0
269991,551.0,1552.0
270013,871.0,1557.0
270016,481.0,1606.0
270017,615.0,1564.0
270018,569.0,1587.0
270022,849.0,1683.0
270031,723.0,1692.0
270032,671.0,1734.0
270038,534.0,1614.0
270041,823.0,1655.0
270044,534.0,1597.0
270047,1010.0,1586.0
270060,490.0,1532.0
270062,632.0,1530.0
270069,669.0,1582.0
270070,630.0,1599.0
270075,581.0,1607.0
270078,837.0,1680.0
270085,495.0,1517.0
270088,741.0,1640.0
270091,683.0,1665.0
270094,424.0,1470.0
270097,660.0,1538.0
270102,580.0,1627.0
270104,371.0,1579.0
270114,615.0,1635.0
270115,738.0,1522.0
270122,548.0,1513.0
270129,513.0,1585.0
270137,483.0,1566.0
270142,520.0,1550.0
270143,622.0,1650.0
270153,623.0,1602.0
270164,659.0,1617.0
270167,487.0,1585.0
270174,527.0,1720.0
270176,351.0,1479.0
270180,487.0,1544.0
270184,520.0,1726.0
270190,637.0,1721.0
270199,507.0,1560.0
270200,535.0,1656.0
270203,572.0,1522.0
270205,503.0,1537.0
270224,497.0,1579.0
270226,590.0,1583.0
270231,658.0,1628.0
270243,555.0,1605.0
270249,726.0,1628.0
270251,592.0,1620.0
270255,742.0,1589.0
270259,520.0,1676.0
270262,533.0,1582.0
270267,565.0,1553.0
270271,775.0,1717.0
270273,469.0,1515.0
270277,653.0,1580.0
270279,687.0,1623.0
270293,670.0,1615.0
270297,574.0,1552.0
270298,708.0,1625.0
270300,723.0,1562.0
270303,556.0,1592.0
270306,682.0,1632.0
270309,640.0,1630.0
270312,730.0,1680.0
270316,640.0,1622.0
270318,583.0,1616.0
270320,580.0,1580.0
270329,558.0,1561.0
270330,580.0,1553.0
270331,536.0,1555.0
270334,605.0,1522.0
270338,580.0,1622.0
270359,587.0,1622.0
270363,958.0,1674.0
270370,644.0,1660.0
270387,568.0,1635.0
270388,547.0,1572.0
270396,582.0,1720.0
270402,741.0,1624.0
270409,572.0,1618.0
270410,825.0,1650.0
270413,474.0,1569.0
270416,561.0,1654.0
270427,506.0,1715.0
270435,587.0,1484.0
270436,556.0,1587.0
270438,600.0,1594.0
270440,484.0,1482.0
270442,643.0,1560.0
270447,738.0,1652.0
270451,666.0,1595.0
270456,547.0,1571.0
270461,665.0,1564.0
270465,583.0,1627.0
270470,635.0,1600.0
270473,563.0,1592.0
270475,625.0,1520.0
270477,698.0,1680.0
270481,882.0,1640.0
270485,659.0,1645.0
270488,566.0,1615.0
270489,784.0,1614.0
270490,772.0,1553.0
270491,624.0,1580.0
270494,622.0,1699.0
270495,728.0,1638.0
270498,612.0,1565.0
270500,549.0,1584.0
270516,688.0,1592.0
270522,555.0,1656.0
270524,521.0,1642.0
270530,555.0,1582.0
270531,570.0,1615.0
270534,649.0,1615.0
270537,711.0,1585.0
270539,536.0,1538.0
270541,834.0,1635.0
270543,498.0,1587.0
270545,643.0,1621.0
270575,562.0,1569.0
270576,807.0,1621.0
270580,483.0,1630.0
270583,523.0,1503.0
270587,566.0,1581.0
270589,655.0,1604.0
270591,742.0,1685.0
270596,903.0,1703.0
270597,777.0,1604.0
270609,569.0,1632.0
270619,797.0,1574.0
270631,644.0,1677.0
270634,615.0,1617.0
270643,532.0,1567.0
270645,474.0,1556.0
270646,553.0,1702.0
270649,567.0,1598.0
270650,601.0,1596.0
270654,542.0,1588.0
270661,540.0,1560.0
270667,581.0,1587.0
270677,560.0,1604.0
270689,594.0,1552.0
270691,553.0,1682.0
270702,541.0,1570.0
270706,539.0,1582.0
270713,539.0,1567.0
270721,543.0,1567.0
270724,594.0,1575.0
270726,565.0,1575.0
270729,498.0,1543.0
270733,564.0,1550.0
270740,632.0,1637.0
270747,413.0,1579.0
270757,633.0,1616.0
270763,765.0,1649.0
270765,872.0,1574.0
270771,444.0,1485.0
270775,969.0,1657.0
270780,502.0,1533.0
270788,535.0,1523.0
270791,551.0,1561.0
270798,586.0,1643.0
270800,540.0,1716.0
270802,617.0,1689.0
270811,760.0,1583.0
270823,473.0,1585.0
270831,515.0,1585.0
270838,1016.0,1703.0
270839,548.0,1500.0
270844,603.0,1607.0
270849,508.0,1580.0
270853,745.0,1621.0
270857,584.0,1550.0
270869,614.0,1625.0
270878,792.0,1610.0
270884,545.0,1621.0
270885,646.0,1662.0
270886,535.0,1545.0
270889,690.0,1622.0
270893,542.0,1760.0
270909,573.0,1622.0
270915,516.0,1586.0
270917,550.0,1633.0
270932,949.0,1658.0
270935,582.0,1568.0
270937,495.0,1600.0
270938,495.0,1658.0
270944,578.0,1520.0
270946,667.0,1583.0
270949,601.0,1610.0
270951,612.0,1576.0
270953,628.0,1657.0
270954,576.0,1573.0
270962,528.0,1600.0
270970,648.0,1610.0
270973,553.0,1622.0
270974,571.0,1609.0
270982,486.0,1489.0
271003,610.0,1563.0
271008,514.0,1523.0
271022,582.0,1600.0
271028,712.0,1680.0
271036,613.0,1427.0
271042,618.0,1701.0
271054,567.0,1648.0
271055,701.0,1539.0
271059,512.0,1610.0
271061,713.0,1730.0
271062,753.0,1568.0
271064,558.0,1553.0
271066,741.0,1556.0
271075,473.0,1658.0
271077,576.0,1620.0
271085,702.0,1589.0
271090,570.0,1485.0
271096,517.0,1567.0
271099,699.0,1558.0
271128,590.0,1620.0
271135,613.0,1601.0
271146,617.0,1519.0
271148,677.0,1605.0
271154,702.0,1659.0
271156,606.0,1627.0
271161,713.0,1542.0
271164,659.0,1648.0
271169,457.0,1430.0
271172,869.0,1810.0
271173,676.0,1660.0
271178,462.0,1531.0
271188,560.0,1749.0
271190,586.0,1650.0
271193,640.0,1637.0
271204,605.0,1605.0
271210,549.0,1600.0
271216,642.0,1644.0
271222,610.0,1575.0
271230,570.0,1634.0
271234,582.0,1587.0
271239,633.0,1587.0
271241,488.0,1597.0
271246,451.0,1503.0
271250,541.0,1525.0
271252,586.0,1526.0
271265,652.0,1477.0
271269,501.0,1631.0
271280,428.0,1509.0
271288,587.0,1621.0
271297,510.0,1620.0
271300,547.0,1602.0
271314,652.0,1706.0
271318,564.0,1586.0
271319,1187.0,1598.0
271323,518.0,1515.0
271325,586.0,1651.0
271326,610.0,1509.0
271332,790.0,1558.0
271336,684.0,1641.0
271339,538.0,1579.0
271347,690.0,1557.0
271353,879.0,1767.0
271358,765.0,1687.0
271360,580.0,1660.0
271361,864.0,1618.0
271369,742.0,1611.0
271374,494.0,1637.0
271375,566.0,1690.0
271378,840.0,1635.0
271380,928.0,1663.0
271382,666.0,1560.0
271391,947.0,1650.0
271402,831.0,1630.0
271403,507.0,1590.0
271412,488.0,1656.0
271415,545.0,1543.0
271416,692.0,1665.0
271418,623.0,1510.0
271422,726.0,1581.0
271426,802.0,1623.0
271431,578.0,1596.0
271434,532.0,1621.0
271442,600.0,1612.0
271445,569.0,1607.0
271449,605.0,1625.0
271458,509.0,1650.0
271461,477.0,1613.0
271464,632.0,1598.0
271469,620.0,1697.0
271470,557.0,1571.0
271476,546.0,1617.0
271478,638.0,1552.0
271483,601.0,1532.0
271484,532.0,1601.0
271490,507.0,1531.0
271492,612.0,1697.0
271494,712.0,1617.0
271499,462.0,1545.0
271503,522.0,1520.0
271508,679.0,1612.0
271510,571.0,1690.0
271512,609.0,1640.0
271519,654.0,1598.0
271520,491.0,1607.0
271522,516.0,1553.0
271525,363.0,1471.0
271542,523.0,1609.0
271548,431.0,1572.0
271552,498.0,1595.0
271560,498.0,1636.0
271567,482.0,1570.0
271570,636.0,1593.0
271573,490.0,1670.0
271580,468.0,1508.0
271582,461.0,1590.0
271593,540.0,1558.0
271594,547.0,1570.0
271602,523.0,1612.0
271606,720.0,1730.0
271607,460.0,1591.0
271608,410.0,1474.0
271609,661.0,1704.0
271611,479.0,1565.0
271613,731.0,1701.0
271614,446.0,1564.0
271616,438.0,1581.0
271618,551.0,1591.0
271621,690.0,1640.0
271622,735.0,1609.0
271625,678.0,1621.0
271626,748.0,1700.0
271639,837.0,1728.0
271650,630.0,1751.0
271653,686.0,1645.0
271659,519.0,1566.0
271660,492.0,1555.0
271665,443.0,1587.0
271668,602.0,1552.0
271671,555.0,1646.0
271675,465.0,1508.0
271679,583.0,1357.0
271687,526.0,1618.0
271699,691.0,1678.0
271703,632.0,1579.0
271705,595.0,1588.0
271710,1057.0,1760.0
271713,731.0,1611.0
271716,557.0,1586.0
271721,704.0,1670.0
271722,616.0,1600.0
271723,691.0,1651.0
271729,589.0,1499.0
271731,613.0,1633.0
271733,739.0,1590.0
271734,704.0,1611.0
271737,632.0,1588.0
271741,629.0,1545.0
271743,618.0,1623.0
271744,717.0,1523.0
271749,686.0,1682.0
271750,823.0,1564.0
271756,720.0,1691.0
271774,497.0,1576.0
271776,471.0,1570.0
271787,563.0,1582.0
271793,580.0,1539.0
271801,466.0,1526.0
271804,513.0,1571.0
271809,486.0,1664.0
271811,771.0,1640.0
271814,641.0,1675.0
271819,604.0,1531.0
271827,547.0,1579.0
271841,722.0,1692.0
271843,611.0,1666.0
271844,532.0,1450.0
271848,588.0,1660.0
271849,597.0,1615.0
271851,476.0,1520.0
271852,695.0,1623.0
271856,702.0,1598.0
271857,599.0,1582.0
271859,577.0,1647.0
271861,602.0,1578.0
271871,805.0,1785.0
271875,485.0,1570.0
271878,442.0,1426.0
271880,572.0,1567.0
271883,566.0,1657.0
271890,525.0,1687.0
271896,475.0,1547.0
271905,685.0,1574.0
271910,535.0,1615.0
271912,482.0,1508.0
271915,530.0,1560.0
271924,521.0,1658.0
271934,582.0,1591.0
271936,461.0,1557.0
271939,437.0,1512.0
271944,485.0,1581.0
271950,584.0,1541.0
271959,793.0,1624.0
271966,467.0,1582.0
271987,422.0,1518.0
271992,660.0,1679.0
271995,553.0,1612.0
272000,400.0,1550.0
272004,532.0,1534.0
272005,642.0,1596.0
272008,642.0,1580.0
272011,428.0,1565.0
272015,946.0,1672.0
272021,571.0,1597.0
272039,564.0,1500.0
272040,653.0,1554.0
272043,728.0,1590.0
272050,818.0,1627.0
272051,501.0,1572.0
272057,546.0,1618.0
272058,481.0,1583.0
272061,797.0,1528.0
272064,527.0,1494.0
272070,550.0,1555.0
272072,526.0,1578.0
272090,748.0,1667.0
272097,563.0,1681.0
272114,525.0,1591.0
272121,533.0,1544.0
272126,677.0,1554.0
272129,528.0,1557.0
272138,410.0,1512.0
272143,677.0,1575.0
272145,449.0,1512.0
272147,481.0,1538.0
272150,585.0,1592.0
272155,718.0,1705.0
272159,562.0,1569.0
272174,674.0,1633.0
272184,539.0,1625.0
272198,453.0,1548.0
272210,491.0,1629.0
272211,518.0,1692.0
272212,581.0,1652.0
272238,732.0,1811.0
272239,454.0,1608.0
272241,496.0,1543.0
272242,583.0,1483.0
272244,496.0,1601.0
272251,688.0,1629.0
272263,502.0,1402.0
272268,487.0,1610.0
272274,630.0,1594.0
272293,656.0,1694.0
272295,549.0,1520.0
272298,562.0,1600.0
272300,702.0,1635.0
272301,682.0,1596.0
272326,729.0,1645.0
272333,476.0,1484.0
272334,499.0,1656.0
272338,571.0,1590.0
272340,547.0,1610.0
272348,457.0,1600.0
272356,793.0,1578.0
272364,506.0,1673.0
272366,485.0,1530.0
272369,691.0,1650.0
272371,510.0,1605.0
272372,602.0,1620.0
272376,834.0,1632.0
272386,633.0,1666.0
272388,654.0,1642.0
272390,741.0,1638.0
272393,642.0,1580.0
272396,436.0,1543.0
272400,984.0,1679.0
272401,535.0,1584.0
272411,641.0,1632.0
272416,766.0,1534.0
272424,729.0,1558.0
272432,843.0,1702.0
272433,471.0,1601.0
272436,645.0,1576.0
272437,690.0,1640.0
272439,775.0,1765.0
272445,716.0,1734.0
272468,567.0,1548.0
272470,481.0,1615.0
272475,627.0,1670.0
272484,805.0,1762.0
272503,614.0,1623.0
272507,785.0,1578.0
272510,515.0,1601.0
272517,703.0,1695.0
272522,523.0,1600.0
272526,571.0,1671.0
272528,497.0,1651.0
272533,495.0,1565.0
272538,568.0,1592.0
272551,617.0,1652.0
272554,543.0,1558.0
272560,530.0,1620.0
272561,546.0,1619.0
272565,598.0,1746.0
272566,700.0,1600.0
272569,544.0,1635.0
272570,705.0,1673.0
272574,819.0,1685.0
272577,807.0,1703.0
272586,731.0,1680.0
272593,719.0,1623.0
272594,633.0,1684.0
272602,546.0,1597.0
272605,495.0,1598.0
272615,470.0,1612.0
272616,604.0,1570.0
272622,592.0,1534.0
272626,726.0,1701.0
272629,700.0,1743.0
272645,534.0,1643.0
272649,557.0,1606.0
272653,464.0,1653.0
272658,573.0,1529.0
272666,642.0,1690.0
272668,449.0,1434.0
272673,738.0,1712.0
272680,577.0,1605.0
272681,559.0,1521.0
272682,532.0,1636.0
272684,776.0,1665.0
272687,555.0,1585.0
272692,522.0,1675.0
272699,728.0,1617.0
272701,619.0,1556.0
272703,717.0,1627.0
272711,494.0,1456.0
272721,558.0,1535.0
272722,633.0,1650.0
272727,617.0,1570.0
272733,534.0,1662.0
272745,676.0,1610.0
272750,463.0,1589.0
272759,725.0,1652.0
272767,616.0,1620.0
272769,704.0,1529.0
272772,533.0,1524.0
272773,529.0,1550.0
272776,573.0,1492.0
272777,648.0,1623.0
272782,723.0,1559.0
272793,555.0,1543.0
272794,585.0,1645.0
272799,785.0,1625.0
272801,559.0,1544.0
272802,895.0,1720.0
272804,608.0,1614.0
272814,462.0,1571.0
272821,567.0,1533.0
272822,792.0,1602.0
272833,561.0,1626.0
272834,550.0,1612.0
272842,524.0,1536.0
272849,832.0,1537.0
272860,549.0,1634.0
272861,497.0,1560.0
272877,477.0,1580.0
272882,726.0,1677.0
272888,833.0,1606.0
272899,531.0,1686.0
272907,558.0,1623.0
272909,498.0,1678.0
272920,472.0,1518.0
272923,709.0,1561.0
272927,660.0,1491.0
272931,578.0,1610.0
272936,545.0,1698.0
272939,527.0,1553.0
272943,518.0,1690.0
272944,644.0,1604.0
272947,610.0,1550.0
272949,558.0,1581.0
272952,564.0,1583.0
272955,514.0,1635.0
272956,601.0,1595.0
272957,620.0,1585.0
272958,461.0,1481.0
272966,510.0,1508.0
272967,567.0,1531.0
272976,681.0,1620.0
272978,805.0,1635.0
272981,516.0,1651.0
272982,497.0,1612.0
272983,718.0,1669.0
272985,687.0,1600.0
272987,769.0,1703.0
273000,779.0,1623.0
273001,688.0,1723.0
273007,774.0,1628.0
273008,524.0,1645.0
273009,572.0,1560.0
273016,586.0,1552.0
273018,628.0,1540.0
273021,785.0,1705.0
273029,881.0,1556.0
273045,727.0,1567.0
273046,462.0,1528.0
273052,509.0,1650.0
273058,467.0,1673.0
273059,477.0,1602.0
273061,613.0,1602.0
273063,766.0,1655.0
273068,472.0,1606.0
273076,546.0,1575.0
273089,385.0,1553.0
273090,551.0,1613.0
273093,553.0,1551.0
273096,510.0,1575.0
273098,528.0,1593.0
273101,518.0,1612.0
273110,503.0,1605.0
273120,527.0,1565.0
273122,511.0,1564.0
273129,561.0,1554.0
273134,742.0,1714.0
273140,662.0,1626.0
273142,669.0,1500.0
273157,844.0,1632.0
273160,634.0,1601.0
273161,723.0,1576.0
273168,608.0,1567.0
273176,509.0,1675.0
273177,628.0,1590.0
273181,589.0,1725.0
273182,500.0,1567.0
273184,480.0,1550.0
273186,593.0,1647.0
273207,607.0,1558.0
273213,590.0,1619.0
273214,492.0,1599.0
273219,476.0,1527.0
273225,560.0,1600.0
273227,497.0,1657.0
273230,553.0,1605.0
273231,627.0,1570.0
273234,827.0,1703.0
273249,570.0,1575.0
273268,555.0,1639.0
273271,529.0,1558.0
273276,523.0,1609.0
273290,573.0,1644.0
273291,659.0,1712.0
273293,512.0,1575.0
273297,657.0,1661.0
273300,545.0,1664.0
273301,613.0,1702.0
273303,561.0,1640.0
273312,517.0,1545.0
273313,541.0,1605.0
273318,531.0,1600.0
273324,666.0,1696.0
273325,985.0,1590.0
273329,490.0,1632.0
273331,859.0,1630.0
273336,525.0,1598.0
273337,423.0,1573.0
273339,450.0,1525.0
273340,581.0,1633.0
273342,711.0,1674.0
273345,460.0,1450.0
273346,607.0,1576.0
273357,530.0,1612.0
273362,728.0,1563.0
273366,695.0,1610.0
273368,587.0,1594.0
273382,514.0,1630.0
273384,538.0,1612.0
273387,520.0,1652.0
273389,666.0,1632.0
273391,582.0,1524.0
273392,410.0,1550.0
273394,693.0,1670.0
273396,824.0,1571.0
273400,588.0,1685.0
273403,601.0,1674.0
273418,534.0,1535.0
273423,416.0,1469.0
273428,501.0,1550.0
273436,920.0,1656.0
273438,647.0,1583.0
273441,525.0,1590.0
273445,646.0,1600.0
273448,471.0,1601.0
273457,542.0,1562.0
273467,583.0,1648.0
273469,576.0,1590.0
273474,523.0,1499.0
273511,575.0,1753.0
273514,649.0,1750.0
273522,464.0,1485.0
273527,591.0,1587.0
273535,493.0,1517.0
273536,452.0,1509.0
273539,495.0,1538.0
273543,574.0,1632.0
273547,606.0,1655.0
273549,494.0,1620.0
273554,523.0,1509.0
273571,529.0,1605.0
273590,412.0,1541.0
273594,470.0,1599.0
273596,626.0,1581.0
273602,657.0,1652.0
273612,555.0,1563.0
273617,520.0,1545.0
273621,494.0,1583.0
273622,514.0,1536.0
273623,629.0,1651.0
273645,580.0,1521.0
273647,683.0,1640.0
273648,470.0,1585.0
273651,554.0,1636.0
273659,442.0,1477.0
273666,514.0,1520.0
273669,521.0,1636.0
273670,547.0,1590.0
273676,532.0,1655.0
273677,590.0,1614.0
273680,445.0,1470.0
273693,685.0,1669.0
273696,477.0,1558.0
273702,970.0,1640.0
273705,598.0,1728.0
273711,575.0,1556.0
273713,661.0,1590.0
273716,638.0,1665.0
273719,585.0,1581.0
273720,897.0,1570.0
273727,750.0,1550.0
273746,777.0,1625.0
273753,525.0,1605.0
273759,552.0,1571.0
273761,539.0,1544.0
273767,537.0,1519.0
273771,550.0,1575.0
273772,449.0,1606.0
273774,586.0,1662.0
273775,438.0,1496.0
273778,828.0,1630.0
273783,738.0,1592.0
273784,576.0,1628.0
273789,663.0,1480.0
273794,627.0,1625.0
273796,562.0,1662.0
273799,715.0,1606.0
273805,536.0,1598.0
273812,756.0,1645.0
273814,645.0,1683.0
273816,460.0,1678.0
273817,420.0,1525.0
273843,656.0,1603.0
273848,800.0,1529.0
273850,733.0,1623.0
273857,665.0,1653.0
273859,885.0,1622.0
273865,721.0,1623.0
273869,715.0,1493.0
273874,566.0,1583.0
273877,648.0,1648.0
273882,631.0,1558.0
273900,665.0,1725.0
273901,699.0,1587.0
273905,781.0,1534.0
273908,666.0,1621.0
273914,394.0,1556.0
273916,610.0,1679.0
273917,678.0,1501.0
273920,965.0,1550.0
273923,609.0,1623.0
273924,589.0,1554.0
273927,737.0,1655.0
273946,476.0,1655.0
273951,486.0,1591.0
273953,576.0,1604.0
273954,528.0,1578.0
273962,529.0,1620.0
273991,460.0,1636.0
274002,511.0,1705.0
274003,460.0,1550.0
274010,586.0,1545.0
274014,549.0,1549.0
274018,444.0,1573.0
274029,553.0,1596.0
274037,665.0,1718.0
274046,716.0,1603.0
274056,677.0,1533.0
274059,496.0,1501.0
274065,466.0,1559.0
274066,570.0,1564.0
274083,652.0,1635.0
274085,574.0,1600.0
274088,543.0,1670.0
274089,528.0,1630.0
274093,869.0,1606.0
274098,750.0,1558.0
274099,551.0,1628.0
274103,712.0,1611.0
274106,675.0,1571.0
274108,658.0,1584.0
274111,477.0,1570.0
274114,626.0,1664.0
274115,485.0,1588.0
274123,710.0,1642.0
274124,451.0,1497.0
274129,435.0,1441.0
274130,464.0,1542.0
274135,561.0,1564.0
274136,630.0,1540.0
274137,615.0,1542.0
274145,876.0,1626.0
274152,591.0,1603.0
274153,462.0,1598.0
274157,739.0,1560.0
274158,768.0,1660.0
274162,570.0,1626.0
274163,770.0,1602.0
274166,635.0,1621.0
274174,707.0,1604.0
274178,545.0,1536.0
274183,602.0,1699.0
274202,790.0,1655.0
274207,534.0,1605.0
274212,529.0,1519.0
274214,587.0,1544.0
274220,627.0,1645.0
274223,604.0,1587.0
274224,525.0,1550.0
274229,683.0,1639.0
274233,517.0,1555.0
274236,794.0,1555.0
274248,560.0,1585.0
274249,431.0,1489.0
274258,606.0,1570.0
274262,602.0,1714.0
274263,747.0,1639.0
274265,764.0,1727.0
274271,723.0,1583.0
274280,526.0,1560.0
274285,572.0,1601.0
274286,488.0,1582.0
274290,458.0,1576.0
274292,655.0,1638.0
274295,450.0,1496.0
274296,771.0,1683.0
274300,621.0,1635.0
274303,691.0,1620.0
274305,601.0,1701.0
274308,721.0,1601.0
274310,531.0,1532.0
274314,513.0,1560.0
274322,522.0,1684.0
274325,599.0,1619.0
274328,443.0,1641.0
274334,620.0,1625.0
274335,700.0,1620.0
274336,595.0,1550.0
274338,681.0,1617.0
274364,517.0,1586.0
274369,518.0,1613.0
274371,619.0,1695.0
274375,571.0,1633.0
274377,550.0,1510.0
274382,582.0,1621.0
274384,588.0,1538.0
274389,652.0,1635.0
274390,507.0,1607.0
274391,541.0,1525.0
274400,472.0,1600.0
274414,687.0,1652.0
274422,542.0,1672.0
274424,533.0,1566.0
274428,583.0,1690.0
274430,485.0,1599.0
274433,618.0,1642.0
274441,719.0,1494.0
274449,768.0,1650.0
274452,530.0,1531.0
274455,689.0,1568.0
274457,581.0,1600.0
274464,463.0,1645.0
274469,511.0,1581.0
274476,523.0,1565.0
274480,515.0,1587.0
274481,552.0,1625.0
274482,773.0,1754.0
274488,794.0,1564.0
274493,558.0,1526.0
274494,542.0,1584.0
274495,474.0,1540.0
274499,528.0,1637.0
274504,531.0,1547.0
274506,655.0,1589.0
274507,718.0,1576.0
274528,671.0,1688.0
274535,509.0,1683.0
274537,583.0,1658.0
274546,485.0,1575.0
274548,500.0,1622.0
274553,561.0,1612.0
274558,561.0,1515.0
274564,691.0,1711.0
274565,611.0,1670.0
274567,608.0,1548.0
274589,546.0,1597.0
274595,523.0,1518.0
274600,867.0,1507.0
274603,632.0,1618.0
274608,528.0,1403.0
274612,697.0,1565.0
274617,555.0,1549.0
274620,732.0,1630.0
274623,687.0,1595.0
274627,607.0,1525.0
274631,793.0,1688.0
274632,567.0,1656.0
274633,538.0,1582.0
274634,652.0,1635.0
274635,1055.0,1634.0
274640,585.0,1615.0
274642,850.0,1582.0
274644,555.0,1668.0
274647,806.0,1655.0
274649,551.0,1565.0
274653,711.0,1690.0
274665,772.0,1674.0
274671,568.0,1613.0
274674,615.0,1630.0
274677,608.0,1661.0
274697,431.0,1493.0
274700,603.0,1616.0
274711,538.0,1613.0
274713,657.0,1604.0
274715,457.0,1503.0
274718,499.0,1541.0
274720,891.0,1654.0
274722,542.0,1638.0
274731,643.0,1590.0
274735,564.0,1600.0
274739,814.0,1683.0
274742,756.0,1554.0
274752,576.0,1570.0
274760,746.0,1558.0
274763,541.0,1535.0
274767,816.0,1626.0
274771,691.0,1685.0
274774,682.0,1498.0
274786,730.0,1653.0
274788,598.0,1549.0
274790,941.0,1677.0
274793,611.0,1441.0
274813,523.0,1562.0
274817,602.0,1622.0
274818,552.0,1574.0
274821,605.0,1554.0
274824,603.0,1633.0
274825,583.0,1649.0
274826,477.0,1585.0
274858,460.0,1451.0
274866,679.0,1677.0
274868,675.0,1712.0
274879,567.0,1575.0
274882,416.0,1558.0
274887,781.0,1616.0
274893,512.0,1567.0
274895,698.0,1584.0
274904,536.0,1560.0
274907,1046.0,1623.0
274914,580.0,1581.0
274919,556.0,1602.0
274925,620.0,1635.0
274929,770.0,1631.0
274938,578.0,1572.0
274966,648.0,1629.0
274976,555.0,1616.0
274978,482.0,1624.0
274984,603.0,1640.0
274986,482.0,1571.0
274991,516.0,1633.0
274994,723.0,1513.0
275005,613.0,1522.0
275010,574.0,1643.0
275011,599.0,1683.0
275023,596.0,1588.0
275028,554.0,1600.0
275031,614.0,1639.0
275052,750.0,1621.0
275055,690.0,1585.0
275058,601.0,1591.0
275059,601.0,1681.0
275061,611.0,1599.0
275064,759.0,1652.0
275079,631.0,1615.0
275086,452.0,1540.0
275089,481.0,1570.0
275095,623.0,1730.0
275099,425.0,1550.0
275105,734.0,1620.0
275107,483.0,1645.0
275123,841.0,1591.0
275134,521.0,1693.0
275137,744.0,1637.0
275140,638.0,1715.0
275141,613.0,1671.0
275143,666.0,1523.0
275145,937.0,1641.0
275149,490.0,1500.0
275160,698.0,1593.0
275174,570.0,1573.0
275176,666.0,1584.0
275180,652.0,1663.0
275184,560.0,1570.0
275190,821.0,1532.0
275193,519.0,1556.0
275198,577.0,1620.0
275200,468.0,1458.0
275202,739.0,1625.0
275206,725.0,1583.0
275207,561.0,1633.0
275214,657.0,1603.0
275217,495.0,1539.0
275221,509.0,1655.0
275226,505.0,1624.0
275228,568.0,1583.0
275234,551.0,1546.0
275241,536.0,1608.0
275242,515.0,1611.0
275252,461.0,1593.0
275256,467.0,1471.0
275259,570.0,1575.0
275283,576.0,1542.0
275285,495.0,1587.0
275290,578.0,1660.0
275291,428.0,1517.0
275298,487.0,1542.0
275299,543.0,1547.0
275301,521.0,1561.0
275304,624.0,1658.0
275347,693.0,1640.0
275353,556.0,1569.0
275355,514.0,1622.0
275363,609.0,1694.0
275367,708.0,1603.0
275370,609.0,1522.0
275371,426.0,1528.0
275375,565.0,1656.0
275377,570.0,1642.0
275379,538.0,1560.0
275380,533.0,1636.0
275384,485.0,1482.0
275396,579.0,1560.0
275401,627.0,1685.0
275403,632.0,1665.0
275416,514.0,1652.0
275419,591.0,1548.0
275421,836.0,1650.0
275427,645.0,1650.0
275432,684.0,1613.0
275435,646.0,1622.0
275438,402.0,1520.0
275443,681.0,1610.0
275449,512.0,1595.0
275452,587.0,1587.0
275455,604.0,1667.0
275468,428.0,1503.0
275471,475.0,1620.0
275472,481.0,1605.0
275483,552.0,1608.0
275484,496.0,1582.0
275487,556.0,1607.0
275488,500.0,1550.0
275490,552.0,1540.0
275499,437.0,1573.0
275515,532.0,1580.0
275529,436.0,1576.0
275537,506.0,1558.0
275544,632.0,1640.0
275551,480.0,1530.0
275562,630.0,1662.0
275564,582.0,1597.0
275574,530.0,1582.0
275577,761.0,1668.0
275581,760.0,1716.0
275582,463.0,1492.0
275596,596.0,1568.0
275600,575.0,1551.0
275603,757.0,1606.0
275605,601.0,1532.0
275613,624.0,1560.0
275618,629.0,1605.0
275631,472.0,1554.0
275635,833.0,1562.0
275650,564.0,1575.0
275653,710.0,1598.0
275655,647.0,1580.0
275656,641.0,1655.0
275664,416.0,1548.0
275667,542.0,1632.0
275674,564.0,1518.0
275675,514.0,1638.0
275678,690.0,1637.0
275680,514.0,1644.0
275697,620.0,1626.0
275698,354.0,1489.0
275701,548.0,1535.0
275705,523.0,1560.0
275707,625.0,1513.0
275713,559.0,1700.0
275715,587.0,1549.0
275722,418.0,1520.0
275742,450.0,1416.0
275750,423.0,1438.0
275761,501.0,1576.0
275766,358.0,1512.0
275770,553.0,1555.0
275771,454.0,1464.0
275772,435.0,1531.0
275776,509.0,1565.0
275783,520.0,1653.0
275787,586.0,1627.0
275792,659.0,1640.0
275798,492.0,1567.0
275799,714.0,1551.0
275805,512.0,1516.0
275812,507.0,1497.0
275839,640.0,1500.0
275857,487.0,1582.0
275858,588.0,1669.0
275860,595.0,1674.0
275865,541.0,1529.0
275876,599.0,1613.0
275887,536.0,1639.0
275888,465.0,1505.0
275893,444.0,1518.0
275907,891.0,1604.0
275910,901.0,1560.0
275914,700.0,1596.0
275921,487.0,1520.0
275931,483.0,1580.0
275934,550.0,1550.0
275952,607.0,1700.0
275954,583.0,1689.0
275956,639.0,1632.0
275968,572.0,1589.0
275974,649.0,1619.0
275980,523.0,1593.0
275988,520.0,1596.0
275994,747.0,1565.0
275997,624.0,1534.0
276001,712.0,1576.0
276006,750.0,1560.0
276007,480.0,1631.0
276010,778.0,1594.0
276019,598.0,1672.0
276023,593.0,1611.0
276025,477.0,1608.0
276026,798.0,1552.0
276029,592.0,1565.0
276030,586.0,1615.0
276033,510.0,1575.0
276054,390.0,1548.0
276069,492.0,1593.0
276071,583.0,1630.0
276081,491.0,1609.0
276090,484.0,1530.0
276092,618.0,1520.0
276100,629.0,1635.0
276110,687.0,1528.0
276117,643.0,1591.0
276124,561.0,1521.0
276125,519.0,1694.0
276147,644.0,1615.0
276160,620.0,1668.0
276162,522.0,1634.0
276163,546.0,1607.0
276175,585.0,1545.0
276177,473.0,1488.0
276178,499.0,1582.0
276194,493.0,1471.0
276197,420.0,1306.0
276203,564.0,1522.0
276208,782.0,1755.0
276209,792.0,1597.0
276218,558.0,1665.0
276226,421.0,1485.0
276228,640.0,1550.0
276230,626.0,1552.0
276237,648.0,1550.0
276241,518.0,1554.0
276245,520.0,1601.0
276255,598.0,1649.0
276264,757.0,1564.0
276268,486.0,1556.0
276270,612.0,1613.0
276274,856.0,1580.0
276277,809.0,1614.0
276280,581.0,1545.0
276287,615.0,1690.0
276291,558.0,1469.0
276292,821.0,1671.0
276295,754.0,1650.0
276301,668.0,1604.0
276302,490.0,1497.0
276303,580.0,1590.0
276304,797.0,1631.0
276319,629.0,1560.0
276330,539.0,1591.0
276332,693.0,1682.0
276336,518.0,1670.0
276337,912.0,1550.0
276350,612.0,1558.0
276352,516.0,1546.0
276353,667.0,1610.0
276356,599.0,1645.0
276358,608.0,1680.0
276363,590.0,1416.0
276364,545.0,1543.0
276368,570.0,1615.0
276371,494.0,1544.0
276372,554.0,1637.0
276399,425.0,1520.0
276409,560.0,1541.0
276418,552.0,1530.0
276419,694.0,1512.0
276424,763.0,1610.0
276432,443.0,1590.0
276439,541.0,1551.0
276444,405.0,1526.0
276463,625.0,1613.0
276471,561.0,1671.0
276476,636.0,1634.0
276487,496.0,1545.0
276495,742.0,1690.0
276498,594.0,1668.0
276502,451.0,1575.0
276505,1069.0,1635.0
276512,603.0,1680.0
276532,582.0,1591.0
276539,532.0,1576.0
276546,525.0,1590.0
276548,604.0,1543.0
276555,605.0,1529.0
276556,488.0,1581.0
276558,513.0,1563.0
276559,583.0,1582.0
276573,466.0,1595.0
276577,593.0,1475.0
276583,528.0,1529.0
276588,514.0,1530.0
276605,770.0,1675.0
276609,692.0,1620.0
276614,577.0,1697.0
276620,567.0,1620.0
276624,528.0,1560.0
276628,447.0,1574.0
276631,530.0,1556.0
276636,402.0,1480.0
276637,498.0,1600.0
276643,686.0,1750.0
276648,447.0,1579.0
276649,687.0,1680.0
276657,482.0,1493.0
276661,584.0,1573.0
276668,552.0,1655.0
276677,728.0,1496.0
276684,492.0,1570.0
276692,752.0,1622.0
276699,618.0,1493.0
276702,634.0,1485.0
276703,790.0,1619.0
276717,559.0,1643.0
276740,698.0,1604.0
276755,527.0,1499.0
276766,475.0,1615.0
276777,584.0,1631.0
276801,457.0,1520.0
276820,510.0,1661.0
276825,493.0,1582.0
276829,513.0,1562.0
276838,431.0,1590.0
276841,489.0,1590.0
276851,712.0,1708.0
276873,554.0,1573.0
276876,476.0,1585.0
276884,585.0,1579.0
276889,547.0,1587.0
276891,579.0,1675.0
276896,789.0,1680.0
276918,476.0,1534.0
276924,566.0,1625.0
276925,621.0,1635.0
276932,594.0,1556.0
276941,495.0,1547.0
276944,692.0,1582.0
276952,508.0,1471.0
276954,495.0,1576.0
276959,640.0,1695.0
276962,696.0,1574.0
276964,477.0,1576.0
276973,936.0,1594.0
276987,579.0,1574.0
277030,870.0,1600.0
277036,623.0,1640.0
277047,446.0,1534.0
277054,722.0,1694.0
277061,895.0,1621.0
277074,623.0,1572.0
277083,373.0,1539.0
277087,742.0,1601.0
277091,721.0,1680.0
277112,494.0,1512.0
277114,623.0,1544.0
277118,577.0,1490.0
277125,512.0,1480.0
277141,649.0,1568.0
277149,828.0,1674.0
277154,512.0,1530.0
277192,441.0,1514.0
277207,651.0,1615.0
277212,478.0,1547.0
277229,474.0,1620.0
277231,488.0,1495.0
277238,377.0,1485.0
277256,569.0,1500.0
277262,784.0,1620.0
277275,452.0,1444.0
277278,675.0,1560.0
277287,453.0,1453.0
277290,567.0,1500.0
277294,798.0,1562.0
277298,482.0,1490.0
277302,420.0,1510.0
277305,584.0,1670.0
277309,522.0,1490.0
277326,445.0,1542.0
277333,581.0,1569.0
277343,620.0,1590.0
277354,474.0,1540.0
277359,670.0,1670.0
277368,636.0,1589.0
277373,667.0,1665.0
277392,550.0,1680.0
277401,471.0,1520.0
277407,508.0,1545.0
277422,563.0,1610.0
277427,673.0,1597.0
277430,524.0,1487.0
277442,834.0,1640.0
277445,574.0,1545.0
277446,478.0,1540.0
277452,535.0,1566.0
277454,592.0,1592.0
277455,645.0,1587.0
277460,861.0,1610.0
277468,690.0,1523.0
277481,531.0,1564.0
277490,650.0,1628.0
277498,783.0,1665.0
277510,508.0,1640.0
277525,424.0,1560.0
277534,487.0,1520.0
277535,492.0,1616.0
277546,477.0,1570.0
277550,505.0,1594.0
277556,580.0,1580.0
277560,536.0,1534.0
277568,594.0,1540.0
277569,526.0,1602.0
277573,555.0,1547.0
277587,470.0,1546.0
277593,501.0,1495.0
277600,507.0,1510.0
277611,445.0,1544.0
277612,640.0,1635.0
277636,529.0,1546.0
277641,700.0,1668.0
277646,527.0,1564.0
277648,732.0,1640.0
277657,533.0,1601.0
277658,978.0,1609.0
277664,723.0,1660.0
277669,615.0,1595.0
277672,812.0,1581.0
277674,452.0,1566.0
277681,579.0,1571.0
277686,1005.0,1674.0
277687,416.0,1586.0
277689,672.0,1542.0
277697,729.0,1634.0
277699,589.0,1614.0
277708,743.0,1557.0
277731,462.0,1506.0
277732,386.0,1576.0
277741,723.0,1663.0
277748,535.0,1515.0
277752,739.0,1558.0
277760,678.0,1674.0
277772,685.0,1651.0
277777,476.0,1548.0
277791,436.0,1590.0
277792,400.0,1580.0
277793,583.0,1471.0
277811,482.0,1580.0
277817,618.0,1649.0
277855,454.0,1454.0
277858,533.0,1524.0
277859,656.0,1577.0
277862,539.0,1586.0
277863,818.0,1620.0
277869,587.0,1622.0
277877,543.0,1582.0
277886,891.0,1702.0
277895,648.0,1600.0
277904,670.0,1621.0
277909,634.0,1586.0
277914,473.0,1638.0
277917,731.0,1618.0
277923,608.0,1540.0
277924,485.0,1575.0
277927,632.0,1630.0
277933,462.0,1584.0
277934,528.0,1546.0
277936,639.0,1688.0
277943,856.0,1523.0
277955,484.0,1600.0
277961,519.0,1543.0
277969,523.0,1550.0
277977,461.0,1510.0
277983,410.0,1520.0
277990,590.0,1541.0
277994,540.0,1525.0
277995,574.0,1575.0
277996,632.0,1620.0
277998,856.0,1691.0
278010,457.0,1545.0
278012,425.0,1560.0
278019,617.0,1704.0
278033,670.0,1645.0
278040,598.0,1635.0
278054,522.0,1548.0
278060,531.0,1645.0
278064,515.0,1593.0
278070,685.0,1589.0
278074,844.0,1797.0
278096,505.0,1562.0
278097,474.0,1535.0
278103,581.0,1511.0
278116,564.0,1545.0
278118,488.0,1507.0
278119,553.0,1570.0
278122,546.0,1486.0
278128,535.0,1560.0
278132,592.0,1635.0
278133,636.0,1533.0
278148,717.0,1665.0
278158,510.0,1525.0
278162,537.0,1565.0
278169,816.0,1610.0
278179,628.0,1642.0
278184,599.0,1520.0
278189,574.0,1638.0
278194,538.0,1642.0
278196,808.0,1680.0
278206,542.0,1594.0
278226,631.0,1630.0
278231,730.0,1800.0
278232,587.0,1510.0
278241,613.0,1571.0
278248,507.0,1494.0
278255,645.0,1633.0
278267,435.0,1470.0
278281,631.0,1595.0
278290,450.0,1544.0
278292,569.0,1655.0
278295,693.0,1720.0
278310,536.0,1568.0
278316,641.0,1573.0
278317,569.0,1560.0
278318,423.0,1487.0
278324,637.0,1560.0
278337,786.0,1557.0
278345,639.0,1608.0
278347,550.0,1593.0
278351,592.0,1591.0
278353,549.0,1592.0
278356,565.0,1517.0
278367,639.0,1505.0
278368,694.0,1593.0
278373,441.0,1492.0
278377,689.0,1551.0
278385,672.0,1583.0
278392,915.0,1536.0
278417,841.0,1604.0
278423,465.0,1442.0
278435,537.0,1556.0
278453,777.0,1762.0
278455,517.0,1601.0
278456,439.0,1579.0
278458,794.0,1640.0
278459,525.0,1689.0
278460,625.0,1615.0
278468,455.0,1660.0
278474,487.0,1530.0
278476,512.0,1636.0
278477,505.0,1638.0
278478,741.0,1594.0
278487,459.0,1493.0
278492,496.0,1540.0
278504,523.0,1605.0
278510,523.0,1530.0
278517,595.0,1595.0
278528,540.0,1687.0
278536,578.0,1785.0
278537,489.0,1653.0
278543,538.0,1598.0
278547,491.0,1550.0
278554,506.0,1634.0
278558,583.0,1643.0
278587,406.0,1492.0
278589,470.0,1500.0
278595,601.0,1592.0
278599,620.0,1600.0
278600,686.0,1662.0
278610,457.0,1542.0
278623,773.0,1614.0
278647,435.0,1500.0
278656,616.0,1571.0
278660,513.0,1536.0
278668,624.0,1632.0
278682,612.0,1553.0
278691,658.0,1673.0
278709,534.0,1571.0
278721,546.0,1527.0
278744,487.0,1587.0
278758,467.0,1568.0
278762,518.0,1542.0
278764,533.0,1580.0
278771,470.0,1523.0
278772,452.0,1533.0
278775,465.0,1579.0
278777,513.0,1658.0
278788,545.0,1590.0
278791,443.0,1580.0
278797,527.0,1500.0
278805,483.0,1495.0
278813,495.0,1622.0
278820,430.0,1604.0
278823,435.0,1512.0
278829,534.0,1594.0
278845,582.0,1674.0
278854,589.0,1545.0
278857,563.0,1611.0
278862,534.0,1593.0
278863,561.0,1681.0
278877,550.0,1655.0
278888,651.0,1546.0
278896,548.0,1652.0
278904,480.0,1585.0
278905,583.0,1601.0
278906,619.0,1606.0
278910,675.0,1641.0
278916,467.0,1550.0
278930,540.0,1530.0
278936,556.0,1554.0
278939,585.0,1677.0
278946,554.0,1634.0
278949,500.0,1524.0
278950,561.0,1554.0
278969,750.0,1670.0
278976,437.0,1435.0
278979,542.0,1601.0
278985,589.0,1611.0
278993,494.0,1530.0
278997,654.0,1643.0
278998,498.0,1553.0
279003,588.0,1602.0
279006,637.0,1622.0
279012,616.0,1610.0
279016,558.0,1630.0
279039,520.0,1490.0
279042,457.0,1530.0
279055,587.0,1566.0
279066,435.0,1528.0
279071,496.0,1540.0
279089,433.0,1505.0
279093,694.0,1601.0
279104,540.0,1640.0
279114,518.0,1621.0
279120,477.0,1523.0
279148,505.0,1551.0
279150,544.0,1562.0
279153,647.0,1612.0
279156,483.0,1481.0
279158,526.0,1784.0
279199,641.0,1652.0
279202,551.0,1530.0
279203,497.0,1608.0
279210,833.0,1623.0
279214,655.0,1587.0
279229,623.0,1608.0
279231,812.0,1662.0
279246,777.0,1565.0
279260,710.0,1650.0
279262,843.0,1645.0
279294,558.0,1560.0
279298,477.0,1503.0
279300,490.0,1572.0
279310,552.0,1556.0
279322,510.0,1495.0
279337,492.0,1521.0
279341,805.0,1772.0
279357,624.0,1558.0
279358,527.0,1562.0
279359,757.0,1610.0
279366,491.0,1560.0
279385,540.0,1523.0
279386,485.0,1669.0
279400,464.0,1587.0
279413,533.0,1548.0
279414,480.0,1600.0
279415,426.0,1593.0
279419,467.0,1529.0
279420,757.0,1694.0
279431,465.0,1616.0
279437,435.0,1472.0
279454,510.0,1565.0
279461,566.0,1597.0
279465,513.0,1511.0
279481,646.0,1735.0
279486,577.0,1708.0
279502,516.0,1558.0
279503,570.0,1640.0
279511,490.0,1539.0
279520,533.0,1554.0
279539,710.0,1600.0
279551,522.0,1575.0
279554,545.0,1512.0
279555,770.0,1575.0
279561,441.0,1476.0
279562,482.0,1585.0
279573,498.0,1731.0
279575,751.0,1589.0
279580,987.0,1655.0
279588,621.0,1586.0
279611,625.0,1621.0
279614,688.0,1543.0
279632,634.0,1583.0
279638,880.0,1580.0
279645,767.0,1571.0
279652,528.0,1637.0
279662,510.0,1562.0
279665,730.0,1639.0
279671,672.0,1605.0
279675,652.0,1632.0
279676,481.0,1600.0
279683,556.0,1612.0
279685,739.0,1791.0
279686,513.0,1603.0
279711,660.0,1582.0
279712,510.0,1625.0
279717,685.0,1570.0
279719,566.0,1665.0
279728,505.0,1490.0
279736,732.0,1645.0
279738,590.0,1525.0
279744,478.0,1610.0
279752,781.0,1516.0
279760,868.0,1622.0
279764,529.0,1603.0
279766,640.0,1570.0
279767,544.0,1500.0
279771,495.0,1495.0
279776,482.0,1466.0
279779,471.0,1420.0
279780,629.0,1660.0
279782,621.0,1595.0
279785,801.0,1535.0
279799,509.0,1565.0
279804,1233.0,1685.0
279811,618.0,1593.0
279819,661.0,1655.0
279822,672.0,1605.0
279825,612.0,1600.0
279836,495.0,1521.0
279894,569.0,1653.0
279903,488.0,1550.0
279908,465.0,1530.0
279910,619.0,1585.0
279916,551.0,1650.0
279917,487.0,1540.0
279921,484.0,1600.0
279943,702.0,1697.0
279944,561.0,1689.0
279945,398.0,1537.0
279957,539.0,1585.0
279969,701.0,1602.0
279973,642.0,1587.0
279976,706.0,1630.0
279980,682.0,1742.0
279985,485.0,1585.0
279987,702.0,1694.0
279993,523.0,1550.0
279999,853.0,1683.0
280008,586.0,1641.0
280010,477.0,1590.0
280011,426.0,1515.0
280015,564.0,1510.0
280018,896.0,1525.0
280033,645.0,1780.0
280059,820.0,1634.0
280071,591.0,1560.0
280077,552.0,1585.0
280088,678.0,1533.0
280090,537.0,1632.0
280094,403.0,1593.0
280102,552.0,1541.0
280103,421.0,1542.0
280108,510.0,1531.0
280133,471.0,1562.0
280140,445.0,1600.0
280144,507.0,1650.0
280145,677.0,1615.0
280148,508.0,1566.0
280152,707.0,1572.0
280153,673.0,1729.0
280155,526.0,1590.0
280159,492.0,1580.0
280164,683.0,1584.0
280165,613.0,1661.0
280172,544.0,1627.0
280189,421.0,1515.0
280195,620.0,1570.0
280205,564.0,1600.0
280217,511.0,1530.0
280222,520.0,1560.0
280231,535.0,1547.0
280243,580.0,1572.0
280247,490.0,1537.0
280252,519.0,1539.0
280258,503.0,1405.0
280263,620.0,1692.0
280284,649.0,1582.0
280298,685.0,1545.0
280302,467.0,1578.0
280309,659.0,1576.0
280314,622.0,1520.0
280319,491.0,1515.0
280320,493.0,1540.0
280323,471.0,1486.0
280328,549.0,1530.0
280332,617.0,1635.0
280339,705.0,1563.0
280357,644.0,1540.0
280372,743.0,1687.0
280377,499.0,1567.0
280385,535.0,1453.0
280386,846.0,1563.0
280395,858.0,1623.0
280401,595.0,1602.0
280414,511.0,1535.0
280439,516.0,1510.0
280448,433.0,1525.0
280449,549.0,1603.0
280468,424.0,1409.0
280472,594.0,1573.0
280474,599.0,1603.0
280489,597.0,1611.0
280490,638.0,1663.0
280500,738.0,1580.0
280502,598.0,1620.0
280515,519.0,1519.0
280539,558.0,1592.0
280542,604.0,1584.0
280543,713.0,1632.0
280546,572.0,1551.0
280553,494.0,1604.0
280575,614.0,1590.0
280584,575.0,1616.0
280593,466.0,1530.0
280605,521.0,1500.0
280610,629.0,1520.0
280612,694.0,1524.0
280629,568.0,1577.0
280635,711.0,1585.0
280644,601.0,1528.0
280646,643.0,1652.0
280647,475.0,1440.0
280653,513.0,1586.0
280663,534.0,1665.0
280668,770.0,1672.0
280672,553.0,1575.0
280693,582.0,1584.0
280701,456.0,1550.0
280710,491.0,1554.0
280714,542.0,1520.0
280733,498.0,1556.0
280758,578.0,1631.0
280759,685.0,1576.0
280763,500.0,1610.0
280770,653.0,1633.0
280772,581.0,1549.0
280782,415.0,1490.0
280783,571.0,1530.0
280787,566.0,1615.0
280810,520.0,1597.0
280817,508.0,1535.0
280833,510.0,1669.0
280843,487.0,1541.0
280847,456.0,1582.0
280848,364.0,1507.0
280862,625.0,1570.0
280869,575.0,1610.0
280879,492.0,1477.0
280883,454.0,1499.0
280903,611.0,1644.0
280929,1088.0,1612.0
280934,632.0,1664.0
280940,597.0,1726.0
280947,653.0,1624.0
280949,623.0,1554.0
280954,494.0,1567.0
280966,596.0,1514.0
280978,520.0,1506.0
281005,477.0,1561.0
281016,553.0,1562.0
281020,533.0,1570.0
281029,640.0,1620.0
281036,500.0,1545.0
281041,631.0,1598.0
281048,561.0,1613.0
281055,492.0,1570.0
281057,518.0,1610.0
281059,527.0,1520.0
281076,462.0,1533.0
281086,537.0,1522.0
281094,545.0,1516.0
281098,603.0,1562.0
281101,595.0,1504.0
281102,424.0,1530.0
281104,635.0,1670.0
281106,781.0,1534.0
281115,677.0,1580.0
281123,680.0,1590.0
281126,485.0,1446.0
281138,452.0,1534.0
281140,520.0,1570.0
281145,500.0,1500.0
281146,560.0,1555.0
281156,472.0,1595.0
281167,536.0,1580.0
281192,446.0,1449.0
281201,460.0,1483.0
281227,502.0,1483.0
281232,804.0,1615.0
281233,781.0,1612.0
281239,644.0,1645.0
281243,585.0,1673.0
281247,534.0,1587.0
281252,598.0,1665.0
281262,536.0,1615.0
281267,620.0,1580.0
281272,444.0,1590.0
281277,615.0,1544.0
281281,659.0,1676.0
281287,561.0,1570.0
281302,691.0,1631.0
281325,617.0,1594.0
281328,617.0,1563.0
281333,538.0,1553.0
281334,617.0,1580.0
281370,603.0,1605.0
281372,659.0,1624.0
281417,555.0,1545.0
281422,496.0,1565.0
281423,522.0,1613.0
281432,495.0,1519.0
281459,526.0,1574.0
281462,509.0,1541.0
281466,558.0,1506.0
281469,617.0,1523.0
281479,451.0,1632.0
281490,591.0,1630.0
281497,502.0,1582.0
281512,701.0,1632.0
281518,626.0,1606.0
281523,627.0,1760.0
281531,560.0,1573.0
281542,546.0,1635.0
281571,663.0,1594.0
281577,438.0,1530.0
281589,648.0,1543.0
281593,508.0,1585.0
281599,581.0,1570.0
281602,664.0,1638.0
281608,509.0,1563.0
281610,635.0,1594.0
281613,581.0,1620.0
281622,609.0,1620.0
281632,475.0,1501.0
281633,510.0,1635.0
281649,583.0,1641.0
281651,870.0,1663.0
281656,553.0,1610.0
281661,615.0,1508.0
281693,500.0,1525.0
281727,480.0,1554.0
281740,594.0,1516.0
281763,716.0,1596.0
281770,555.0,1624.0
281778,696.0,1586.0
281782,682.0,1579.0
281789,432.0,1500.0
281792,517.0,1589.0
281796,666.0,1700.0
281809,815.0,1621.0
281816,621.0,1610.0
281820,576.0,1672.0
281822,866.0,1672.0
281842,547.0,1513.0
281846,1010.0,1650.0
281847,642.0,1616.0
281852,836.0,1709.0
281855,888.0,1601.0
281857,551.0,1587.0
281858,577.0,1667.0
281859,828.0,1530.0
281863,494.0,1684.0
281865,545.0,1530.0
281868,838.0,1731.0
281874,716.0,1588.0
281887,565.0,1473.0
281897,580.0,1570.0
281901,654.0,1681.0
281907,542.0,1709.0
281912,473.0,1556.0
281917,616.0,1680.0
281923,792.0,1764.0
281927,579.0,1581.0
281931,392.0,1495.0
281935,567.0,1535.0
281941,424.0,1482.0
281942,533.0,1619.0
281955,476.0,1580.0
281963,504.0,1705.0
281975,573.0,1600.0
281977,536.0,1511.0
281982,454.0,1540.0
281989,635.0,1632.0
281991,443.0,1516.0
281996,406.0,1507.0
281999,564.0,1578.0
282028,390.0,1493.0
282039,493.0,1612.0
282043,491.0,1403.0
282048,553.0,1562.0
282076,903.0,1742.0
282082,501.0,1599.0
282089,705.0,1693.0
282112,563.0,1650.0
282116,573.0,1573.0
282126,671.0,1662.0
282129,529.0,1552.0
282131,485.0,1521.0
282132,542.0,1578.0
282145,698.0,1565.0
282149,468.0,1752.0
282151,607.0,1583.0
282158,742.0,1685.0
282178,590.0,1664.0
282180,786.0,1651.0
282186,578.0,1671.0
282188,689.0,1611.0
282196,786.0,1674.0
282201,727.0,1612.0
282205,777.0,1652.0
282207,706.0,1624.0
282221,514.0,1495.0
282232,740.0,1620.0
282233,683.0,1590.0
282242,753.0,1610.0
282249,816.0,1695.0
282252,855.0,1633.0
282259,550.0,1530.0
282264,883.0,1723.0
282269,507.0,1549.0
282287,815.0,1685.0
282300,571.0,1602.0
282301,634.0,1504.0
282303,690.0,1580.0
282304,767.0,1575.0
282311,414.0,1487.0
282314,580.0,1580.0
282315,707.0,1675.0
282323,422.0,1491.0
282338,607.0,1564.0
282352,617.0,1605.0
282360,563.0,1555.0
282381,556.0,1646.0
282388,494.0,1636.0
282410,568.0,1630.0
282413,519.0,1576.0
282419,533.0,1610.0
282428,448.0,1551.0
282433,490.0,1690.0
282435,474.0,1560.0
282444,417.0,1538.0
282448,530.0,1603.0
282450,522.0,1569.0
282453,482.0,1512.0
282454,457.0,1530.0
282456,569.0,1620.0
282476,521.0,1670.0
282487,652.0,1563.0
282495,695.0,1632.0
282515,609.0,1533.0
282516,600.0,1542.0
282525,583.0,1616.0
282529,490.0,1581.0
282532,478.0,1520.0
282536,507.0,1576.0
282544,433.0,1543.0
282548,584.0,1558.0
282552,520.0,1596.0
282556,536.0,1592.0
282559,433.0,1476.0
282584,730.0,1625.0
282588,550.0,1601.0
282597,670.0,1633.0
282601,535.0,1595.0
282606,523.0,1560.0
282608,638.0,1586.0
282622,472.0,1530.0
282646,502.0,1580.0
282652,554.0,1582.0
282667,473.0,1584.0
282677,478.0,1515.0
282681,462.0,1600.0
282687,553.0,1600.0
282689,682.0,1690.0
282695,534.0,1547.0
282698,481.0,1525.0
282706,486.0,1597.0
282709,516.0,1662.0
282711,491.0,1510.0
282712,494.0,1520.0
282713,490.0,1550.0
282726,501.0,1572.0
282729,538.0,1610.0
282734,464.0,1608.0
282744,567.0,1544.0
282762,540.0,1576.0
282773,355.0,1388.0
282784,642.0,1545.0
282801,509.0,1541.0
282808,526.0,1601.0
282812,664.0,1660.0
282814,616.0,1672.0
282820,529.0,1613.0
282829,533.0,1550.0
282834,479.0,1560.0
282843,683.0,1557.0
282849,609.0,1625.0
282852,682.0,1638.0
282854,477.0,1570.0
282873,540.0,1560.0
282900,515.0,1627.0
282905,536.0,1640.0
282908,634.0,1572.0
282913,523.0,1480.0
282915,496.0,1590.0
282925,462.0,1535.0
282946,760.0,1620.0
282956,690.0,1623.0
282965,558.0,1593.0
282975,625.0,1680.0
282976,437.0,1572.0
282981,508.0,1597.0
282990,451.0,1548.0
282992,543.0,1611.0
283002,527.0,1498.0
283021,528.0,1530.0
283028,589.0,1494.0
283030,458.0,1520.0
283037,485.0,1550.0
283039,499.0,1586.0
283048,521.0,1589.0
283054,544.0,1526.0
283081,480.0,1430.0
283084,567.0,1558.0
283092,503.0,1629.0
283105,481.0,1595.0
283123,597.0,1562.0
283134,580.0,1594.0
283136,691.0,1793.0
283143,580.0,1605.0
283146,525.0,1621.0
283187,876.0,1694.0
283196,534.0,1901.0
283204,481.0,1340.0
283217,600.0,1755.0
283221,422.0,1565.0
283237,668.0,1622.0
283246,519.0,1710.0
283258,532.0,1577.0
283266,411.0,1555.0
283269,449.0,1683.0
283272,489.0,1494.0
283280,575.0,1460.0
283304,636.0,1530.0
283310,524.0,1465.0
283314,476.0,1600.0
283322,806.0,1680.0
283331,455.0,1405.0
283350,354.0,1505.0
283386,419.0,1512.0
283396,568.0,1556.0
283400,389.0,1696.0
283406,480.0,1520.0
283413,517.0,1596.0
283419,461.0,1521.0
283427,565.0,1535.0
283437,453.0,1565.0
283449,492.0,1605.0
283454,523.0,1563.0
283465,549.0,1605.0
283468,558.0,1640.0
283471,519.0,1542.0
283485,479.0,1500.0
283506,603.0,1541.0
283512,516.0,1550.0
283529,487.0,1525.0
283543,539.0,1580.0
283558,474.0,1543.0
283561,430.0,1532.0
283593,458.0,1465.0
283619,592.0,1610.0
283621,629.0,1655.0
283630,725.0,1635.0
283635,887.0,1582.0
283639,922.0,1606.0
283649,510.0,1627.0
283650,1228.0,1649.0
283661,1055.0,1676.0
283664,633.0,1548.0
283667,644.0,1669.0
283671,478.0,1602.0
283684,591.0,1613.0
283686,551.0,1640.0
283691,568.0,1607.0
283694,645.0,1690.0
283714,449.0,1518.0
283716,510.0,1557.0
283739,513.0,1497.0
283741,580.0,1580.0
283754,638.0,1630.0
283757,575.0,1605.0
283762,556.0,1560.0
283772,503.0,1571.0
283778,394.0,1489.0
283780,586.0,1585.0
283787,590.0,1643.0
283792,496.0,1507.0
283798,710.0,1695.0
283802,460.0,1500.0
283810,513.0,1546.0
283811,408.0,1498.0
283814,453.0,1534.0
283819,467.0,1501.0
283822,497.0,1510.0
283862,720.0,1609.0
283864,447.0,1465.0
283872,629.0,1585.0
283877,542.0,1595.0
283883,534.0,1660.0
283887,507.0,1606.0
283894,500.0,1535.0
283895,863.0,1640.0
283900,431.0,1617.0
283918,667.0,1618.0
283921,521.0,1502.0
283925,514.0,1563.0
283936,518.0,1528.0
283940,629.0,1585.0
283942,568.0,1514.0
283951,602.0,1620.0
283952,498.0,1512.0
283954,530.0,1585.0
283957,684.0,1576.0
283960,575.0,1637.0
283961,619.0,1597.0
283962,490.0,1520.0
283965,594.0,1584.0
283969,583.0,1601.0
284013,535.0,1670.0
284031,542.0,1492.0
284034,500.0,1640.0
284052,467.0,1547.0
284058,416.0,1570.0
284061,520.0,1601.0
284069,636.0,1685.0
284076,576.0,1620.0
284087,680.0,1520.0
284096,450.0,1527.0
284104,740.0,1560.0
284108,652.0,1635.0
284119,411.0,1430.0
284134,496.0,1575.0
284135,456.0,1601.0
284170,756.0,1652.0
284185,580.0,1550.0
284186,613.0,1521.0
284207,464.0,1493.0
284208,602.0,1520.0
284211,661.0,1530.0
284217,529.0,1535.0
284219,534.0,1580.0
284222,552.0,1560.0
284225,504.0,1542.0
284227,514.0,1536.0
284230,525.0,1585.0
284260,558.0,1530.0
284269,517.0,1575.0
284285,563.0,1622.0
284292,478.0,1547.0
284303,561.0,1650.0
284304,578.0,1630.0
284313,529.0,1631.0
284315,510.0,1535.0
284321,400.0,1426.0
284335,514.0,1570.0
284350,621.0,1514.0
284365,610.0,1682.0
284373,510.0,1558.0
284381,592.0,1580.0
284384,576.0,1634.0
284393,516.0,1508.0
284402,563.0,1540.0
284412,495.0,1490.0
284426,586.0,1617.0
284431,545.0,1675.0
284447,556.0,1516.0
284458,564.0,1660.0
284461,388.0,1517.0
284471,464.0,1555.0
284486,545.0,1549.0
284488,466.0,1591.0
284491,490.0,1584.0
284492,562.0,1472.0
284502,415.0,1440.0
284506,452.0,1472.0
284513,461.0,1637.0
284523,554.0,1547.0
284527,521.0,1611.0
284534,423.0,1545.0
284545,480.0,1510.0
284552,423.0,1532.0
284571,494.0,1642.0
284585,600.0,1593.0
284595,526.0,1674.0
284599,443.0,1513.0
284601,520.0,1564.0
284604,484.0,1526.0
284608,657.0,1642.0
284619,468.0,1545.0
284634,572.0,1620.0
284645,622.0,1622.0
284651,644.0,1690.0
284661,479.0,1552.0
284662,600.0,1757.0
284667,464.0,1533.0
284670,561.0,1570.0
284686,537.0,1590.0
284693,549.0,1582.0
284705,641.0,1575.0
284713,584.0,1513.0
284714,475.0,1580.0
284718,641.0,1565.0
284734,474.0,1583.0
284742,722.0,1500.0
284743,649.0,1491.0
284763,541.0,1566.0
284797,528.0,1533.0
284804,429.0,1514.0
284814,488.0,1530.0
284825,673.0,1650.0
284839,601.0,1683.0
284850,432.0,1512.0
284860,540.0,1502.0
284881,706.0,1670.0
284897,334.0,1600.0
284901,650.0,1580.0
284906,563.0,1603.0
284912,442.0,1507.0
284920,550.0,1553.0
284923,502.0,1530.0
284930,599.0,1534.0
284933,525.0,1560.0
284940,551.0,1527.0
284949,626.0,1675.0
284956,627.0,1583.0
284962,458.0,1524.0
284972,631.0,1695.0
284980,610.0,1555.0
284982,524.0,1642.0
284985,610.0,1665.0
284992,550.0,1498.0
284999,519.0,1580.0
285002,544.0,1664.0
285014,499.0,1544.0
285019,754.0,1518.0
285040,523.0,1460.0
285043,560.0,1540.0
285073,662.0,1694.0
285078,527.0,1585.0
285079,634.0,1635.0
285098,456.0,1523.0
285105,522.0,1620.0
285109,557.0,1599.0
285115,616.0,1559.0
285116,576.0,1578.0
285119,788.0,1565.0
285126,693.0,1660.0
285127,620.0,1528.0
285136,657.0,1533.0
285143,453.0,1537.0
285144,491.0,1620.0
285177,550.0,1560.0
285179,534.0,1520.0
285192,404.0,1410.0
285200,765.0,1615.0
285207,472.0,1583.0
285208,648.0,1621.0
285219,436.0,1553.0
285226,445.0,1486.0
285227,468.0,1567.0
285237,543.0,1622.0
285238,529.0,1528.0
285247,437.0,1504.0
285268,433.0,1504.0
285277,484.0,1500.0
285278,470.0,1492.0
285285,573.0,1532.0
285286,506.0,1656.0
285290,550.0,1530.0
285292,466.0,1355.0
285296,537.0,1632.0
285305,480.0,1592.0
285309,592.0,1560.0
285319,516.0,1522.0
285342,770.0,1664.0
285344,589.0,1565.0
285351,423.0,1475.0
285352,581.0,1640.0
285354,534.0,1580.0
285369,600.0,1590.0
285371,407.0,1500.0
285387,452.0,1444.0
285394,609.0,1670.0
285398,614.0,1622.0
285411,739.0,1598.0
285418,705.0,1586.0
285422,706.0,1512.0
285439,610.0,1660.0
285443,1058.0,1630.0
285452,789.0,1702.0
285457,442.0,1480.0
285459,666.0,1580.0
285476,921.0,1683.0
285485,600.0,1630.0
285486,685.0,1624.0
285497,473.0,1553.0
285502,669.0,1335.0
285520,515.0,1630.0
285543,539.0,1577.0
285550,515.0,1519.0
285570,521.0,1564.0
285575,413.0,1438.0
285577,512.0,1548.0
285596,776.0,1634.0
285606,912.0,1654.0
285608,1070.0,1680.0
285610,680.0,1560.0
285615,869.0,1672.0
285621,892.0,1691.0
285624,805.0,1653.0
285625,940.0,1674.0
285630,721.0,1616.0
285642,697.0,1730.0
285658,716.0,1607.0
285666,554.0,1564.0
285669,617.0,1650.0
285698,583.0,1616.0
285702,466.0,1592.0
285712,574.0,1621.0
285718,598.0,1670.0
285730,601.0,1643.0
285751,652.0,1581.0
285753,526.0,1645.0
285754,609.0,1610.0
285770,719.0,1610.0
285781,566.0,1634.0
285795,467.0,1580.0
285820,426.0,1580.0
285824,601.0,1545.0
285852,587.0,1654.0
285854,558.0,1620.0
285855,511.0,1513.0
285871,831.0,1655.0
285882,578.0,1679.0
285888,587.0,1520.0
285896,484.0,1470.0
285897,515.0,1615.0
285900,419.0,1607.0
285910,661.0,1545.0
285915,495.0,1532.0
285922,539.0,1548.0
285929,485.0,1631.0
285935,499.0,1579.0
285936,574.0,1551.0
285941,651.0,1525.0
285942,419.0,1472.0
285947,579.0,1627.0
285971,535.0,1630.0
285984,493.0,1542.0
285986,551.0,1595.0
285990,545.0,1664.0
285995,459.0,1575.0
286002,449.0,1485.0
286004,500.0,1555.0
286015,789.0,1670.0
286021,558.0,1623.0
286046,536.0,1505.0
286050,604.0,1551.0
286052,482.0,1541.0
286053,468.0,1477.0
286057,757.0,1565.0
286084,477.0,1585.0
286102,493.0,1543.0
286108,622.0,1613.0
286110,732.0,1543.0
286118,850.0,1673.0
286124,578.0,1663.0
286143,497.0,1525.0
286151,569.0,1504.0
286165,649.0,1610.0
286170,479.0,1480.0
286173,550.0,1478.0
286180,596.0,1589.0
286201,512.0,1614.0
286211,510.0,1575.0
286214,483.0,1560.0
286216,559.0,1607.0
286224,429.0,1490.0
286231,447.0,1520.0
286232,472.0,1491.0
286239,496.0,1560.0
286253,508.0,1583.0
286255,491.0,1564.0
286266,495.0,1580.0
286270,625.0,1675.0
286279,481.0,1535.0
286290,462.0,1540.0
286300,638.0,1610.0
286332,529.0,1600.0
286346,499.0,1593.0
286374,492.0,1499.0
286375,523.0,1625.0
286377,775.0,1609.0
286389,542.0,1685.0
286391,620.0,1604.0
286396,568.0,1554.0
286408,654.0,1590.0
286414,639.0,1698.0
286422,621.0,1688.0
286426,633.0,1675.0
286428,546.0,1572.0
286431,717.0,1605.0
286433,499.0,1525.0
286434,448.0,1517.0
286443,757.0,1594.0
286476,514.0,1566.0
286481,491.0,1554.0
286489,423.0,1550.0
286496,661.0,1669.0
286498,492.0,1429.0
286503,436.0,1478.0
286505,476.0,1600.0
286513,479.0,1561.0
286526,519.0,1549.0
286531,500.0,1484.0
286532,595.0,1560.0
286536,421.0,1478.0
286541,424.0,1593.0
286549,486.0,1570.0
286552,456.0,1620.0
286587,605.0,1661.0
286591,681.0,1602.0
286623,419.0,1540.0
286625,592.0,1611.0
286628,511.0,1648.0
286643,580.0,1609.0
286660,637.0,1722.0
286670,558.0,1502.0
286673,524.0,1594.0
286675,465.0,1564.0
286676,502.0,1633.0
286691,477.0,1587.0
286703,392.0,1417.0
286725,623.0,1590.0
286729,817.0,1650.0
286731,730.0,1625.0
286734,807.0,1646.0
286738,679.0,1574.0
286743,913.0,1560.0
286746,774.0,1613.0
286753,769.0,1693.0
286772,444.0,1534.0
286778,415.0,1442.0
286786,544.0,1599.0
286799,494.0,1538.0
286803,568.0,1460.0
286808,432.0,1525.0
286818,523.0,1581.0
286822,640.0,1662.0
286826,468.0,1501.0
286836,654.0,1523.0
286843,499.0,1464.0
286854,496.0,1560.0
286855,605.0,1592.0
286861,1083.0,1723.0
286871,666.0,1612.0
286878,822.0,1630.0
286885,540.0,1607.0
286891,584.0,1560.0
286918,542.0,1586.0
286940,464.0,1525.0
286946,548.0,1557.0
286948,499.0,1619.0
286961,572.0,1578.0
286972,558.0,1605.0
286977,611.0,1605.0
287004,589.0,1565.0
287008,580.0,1564.0
287022,515.0,1551.0
287031,687.0,1605.0
287039,431.0,1610.0
287062,478.0,1513.0
287072,545.0,1612.0
287084,490.0,1642.0
287106,597.0,1743.0
287111,647.0,1655.0
287123,517.0,1498.0
287139,476.0,1486.0
287156,628.0,1601.0
287161,562.0,1571.0
287169,428.0,1552.0
287177,561.0,1585.0
287182,716.0,1680.0
287188,559.0,1573.0
287190,509.0,1549.0
287196,502.0,1594.0
287203,568.0,1570.0
287206,533.0,1554.0
287207,526.0,1551.0
287226,680.0,1695.0
287238,595.0,1606.0
287246,547.0,1505.0
287247,619.0,1691.0
287250,599.0,1580.0
287261,605.0,1532.0
287262,545.0,1590.0
287277,701.0,1569.0
287286,556.0,1620.0
287320,494.0,1556.0
287329,521.0,1611.0
287354,430.0,1570.0
287356,619.0,1532.0
287364,633.0,1582.0
287366,615.0,1535.0
287373,477.0,1608.0
287381,671.0,1582.0
287385,592.0,1534.0
287397,560.0,1625.0
287408,563.0,1675.0
287414,546.0,1495.0
287420,625.0,1541.0
287426,528.0,1662.0
287432,704.0,1631.0
287436,516.0,1533.0
287440,576.0,1617.0
287445,528.0,1573.0
287447,665.0,1695.0
287448,645.0,1584.0
287471,495.0,1503.0
287485,485.0,1542.0
287491,411.0,1585.0
287511,564.0,1541.0
287518,471.0,1559.0
287527,918.0,1650.0
287537,419.0,1487.0
287550,598.0,1520.0
287556,492.0,1588.0
287560,451.0,1572.0
287563,532.0,1567.0
287571,526.0,1603.0
287579,460.0,1541.0
287584,750.0,1685.0
287588,608.0,1611.0
287610,515.0,1565.0
287647,615.0,1660.0
287653,546.0,1615.0
287656,470.0,1520.0
287671,555.0,1640.0
287680,547.0,1622.0
287685,475.0,1413.0
287693,506.0,1556.0
287697,504.0,1613.0
287699,875.0,1562.0
287723,689.0,1621.0
287731,534.0,1564.0
287744,667.0,1680.0
287748,561.0,1635.0
287752,682.0,1662.0
287766,529.0,1600.0
287790,539.0,1625.0
287791,785.0,1660.0
287799,724.0,1584.0
287807,440.0,1516.0
287812,515.0,1630.0
287823,441.0,1583.0
287824,471.0,1545.0
287837,691.0,1570.0
287845,470.0,1480.0
287846,469.0,1650.0
287849,431.0,1467.0
287865,593.0,1605.0
287872,527.0,1660.0
287877,419.0,1592.0
287879,537.0,1540.0
287886,542.0,1589.0
287891,590.0,1600.0
287895,770.0,1660.0
287903,722.0,1633.0
287924,595.0,1565.0
287937,519.0,1534.0
287942,554.0,1556.0
287945,561.0,1587.0
287962,467.0,1565.0
287963,491.0,1614.0
287964,535.0,1650.0
287976,693.0,1660.0
287988,578.0,1620.0
287994,506.0,1600.0
288003,620.0,1720.0
288005,663.0,1619.0
288054,439.0,1497.0
288064,540.0,1562.0
288067,565.0,1579.0
288089,506.0,1647.0
288092,528.0,1505.0
288094,950.0,1620.0
288095,829.0,1625.0
288105,543.0,1570.0
288109,885.0,1560.0
288113,636.0,1577.0
288125,989.0,1542.0
288128,776.0,1580.0
288131,450.0,1500.0
288152,490.0,1564.0
288156,782.0,1650.0
288167,603.0,1545.0
288168,549.0,1539.0
288176,542.0,1600.0
288179,535.0,1582.0
288185,508.0,1546.0
288197,544.0,1520.0
288209,525.0,1550.0
288210,445.0,1600.0
288211,540.0,1655.0
288214,607.0,1600.0
288217,1061.0,1725.0
288222,528.0,1532.0
288234,673.0,1612.0
288235,571.0,1546.0
288253,707.0,1691.0
288260,441.0,1548.0
288279,348.0,1467.0
288282,546.0,1596.0
288285,600.0,1523.0
288286,495.0,1641.0
288305,356.0,1509.0
288312,500.0,1520.0
288316,539.0,1620.0
288324,466.0,1496.0
288337,369.0,1523.0
288340,471.0,1569.0
288348,508.0,1645.0
288357,488.0,1590.0
288361,525.0,1530.0
288362,442.0,1525.0
288367,580.0,1791.0
288369,507.0,1496.0
288395,561.0,1512.0
288403,687.0,1651.0
288432,494.0,1561.0
288436,410.0,1435.0
288450,550.0,1646.0
288491,504.0,1534.0
288505,517.0,1585.0
288524,594.0,1763.0
288532,501.0,1562.0
288535,521.0,1640.0
288537,866.0,1587.0
288542,640.0,1570.0
288575,634.0,1627.0
288582,418.0,1577.0
288585,455.0,1607.0
288602,472.0,1460.0
288610,495.0,1550.0
288617,435.0,1580.0
288625,576.0,1590.0
288633,552.0,1700.0
288640,452.0,1323.0
288643,665.0,1643.0
288648,570.0,1591.0
288649,434.0,1508.0
288653,543.0,1652.0
288655,688.0,1557.0
288660,887.0,1675.0
288667,442.0,1566.0
288668,494.0,1496.0
288676,522.0,1611.0
288677,739.0,1610.0
288691,515.0,1655.0
288769,562.0,1607.0
288778,556.0,1590.0
288787,465.0,1488.0
288796,421.0,1520.0
288797,650.0,1602.0
288798,635.0,1700.0
288803,772.0,1740.0
288817,492.0,1581.0
288826,521.0,1550.0
288828,491.0,1610.0
288832,541.0,1512.0
288842,470.0,1522.0
288848,504.0,1552.0
288856,431.0,1427.0
288860,622.0,1615.0
288894,704.0,1635.0
288908,499.0,1600.0
288909,480.0,1550.0
288913,713.0,1638.0
288920,537.0,1573.0
288922,496.0,1600.0
288997,483.0,1510.0
289008,520.0,1600.0
289009,526.0,1506.0
289012,541.0,1600.0
289014,489.0,1560.0
289027,590.0,1660.0
289062,504.0,1650.0
289066,588.0,1540.0
289081,523.0,1506.0
289082,500.0,1514.0
289084,473.0,1460.0
289110,517.0,1614.0
289123,428.0,1494.0
289131,466.0,1475.0
289148,350.0,1563.0
289159,426.0,1461.0
289164,697.0,1570.0
289169,545.0,1507.0
289173,830.0,1573.0
289181,566.0,1616.0
289182,530.0,1622.0
289190,490.0,1553.0
289193,496.0,1501.0
289208,533.0,1597.0
289210,517.0,1530.0
289217,582.0,1634.0
289218,561.0,1580.0
289224,563.0,1552.0
289236,486.0,1535.0
289241,517.0,1530.0
289246,557.0,1530.0
289253,528.0,1610.0
289261,753.0,1675.0
289285,542.0,1640.0
289295,457.0,1540.0
289309,681.0,1640.0
289321,484.0,1545.0
289332,496.0,1530.0
289335,493.0,1643.0
289343,615.0,1645.0
289347,447.0,1529.0
289349,595.0,1570.0
289371,486.0,1496.0
289374,499.0,1541.0
289392,397.0,1491.0
289394,473.0,1584.0
289419,671.0,1490.0
289432,498.0,1627.0
289453,723.0,1673.0
289468,570.0,1635.0
289471,518.0,1582.0
289476,429.0,1485.0
289496,569.0,1575.0
289502,707.0,1670.0
289511,648.0,1538.0
289515,587.0,1675.0
289531,510.0,1617.0
289534,646.0,1634.0
289535,710.0,1527.0
289537,601.0,1640.0
289547,482.0,1560.0
289551,909.0,1568.0
289558,435.0,1546.0
289572,661.0,1561.0
289585,460.0,1553.0
289592,732.0,1575.0
289597,839.0,1560.0
289600,740.0,1621.0
289612,609.0,1760.0
289618,495.0,1564.0
289626,465.0,1523.0
289634,582.0,1634.0
289639,574.0,1650.0
289643,569.0,1704.0
289658,642.0,1606.0
289667,583.0,1743.0
289685,504.0,1510.0
289692,545.0,1611.0
289704,557.0,1532.0
289710,715.0,1602.0
289713,777.0,1621.0
289718,546.0,1682.0
289720,671.0,1560.0
289743,492.0,1581.0
289747,639.0,1580.0
289762,622.0,1567.0
289771,490.0,1563.0
289785,488.0,1580.0
289786,592.0,1566.0
289802,392.0,1483.0
289826,499.0,1536.0
289827,556.0,1547.0
289831,555.0,1560.0
289840,602.0,1571.0
289842,503.0,1612.0
289852,484.0,1490.0
289865,529.0,1595.0
289872,522.0,1628.0
289890,644.0,1563.0
289903,470.0,1545.0
289904,468.0,1500.0
289906,467.0,1535.0
289919,650.0,1523.0
289927,413.0,1510.0
289929,520.0,1569.0
289955,534.0,1580.0
289956,534.0,1600.0
289957,413.0,1695.0
289962,820.0,1672.0
289974,531.0,1604.0
289976,541.0,1586.0
289985,549.0,1551.0
289986,521.0,1548.0
289989,612.0,1715.0
290006,744.0,1675.0
290015,555.0,1544.0
290028,466.0,1500.0
290038,646.0,1582.0
290039,487.0,1567.0
290052,506.0,1515.0
290063,454.0,1615.0
290068,513.0,1587.0
290074,698.0,1556.0
290080,572.0,1594.0
290085,563.0,1560.0
290087,507.0,1536.0
290099,603.0,1746.0
290120,793.0,1560.0
290139,850.0,1625.0
290145,894.0,1675.0
290147,602.0,1578.0
290151,565.0,1580.0
290157,753.0,1596.0
290169,681.0,1562.0
290171,531.0,1564.0
290177,426.0,1398.0
290183,563.0,1686.0
290185,616.0,1640.0
290202,756.0,1588.0
290218,451.0,1486.0
290229,619.0,1669.0
290240,580.0,1592.0
290251,380.0,1355.0
290255,544.0,1613.0
290259,485.0,1549.0
290260,438.0,1643.0
290263,733.0,1585.0
290275,551.0,1653.0
290281,567.0,1613.0
290282,550.0,1612.0
290288,496.0,1596.0
290290,470.0,1576.0
290297,492.0,1486.0
290300,929.0,1682.0
290301,609.0,1548.0
290350,516.0,1530.0
290353,612.0,1683.0
290362,511.0,1623.0
290364,434.0,1540.0
290370,613.0,1623.0
290372,520.0,1520.0
290376,557.0,1570.0
290387,607.0,1485.0
290399,437.0,1545.0
290433,498.0,1575.0
290452,425.0,1666.0
290456,578.0,1592.0
290460,531.0,1520.0
290493,543.0,1533.0
290506,486.0,1577.0
290513,448.0,1520.0
290515,423.0,1525.0
290523,475.0,1535.0
290527,472.0,1516.0
290539,535.0,1495.0
290543,490.0,1540.0
290548,936.0,1620.0
290550,982.0,1621.0
290553,691.0,1655.0
290564,743.0,1636.0
290573,503.0,1531.0
290583,502.0,1578.0
290585,527.0,1580.0
290590,615.0,1628.0
290594,612.0,1721.0
290600,547.0,1635.0
290614,579.0,1635.0
290615,569.0,1620.0
290634,567.0,1605.0
290637,577.0,1614.0
290649,521.0,1610.0
290650,626.0,1650.0
290654,579.0,1634.0
290663,558.0,1663.0
290674,714.0,1650.0
290678,571.0,1637.0
290681,696.0,1665.0
290700,542.0,1542.0
290716,630.0,1596.0
290727,737.0,1632.0
290733,606.0,1618.0
290735,633.0,1554.0
290737,481.0,1554.0
290738,716.0,1576.0
290746,619.0,1616.0
290758,556.0,1596.0
290762,562.0,1623.0
290765,556.0,1605.0
290774,491.0,1657.0
290785,445.0,1515.0
290789,637.0,1664.0
290806,567.0,1642.0
290811,403.0,1472.0
290813,550.0,1610.0
290819,631.0,1690.0
290831,563.0,1620.0
290848,571.0,1528.0
290867,503.0,1550.0
290880,582.0,1579.0
290885,1209.0,1692.0
290887,455.0,1598.0
290907,705.0,1682.0
290910,801.0,1565.0
290924,597.0,1622.0
290926,591.0,1588.0
290937,553.0,1624.0
290942,609.0,1547.0
290954,521.0,1520.0
290958,606.0,1662.0
290967,566.0,1545.0
290990,411.0,1363.0
291019,608.0,1532.0
291023,495.0,1522.0
291025,535.0,1610.0
291051,378.0,1579.0
291059,530.0,1544.0
291066,483.0,1585.0
291071,525.0,1610.0
291077,451.0,1465.0
291099,576.0,1582.0
291105,497.0,1522.0
291113,511.0,1505.0
291117,577.0,1593.0
291122,540.0,1533.0
291139,593.0,1711.0
291144,360.0,1384.0
291154,523.0,1560.0
291164,624.0,1609.0
291175,451.0,1574.0
291181,471.0,1573.0
291186,638.0,1582.0
291196,522.0,1561.0
291206,569.0,1558.0
291214,476.0,1563.0
291222,415.0,1479.0
291224,481.0,1520.0
291227,488.0,1488.0
291231,501.0,1475.0
291233,502.0,1543.0
291266,734.0,1675.0
291268,587.0,1625.0
291288,466.0,1560.0
291298,676.0,1540.0
291300,535.0,1545.0
291308,437.0,1551.0
291309,580.0,1550.0
291318,566.0,1645.0
291320,630.0,1570.0
291326,555.0,1670.0
291330,502.0,1570.0
291338,493.0,1582.0
291347,608.0,1570.0
291355,510.0,1461.0
291361,542.0,1534.0
291369,555.0,1538.0
291372,640.0,1670.0
291387,546.0,1536.0
291388,574.0,1602.0
291398,341.0,1376.0
291403,471.0,1543.0
291412,447.0,1559.0
291417,570.0,1606.0
291422,539.0,1652.0
291430,473.0,1605.0
291432,389.0,1452.0
291440,535.0,1499.0
291468,468.0,1515.0
291471,698.0,1660.0
291488,639.0,1604.0
291495,606.0,1540.0
291509,499.0,1475.0
291515,606.0,1644.0
291526,694.0,1610.0
291540,497.0,1532.0
291547,589.0,1570.0
291576,408.0,1395.0
291587,690.0,1705.0
291591,580.0,1593.0
291594,445.0,1505.0
291595,593.0,1524.0
291613,461.0,1566.0
291620,623.0,1967.0
291626,508.0,1603.0
291627,539.0,1626.0
291636,667.0,1569.0
291650,605.0,1530.0
291665,699.0,1570.0
291670,689.0,1570.0
291672,918.0,1635.0
291702,501.0,1520.0
291707,567.0,1640.0
291713,587.0,1694.0
291736,668.0,1640.0
291741,808.0,1575.0
291758,690.0,1661.0
291787,576.0,1680.0
291788,433.0,1600.0
291791,522.0,1539.0
291793,589.0,1590.0
291794,609.0,1717.0
291797,457.0,1490.0
291798,638.0,1569.0
291801,561.0,1625.0
291805,657.0,1635.0
291813,602.0,1513.0
291819,795.0,1560.0
291825,544.0,1510.0
291830,462.0,1502.0
291840,529.0,1550.0
291845,535.0,1609.0
291847,606.0,1620.0
291850,468.0,1566.0
291851,595.0,1594.0
291861,589.0,1663.0
291874,566.0,1594.0
291876,549.0,1612.0
291880,790.0,1525.0
291884,466.0,1489.0
291892,618.0,1590.0
291893,678.0,1650.0
291898,523.0,1593.0
291908,546.0,1573.0
291910,577.0,1630.0
291923,514.0,1493.0
291926,496.0,1487.0
291933,486.0,1557.0
291952,643.0,1643.0
291959,717.0,1595.0
291961,672.0,1620.0
291969,425.0,1504.0
291970,503.0,1604.0
291971,697.0,1573.0
291975,721.0,1592.0
291978,491.0,1501.0
291995,444.0,1444.0
292012,583.0,1629.0
292019,484.0,1521.0
292021,600.0,1501.0
292023,523.0,1524.0
292024,423.0,1470.0
292029,504.0,1570.0
292045,505.0,1607.0
292047,504.0,1610.0
292048,522.0,1612.0
292054,592.0,1578.0
292062,634.0,1583.0
292063,574.0,1636.0
292067,534.0,1534.0
292094,548.0,1578.0
292097,515.0,1503.0
292107,447.0,1479.0
292115,496.0,1551.0
292133,632.0,1610.0
292136,506.0,1620.0
292152,600.0,1615.0
292158,534.0,1576.0
292159,570.0,1565.0
292167,503.0,1508.0
292188,526.0,1650.0
292221,569.0,1602.0
292244,549.0,1630.0
292251,558.0,1560.0
292259,564.0,1610.0
292272,560.0,1512.0
292279,609.0,1630.0
292293,472.0,1552.0
292309,544.0,1606.0
292316,576.0,1605.0
292343,515.0,1555.0
292350,443.0,1492.0
292354,483.0,1472.0
292378,533.0,1560.0
292391,519.0,1617.0
292397,511.0,1634.0
292412,576.0,1598.0
292414,420.0,1527.0
292438,592.0,1676.0
292446,555.0,1525.0
292450,541.0,1588.0
292461,575.0,1566.0
292468,515.0,1641.0
292515,486.0,1520.0
292516,598.0,1610.0
292527,651.0,1582.0
292528,560.0,1608.0
292536,625.0,1603.0
292545,540.0,1653.0
292547,462.0,1452.0
292554,518.0,1616.0
292560,537.0,1605.0
292564,751.0,1600.0
292592,398.0,1580.0
292596,636.0,1601.0
292598,750.0,1499.0
292611,688.0,1545.0
292620,427.0,1494.0
292622,910.0,1670.0
292632,469.0,1356.0
292638,1140.0,1576.0
292665,459.0,1507.0
292686,763.0,1765.0
292693,510.0,1599.0
292706,590.0,1650.0
292711,570.0,1640.0
292714,569.0,1646.0
292716,417.0,1542.0
292722,513.0,1602.0
292724,516.0,1525.0
292726,491.0,1553.0
292752,587.0,1628.0
292768,686.0,1584.0
292773,690.0,1572.0
292779,712.0,1643.0
292783,514.0,1642.0
292784,707.0,1565.0
292788,731.0,1713.0
292804,721.0,1642.0
292810,534.0,1565.0
292813,1022.0,1612.0
292816,835.0,1600.0
292844,636.0,1550.0
292849,432.0,1473.0
292852,576.0,1550.0
292882,598.0,1578.0
292904,649.0,1614.0
292909,517.0,1554.0
292910,577.0,1600.0
292933,487.0,1589.0
292934,586.0,1604.0
292958,563.0,1604.0
292969,485.0,1601.0
292975,591.0,1566.0
293006,568.0,1534.0
293009,600.0,1680.0
293011,647.0,1583.0
293016,432.0,1513.0
293025,452.0,1565.0
293032,476.0,1588.0
293046,547.0,1610.0
293051,618.0,1593.0
293054,507.0,1580.0
293080,408.0,1524.0
293082,621.0,1742.0
293089,608.0,1519.0
293142,496.0,1520.0
293149,420.0,1475.0
293151,808.0,1682.0
293152,492.0,1522.0
293153,665.0,1579.0
293156,678.0,1689.0
293164,490.0,1567.0
293172,513.0,1465.0
293182,398.0,1525.0
293190,559.0,1561.0
293193,502.0,1504.0
293211,644.0,1572.0
293218,780.0,1746.0
293220,628.0,1540.0
293226,557.0,1612.0
293243,617.0,1520.0
293254,632.0,1663.0
293258,685.0,1574.0
293265,667.0,1577.0
293283,652.0,1683.0
293299,639.0,1695.0
293305,528.0,1546.0
293309,626.0,1657.0
293313,554.0,1633.0
293318,493.0,1575.0
293320,568.0,1639.0
293328,554.0,1565.0
293336,632.0,1654.0
293345,487.0,1858.0
293351,700.0,1579.0
293355,497.0,1540.0
293375,705.0,1665.0
293386,604.0,1515.0
293389,582.0,1626.0
293392,503.0,1535.0
293401,651.0,1500.0
293410,420.0,1323.0
293433,548.0,1550.0
293436,609.0,1601.0
293460,948.0,1622.0
293464,672.0,1654.0
293496,603.0,1655.0
293501,540.0,1621.0
293516,354.0,1434.0
293520,594.0,1601.0
293525,754.0,1655.0
293533,450.0,1638.0
293541,447.0,1564.0
293542,746.0,1676.0
293556,601.0,1647.0
293559,693.0,1641.0
293564,730.0,1573.0
293575,469.0,1557.0
293581,559.0,1622.0
293601,548.0,1540.0
293619,584.0,1596.0
293627,670.0,1600.0
293643,572.0,1635.0
293684,510.0,1545.0
293688,480.0,1570.0
293698,517.0,1630.0
293707,557.0,1538.0
293731,456.0,1510.0
293735,440.0,1485.0
293739,497.0,1496.0
293745,561.0,1530.0
293750,546.0,1619.0
293761,562.0,1585.0
293769,481.0,1498.0
293776,429.0,1511.0
293785,490.0,1633.0
293789,508.0,1517.0
293816,438.0,1436.0
293817,450.0,1584.0
293819,668.0,1641.0
293825,563.0,1633.0
293838,464.0,1540.0
293855,512.0,1480.0
293859,589.0,1616.0
293874,501.0,1582.0
293893,610.0,1642.0
293894,526.0,1547.0
293896,566.0,1580.0
293904,618.0,1695.0
293908,510.0,1606.0
293914,410.0,1464.0
293922,550.0,1601.0
293925,601.0,1585.0
293936,588.0,1560.0
293940,559.0,1565.0
293961,393.0,1585.0
293963,637.0,1574.0
293982,803.0,1585.0
293993,602.0,1573.0
294002,580.0,1615.0
294009,507.0,1552.0
294014,461.0,1434.0
294016,503.0,1595.0
294024,802.0,1625.0
294029,593.0,1560.0
294037,660.0,1630.0
294042,603.0,1632.0
294058,576.0,1585.0
294061,622.0,1515.0
294065,629.0,1650.0
294070,766.0,1580.0
294080,561.0,1575.0
294098,548.0,1535.0
294103,665.0,1502.0
294120,468.0,1570.0
294123,506.0,1582.0
294126,537.0,1560.0
294132,574.0,1600.0
294136,524.0,1585.0
294142,709.0,1575.0
294148,456.0,1434.0
294158,535.0,1604.0
294159,728.0,1650.0
294174,564.0,1615.0
294183,530.0,1615.0
294187,660.0,1640.0
294189,579.0,1632.0
294190,784.0,1558.0
294194,701.0,1685.0
294197,434.0,1603.0
294204,455.0,1534.0
294212,463.0,1494.0
294297,484.0,1525.0
294305,430.0,1563.0
294306,559.0,1705.0
294323,538.0,1580.0
294346,482.0,1609.0
294355,537.0,1596.0
294364,531.0,1494.0
294389,462.0,1445.0
294391,602.0,1681.0
294399,487.0,1540.0
294416,519.0,1490.0
294421,532.0,1591.0
294439,641.0,1601.0
294443,475.0,1470.0
294456,536.0,1570.0
294462,524.0,1540.0
294476,510.0,1370.0
294534,568.0,1605.0
294542,602.0,1510.0
294556,679.0,1610.0
294560,671.0,1666.0
294563,640.0,1640.0
294565,551.0,1530.0
294584,555.0,1570.0
294589,782.0,1590.0
294600,601.0,1560.0
294637,574.0,1582.0
294644,458.0,1534.0
294655,498.0,1527.0
294682,702.0,1580.0
294690,654.0,1530.0
294710,502.0,1511.0
294714,627.0,1583.0
294723,653.0,1508.0
294731,424.0,1527.0
294734,586.0,1699.0
294739,595.0,1641.0
294741,685.0,1624.0
294752,877.0,1722.0
294769,538.0,1500.0
294802,441.0,1550.0
294806,835.0,1650.0
294811,519.0,1523.0
294812,947.0,1650.0
294821,693.0,1640.0
294825,801.0,1672.0
294829,516.0,1513.0
294830,544.0,1630.0
294836,632.0,1722.0
294837,664.0,1556.0
294839,421.0,1540.0
294843,653.0,1267.0
294850,771.0,1651.0
294855,460.0,1575.0
294859,862.0,1659.0
294861,533.0,1617.0
294862,473.0,1530.0
294864,1267.0,1653.0
294875,562.0,1589.0
294878,655.0,1515.0
294884,614.0,1635.0
294886,597.0,1564.0
294890,822.0,1655.0
294902,482.0,1586.0
294911,540.0,1580.0
294926,583.0,1616.0
294933,558.0,1562.0
294940,516.0,1572.0
294950,469.0,1574.0
294965,466.0,1569.0
294984,574.0,1578.0
294990,430.0,1564.0
294994,609.0,1590.0
295004,514.0,1523.0
295009,501.0,1559.0
295023,536.0,1540.0
295027,563.0,1612.0
295043,768.0,1618.0
295050,540.0,1602.0
295055,701.0,1520.0
295065,563.0,1625.0
295074,531.0,1674.0
295098,487.0,1705.0
295121,577.0,1595.0
295132,510.0,1618.0
295137,548.0,1631.0
295143,517.0,1646.0
295146,459.0,1575.0
295155,590.0,1661.0
295162,583.0,1712.0
295173,549.0,1541.0
295174,517.0,1568.0
295180,506.0,1574.0
295196,624.0,1532.0
295207,484.0,1533.0
295208,557.0,1695.0
295220,410.0,1582.0
295240,405.0,1549.0
295241,569.0,1665.0
295259,499.0,1501.0
295276,461.0,1581.0
295285,592.0,1515.0
295287,492.0,1522.0
295344,546.0,1546.0
295375,459.0,1473.0
295378,449.0,1516.0
295379,692.0,1549.0
295410,561.0,1651.0
295417,538.0,1576.0
295434,519.0,1573.0
295435,470.0,1642.0
295446,491.0,1572.0
295458,621.0,1613.0
295459,566.0,1572.0
295463,694.0,1612.0
295466,455.0,1598.0
295482,534.0,1497.0
295483,585.0,1664.0
295493,765.0,1577.0
295514,430.0,1510.0
295530,567.0,1612.0
295531,607.0,1653.0
295540,475.0,1563.0
295553,467.0,1509.0
295579,572.0,1593.0
295597,489.0,1539.0
295623,491.0,1550.0
295650,558.0,1605.0
295656,484.0,1620.0
295658,533.0,1540.0
295666,579.0,1670.0
295668,739.0,1585.0
295673,495.0,1545.0
295674,611.0,1715.0
295689,593.0,1560.0
295692,863.0,1665.0
295700,461.0,1465.0
295746,658.0,1624.0
295770,470.0,1630.0
295776,628.0,1557.0
295779,780.0,1621.0
295792,463.0,1630.0
295798,712.0,1570.0
295801,780.0,1580.0
295802,608.0,1600.0
295807,562.0,1671.0
295812,529.0,1592.0
295819,417.0,1536.0
295823,554.0,1587.0
295826,482.0,1550.0
295833,540.0,1590.0
295847,439.0,1555.0
295855,480.0,1471.0
295870,500.0,1584.0
295884,398.0,1550.0
295908,919.0,1515.0
295917,728.0,1648.0
295925,504.0,1505.0
295931,682.0,1705.0
295949,785.0,1592.0
295961,760.0,1576.0
295971,702.0,1561.0
295982,541.0,1498.0
295999,579.0,1544.0
296018,457.0,1556.0
296021,387.0,1478.0
296026,649.0,1580.0
296033,922.0,1522.0
296042,540.0,1650.0
296053,622.0,1592.0
296084,526.0,1595.0
296094,703.0,1675.0
296098,567.0,1587.0
296108,513.0,1540.0
296111,631.0,1590.0
296121,575.0,1600.0
296133,500.0,1596.0
296146,518.0,1593.0
296147,710.0,1718.0
296152,460.0,1544.0
296158,600.0,1620.0
296180,501.0,1552.0
296182,736.0,1725.0
296191,439.0,1444.0
296202,575.0,1556.0
296214,628.0,1562.0
296218,507.0,1561.0
296227,486.0,1498.0
296228,621.0,1583.0
296243,516.0,1529.0
296267,497.0,1595.0
296277,568.0,1633.0
296288,525.0,1651.0
296297,496.0,1616.0
296327,596.0,1608.0
296331,523.0,1574.0
296348,455.0,1504.0
296355,528.0,1540.0
296359,628.0,1490.0
296369,524.0,1534.0
296381,485.0,1472.0
296384,601.0,1579.0
296405,432.0,1582.0
296422,521.0,1523.0
296437,381.0,1450.0
296440,575.0,1561.0
296449,466.0,1522.0
296485,445.0,1521.0
296496,531.0,1631.0
296514,466.0,1580.0
296521,452.0,1492.0
296522,590.0,1590.0
296537,732.0,1683.0
296544,547.0,1538.0
296548,648.0,1708.0
296572,391.0,1584.0
296577,559.0,1651.0
296585,480.0,1570.0
296586,614.0,1616.0
296618,440.0,1582.0
296620,615.0,1663.0
296632,886.0,1600.0
296640,508.0,1534.0
296648,391.0,1588.0
296649,504.0,1550.0
296650,460.0,1550.0
296652,509.0,1546.0
296655,526.0,1545.0
296669,531.0,1523.0
296676,572.0,1443.0
296685,392.0,1522.0
296716,445.0,1568.0
296733,671.0,1670.0
296745,486.0,1534.0
296753,961.0,1660.0
296756,755.0,1643.0
296768,657.0,1680.0
296790,573.0,1562.0
296802,509.0,1659.0
296835,439.0,1607.0
296876,460.0,1560.0
296879,592.0,1620.0
296892,819.0,1610.0
296912,577.0,1682.0
296917,498.0,1536.0
296926,759.0,1522.0
296929,602.0,1626.0
296948,601.0,1601.0
296954,620.0,1560.0
296960,679.0,1608.0
296963,596.0,1612.0
296969,592.0,1541.0
296999,402.0,1539.0
297000,593.0,1566.0
297003,581.0,1504.0
297016,691.0,1579.0
297028,632.0,1645.0
297065,484.0,1485.0
297078,564.0,1577.0
297083,592.0,1622.0
297085,575.0,1642.0
297093,558.0,1590.0
297114,538.0,1541.0
297161,537.0,1650.0
297175,448.0,1614.0
297181,538.0,1535.0
297187,496.0,1528.0
297188,685.0,1594.0
297197,398.0,1375.0
297207,539.0,1590.0
297208,546.0,1650.0
297214,706.0,1632.0
297221,596.0,1646.0
297228,510.0,1575.0
297235,460.0,1549.0
297236,450.0,1600.0
297245,524.0,1495.0
297255,490.0,1615.0
297267,460.0,1557.0
297271,529.0,1540.0
297272,532.0,1550.0
297276,470.0,1475.0
297277,563.0,1587.0
297304,523.0,1573.0
297334,490.0,1565.0
297336,544.0,1614.0
297355,488.0,1519.0
297358,509.0,1583.0
297367,502.0,1469.0
297371,565.0,1594.0
297378,494.0,1524.0
297385,553.0,1586.0
297394,600.0,1581.0
297436,450.0,1481.0
297437,533.0,1613.0
297475,613.0,1704.0
297478,536.0,1615.0
297483,675.0,1610.0
297489,660.0,1630.0
297504,710.0,1614.0
297505,729.0,1688.0
297508,662.0,1650.0
297552,749.0,1523.0
297555,642.0,1579.0
297560,581.0,1553.0
297608,933.0,1620.0
297611,662.0,1558.0
297613,778.0,1566.0
297627,360.0,1443.0
297635,519.0,1562.0
297691,415.0,1518.0
297722,445.0,1569.0
297731,535.0,1510.0
297773,617.0,1642.0
297779,655.0,1566.0
297892,707.0,1603.0
297989,510.0,1476.0
297994,631.0,1665.0
298028,519.0,1574.0
298095,561.0,1508.0
298337,681.0,1545.0
298356,522.0,1541.0
298365,645.0,1471.0
298412,474.0,1551.0
298415,395.0,1498.0
298450,431.0,1451.0
298454,849.0,1523.0
298534,595.0,1663.0
298576,711.0,1660.0
298668,456.0,1596.0
298804,511.0,1505.0
298874,643.0,1607.0
298879,868.0,1684.0
298887,543.0,1486.0
298995,677.0,1665.0
299183,513.0,1489.0
299361,553.0,1524.0
299440,567.0,1611.0
299484,488.0,1548.0
299662,627.0,1520.0
299670,477.0,1443.0
299706,465.0,1480.0
300010,888.0,1701.0
300032,626.0,1500.0
300055,542.0,1585.0
300056,602.0,1578.0
300180,596.0,1485.0
300236,584.0,1575.0
300241,596.0,1617.0
300243,648.0,1604.0
300257,483.0,1556.0
300265,467.0,1576.0
300305,562.0,1619.0
300337,760.0,1702.0
300357,578.0,1565.0
300405,466.0,1540.0
300438,522.0,1587.0
300480,598.0,1576.0
300507,706.0,1650.0
300555,591.0,1587.0
300653,593.0,1557.0
300750,454.0,1439.0
300752,690.0,1520.0
300794,510.0,1601.0
300810,386.0,1435.0
300813,459.0,1483.0
300963,710.0,1553.0
300974,504.0,1509.0
301047,804.0,1581.0
301055,639.0,1602.0
301108,585.0,1715.0
301119,412.0,1447.0
301123,584.0,1624.0
301206,546.0,1603.0
301220,503.0,1613.0
301226,799.0,1642.0
301292,667.0,1603.0
301369,512.0,1576.0
301393,666.0,1630.0
301410,698.0,1594.0
301471,691.0,1627.0
301508,465.0,1517.0
301536,416.0,1509.0
301714,434.0,1545.0
301811,697.0,1690.0
301914,511.0,1560.0
301996,715.0,1551.0
302199,743.0,1578.0
302206,521.0,1560.0
302293,535.0,1575.0
302369,641.0,1601.0
302436,535.0,1539.0
302450,405.0,1464.0
302477,667.0,1588.0
302483,604.0,1585.0
302510,604.0,1538.0
302529,541.0,1524.0
302562,883.0,1641.0
302580,524.0,1532.0
302675,426.0,1564.0
302750,541.0,1582.0
302832,699.0,1610.0
302854,499.0,1490.0
302932,670.0,1557.0
302975,586.0,1481.0
303019,558.0,1588.0
303036,494.0,1570.0
303105,633.0,1514.0
303196,511.0,1568.0
303221,533.0,1695.0
303289,720.0,1664.0
303309,620.0,1640.0
303325,464.0,1564.0
303412,779.0,1605.0
303421,630.0,1687.0
303444,747.0,1545.0
303486,543.0,1592.0
303496,750.0,1526.0
303500,683.0,1603.0
303543,779.0,1616.0
303602,843.0,1590.0
303718,572.0,1574.0
303763,550.0,1594.0
303922,582.0,1614.0
303931,696.0,1678.0
303969,583.0,1556.0
303974,778.0,1574.0
304168,680.0,1612.0
304221,580.0,1550.0
304235,1077.0,1600.0
304375,650.0,1626.0
304394,522.0,1590.0
304403,385.0,1538.0
304431,509.0,1558.0
304451,704.0,1570.0
304509,473.0,1523.0
304628,455.0,1520.0
304636,835.0,1595.0
304696,470.0,1533.0
304742,789.0,1559.0
304746,642.0,1577.0
304837,617.0,1570.0
304858,553.0,1578.0
304903,640.0,1532.0
304923,671.0,1553.0
305120,473.0,1616.0
305400,551.0,1538.0
305402,541.0,1619.0
305426,503.0,1604.0
305488,661.0,1662.0
305532,528.0,1637.0
305603,535.0,1529.0
305630,472.0,1517.0
305640,546.0,1546.0
305820,508.0,1570.0
305873,494.0,1619.0
305886,641.0,1542.0
305919,511.0,1565.0
306061,600.0,1670.0
306184,411.0,1522.0
306189,450.0,1466.0
306284,421.0,1503.0
306467,673.0,1603.0
306476,667.0,1563.0
306481,534.0,1616.0
306545,510.0,1556.0
306643,594.0,1605.0
306685,490.0,1532.0
306850,608.0,1612.0
306880,559.0,1608.0
306943,472.0,1490.0
306986,676.0,1600.0
307050,655.0,1650.0
307084,610.0,1650.0
307271,570.0,1586.0
307413,625.0,1636.0
307597,523.0,1703.0
307660,440.0,1513.0
307735,453.0,1510.0
307778,679.0,1655.0
307863,559.0,1539.0
307927,581.0,1572.0
308062,564.0,1617.0
308117,714.0,1655.0
308157,544.0,1648.0
308216,535.0,1591.0
308325,512.0,1524.0
308337,565.0,1576.0
308338,522.0,1492.0
308416,545.0,1652.0
308484,641.0,1605.0
308569,554.0,1598.0
308616,920.0,1620.0
308680,532.0,1527.0
308763,517.0,1550.0
308783,528.0,1553.0
308787,553.0,1540.0
308789,575.0,1624.0
308841,492.0,1575.0
308859,573.0,1554.0
308871,556.0,1554.0
308926,453.0,1562.0
308947,505.0,1528.0
308971,568.0,1695.0
308978,568.0,1710.0
309106,434.0,1616.0
309374,508.0,1543.0
309389,543.0,1623.0
309458,631.0,1660.0
309560,550.0,1571.0
309785,453.0,1513.0
309846,722.0,1675.0
309979,514.0,1559.0
310197,551.0,1603.0
310217,542.0,1600.0
310311,495.0,1518.0
310441,902.0,1595.0
310487,524.0,1622.0
310527,625.0,1545.0
310792,505.0,1687.0
310809,479.0,1589.0
310881,587.0,1568.0
310931,451.0,1634.0
310996,472.0,1552.0
310999,534.0,1643.0
311245,655.0,1642.0
311256,472.0,1684.0
311296,561.0,1584.0
311405,551.0,1696.0
311492,470.0,1587.0
311519,528.0,1551.0
311673,420.0,1592.0
311737,594.0,1614.0
311813,531.0,1616.0
311828,645.0,1619.0
311913,416.0,1562.0
311915,615.0,1583.0
312061,512.0,1582.0
312100,737.0,1738.0
312147,656.0,1663.0
312201,492.0,1626.0
312263,472.0,1653.0
312364,535.0,1579.0
312450,451.0,1510.0
312463,565.0,1716.0
312522,563.0,1664.0
312529,573.0,1560.0
312539,454.0,1543.0
312559,492.0,1573.0
312618,583.0,1718.0
312717,493.0,1615.0
312729,520.0,1533.0
312755,398.0,1504.0
312769,531.0,1518.0
312808,509.0,1567.0
312823,497.0,1618.0
312887,550.0,1558.0
312893,483.0,1675.0
312909,522.0,1616.0
313162,567.0,1710.0
313224,532.0,1578.0
313298,535.0,1637.0
313305,548.0,1678.0
313414,473.0,1614.0
313645,714.0,1689.0
313708,520.0,1660.0
313785,393.0,1487.0
313788,466.0,1615.0
313824,521.0,1661.0
314055,552.0,1775.0
314062,636.0,1672.0
314089,640.0,1691.0
314243,497.0,1623.0
314360,505.0,1505.0
314739,460.0,1589.0
314833,501.0,1576.0
314936,562.0,1685.0
315006,539.0,1591.0
315021,588.0,1678.0
315036,517.0,1660.0
315175,547.0,1721.0
315182,495.0,1705.0
315274,698.0,1697.0
315277,698.0,1573.0
315292,649.0,1619.0
315314,753.0,1615.0
315329,486.0,1640.0
315368,488.0,1579.0
315389,565.0,1576.0
315494,433.0,1595.0
315627,442.0,1610.0
315636,672.0,1683.0
315644,919.0,1685.0
315765,423.0,1577.0
315847,500.0,1589.0
315988,652.0,1655.0
316034,508.0,1601.0
316140,479.0,1616.0
316350,504.0,1571.0
316397,446.0,1497.0
316488,551.0,1595.0
316540,577.0,1708.0
316569,553.0,1593.0
316579,693.0,1720.0
316696,559.0,1682.0
316881,504.0,1570.0
316919,495.0,1562.0
316958,553.0,1550.0
317098,540.0,1630.0
317106,538.0,1573.0
317150,561.0,1620.0
317152,432.0,1795.0
317158,479.0,1600.0
317170,556.0,1515.0
317279,504.0,1567.0
317319,473.0,1556.0
317372,487.0,1559.0
317385,536.0,1618.0
317448,526.0,1626.0
317543,597.0,1550.0
317563,530.0,1782.0
317681,597.0,1550.0
317698,500.0,1479.0
317753,693.0,1550.0
317762,588.0,1540.0
317861,462.0,1527.0
317870,602.0,1467.0
317947,574.0,1566.0
318112,484.0,1538.0
318169,456.0,1508.0
318311,613.0,1671.0
318312,549.0,1628.0
318323,408.0,1477.0
318396,584.0,1607.0
318469,480.0,1486.0
318560,511.0,1602.0
318657,571.0,1496.0
318681,728.0,1557.0
318685,446.0,1503.0
318727,583.0,1618.0
318756,491.0,1520.0
318902,486.0,1502.0
319161,654.0,1544.0
319383,543.0,1662.0
319392,373.0,1463.0
319406,475.0,1397.0
319565,683.0,1591.0
319583,598.0,1594.0
319641,438.0,1546.0
319650,413.0,1465.0
319718,453.0,1430.0
319816,510.0,1561.0
319830,535.0,1523.0
319871,597.0,1685.0
319888,552.0,1600.0
319902,608.0,1611.0
319912,522.0,1608.0
320016,444.0,1490.0
320020,440.0,1567.0
320073,507.0,1638.0
320188,748.0,1631.0
320192,544.0,1501.0
320211,639.0,1645.0
320247,564.0,1557.0
320306,688.0,1700.0
320331,515.0,1590.0
320379,625.0,1563.0
320513,725.0,1577.0
320676,726.0,1504.0
320807,601.0,1657.0
320833,569.0,1662.0
320892,623.0,1627.0
320971,464.0,1556.0
321160,597.0,1558.0
321163,713.0,1560.0
321171,462.0,1845.0
321205,789.0,1684.0
321219,668.0,1566.0
321341,406.0,1464.0
321423,476.0,1439.0
321443,486.0,1502.0
321524,519.0,1546.0
321550,457.0,1560.0
321566,583.0,1567.0
321632,576.0,1547.0
321819,411.0,1651.0
321833,718.0,1537.0
321837,575.0,1667.0
321932,450.0,1460.0
322239,432.0,1520.0
322323,535.0,1624.0
322352,569.0,1614.0
322428,625.0,1545.0
322487,786.0,1535.0
322747,438.0,1546.0
322762,468.0,1584.0
322908,819.0,1601.0
322973,578.0,1573.0
323027,537.0,1524.0
323120,650.0,1523.0
323134,499.0,1653.0
323152,516.0,1441.0
323242,640.0,1584.0
323259,507.0,1570.0
323413,529.0,1554.0
323505,483.0,1525.0
323528,531.0,1636.0
323571,606.0,1630.0
323624,652.0,1498.0
323663,587.0,1604.0
323674,492.0,1563.0
323809,514.0,1515.0
323854,478.0,1523.0
323936,535.0,1652.0
324036,574.0,1542.0
324075,592.0,1648.0
324237,637.0,1567.0
324274,715.0,1634.0
324392,606.0,1652.0
324508,578.0,1666.0
324659,642.0,1587.0
324713,459.0,1530.0
324741,637.0,1744.0
324795,501.0,1617.0
324822,723.0,1641.0
324825,481.0,1582.0
324833,491.0,1511.0
324845,609.0,1648.0
324852,610.0,1586.0
324859,609.0,1584.0
324965,494.0,1543.0
325005,665.0,1749.0
325050,450.0,1564.0
325100,585.0,1618.0
325110,497.0,1614.0
325243,564.0,1618.0
325274,602.0,1624.0
325294,480.0,1594.0
325406,532.0,1622.0
325417,442.0,1518.0
325467,599.0,1585.0
325497,556.0,1646.0
325781,445.0,1585.0
325793,475.0,1640.0
325862,532.0,1727.0
325934,532.0,1667.0
325948,600.0,1659.0
325964,599.0,1646.0
325994,588.0,1666.0
326000,585.0,1720.0
326015,757.0,1632.0
326046,576.0,1633.0
326065,530.0,1690.0
326137,562.0,1521.0
326239,531.0,1757.0
326247,579.0,1693.0
326264,504.0,1607.0
326318,463.0,1590.0
326334,472.0,1666.0
326353,589.0,1804.0
326371,528.0,1632.0
326379,431.0,1482.0
326442,535.0,1637.0
326467,736.0,1693.0
326540,507.0,1586.0
326572,591.0,1638.0
326621,584.0,1604.0
326641,656.0,1670.0
326707,509.0,1660.0
326808,481.0,1585.0
327023,570.0,1623.0
327052,514.0,1637.0
327076,505.0,1598.0
327121,496.0,1564.0
327161,512.0,1676.0
327172,560.0,1582.0
327209,432.0,1526.0
327225,758.0,1736.0
327289,731.0,1660.0
327385,517.0,1566.0
327496,531.0,1719.0
327514,544.0,1629.0
327658,498.0,1666.0
327696,421.0,1541.0
327745,502.0,1574.0
327756,451.0,1531.0
327776,398.0,1498.0
327838,719.0,1571.0
327871,482.0,1556.0
327885,453.0,1545.0
327942,449.0,1565.0
327992,540.0,1533.0
328000,535.0,1598.0
328005,542.0,1756.0
328018,437.0,1620.0
328067,417.0,1592.0
328080,557.0,1680.0
328132,581.0,1603.0
328144,564.0,1556.0
328166,618.0,1575.0
328196,523.0,1487.0
328208,491.0,1608.0
328225,582.0,1595.0
328247,473.0,1521.0
328284,445.0,1507.0
328288,491.0,1601.0
328407,467.0,1563.0
328412,766.0,1589.0
328421,417.0,1538.0
328439,494.0,1463.0
328445,469.0,1610.0
328447,504.0,1383.0
328456,498.0,1532.0
328457,583.0,1568.0
328459,456.0,1499.0
328462,444.0,1468.0
328488,460.0,1515.0
328492,426.0,1536.0
328506,487.0,1621.0
328509,483.0,1627.0
328538,414.0,1522.0
328551,604.0,1658.0
328565,525.0,1500.0
328594,397.0,1600.0
328598,557.0,1576.0
328610,482.0,1532.0
328648,525.0,1564.0
328663,474.0,1618.0
328672,550.0,1470.0
328731,525.0,1606.0
328758,399.0,1527.0
328800,553.0,1606.0
328810,632.0,1594.0
328820,552.0,1631.0
328835,529.0,1542.0
328837,603.0,1520.0
328860,456.0,1535.0
328886,464.0,1450.0
328927,569.0,1445.0
328965,600.0,1532.0
328967,736.0,1600.0
329036,499.0,1496.0
329129,423.0,1562.0
329209,485.0,1583.0
329239,602.0,1604.0
329250,476.0,1550.0
329255,500.0,1698.0
329260,467.0,1555.0
329282,556.0,1582.0
329286,448.0,1559.0
329295,549.0,1615.0
329350,648.0,1600.0
329391,943.0,1663.0
329395,584.0,1660.0
329456,500.0,1532.0
329484,655.0,1627.0
329518,598.0,1574.0
329523,901.0,1535.0
329596,727.0,1572.0
329605,719.0,1623.0
329612,600.0,1531.0
329629,637.0,1595.0
329649,647.0,1650.0
329704,488.0,1520.0
329714,559.0,1575.0
329761,536.0,1589.0
329784,870.0,1582.0
329800,421.0,1492.0
329830,796.0,1542.0
329836,576.0,1551.0
329838,765.0,1588.0
329849,910.0,1613.0
329863,741.0,1454.0
329880,717.0,1627.0
329909,748.0,1536.0
329914,915.0,1672.0
329937,412.0,1491.0
329944,588.0,1633.0
329947,425.0,1542.0
329973,477.0,1463.0
330001,544.0,1592.0
330036,486.0,1652.0
330044,462.0,1561.0
330048,540.0,1587.0
330091,471.0,1478.0
330094,489.0,1540.0
330099,727.0,1641.0
330104,545.0,1557.0
330112,825.0,1584.0
330138,480.0,1465.0
330192,668.0,1495.0
330228,598.0,1524.0
330258,554.0,1520.0
330268,650.0,1551.0
330288,529.0,1701.0
330347,448.0,1553.0
330388,671.0,1604.0
330418,1040.0,1642.0
330437,514.0,1623.0
330440,760.0,1470.0
330445,581.0,1520.0
330449,629.0,1663.0
330459,373.0,1473.0
330466,459.0,1463.0
330468,684.0,1575.0
330472,484.0,1494.0
330481,663.0,1586.0
330594,618.0,1435.0
330618,507.0,1595.0
330620,527.0,1500.0
330634,529.0,1645.0
330684,494.0,1534.0
330750,458.0,1535.0
330802,557.0,1482.0
330811,399.0,1591.0
330817,480.0,1568.0
330822,477.0,1428.0
330857,525.0,1520.0
330859,449.0,1483.0
330876,557.0,1501.0
330921,539.0,1598.0
330933,540.0,1589.0
330942,440.0,1489.0
330948,630.0,1556.0
330976,508.0,1566.0
330979,502.0,1565.0
331011,691.0,1553.0
331025,599.0,1556.0
331041,745.0,1598.0
331061,401.0,1488.0
331073,540.0,1526.0
331076,493.0,1542.0
331081,529.0,1519.0
331086,667.0,1579.0
331142,698.0,1477.0
331153,803.0,1583.0
331157,596.0,1615.0
331158,656.0,1558.0
331160,585.0,1520.0
331171,625.0,1493.0
331179,700.0,1600.0
331202,543.0,1560.0
331210,488.0,1496.0
331214,973.0,1598.0
331215,661.0,1546.0
331216,644.0,1558.0
331219,375.0,1363.0
331246,625.0,1622.0
331258,474.0,1576.0
331270,470.0,1514.0
331277,641.0,1570.0
331302,606.0,1496.0
331320,758.0,1597.0
331325,364.0,1572.0
331328,450.0,1472.0
331385,517.0,1617.0
331395,526.0,1670.0
331400,652.0,1615.0
331405,512.0,1531.0
331507,831.0,1590.0
331514,657.0,1563.0
331529,677.0,1570.0
331581,358.0,1413.0
331582,410.0,1460.0
331595,477.0,1505.0
331785,691.0,1495.0
331805,531.0,1570.0
331809,600.0,1584.0
331865,673.0,1595.0
331938,635.0,1647.0
331981,584.0,1587.0
332042,695.0,1548.0
332055,418.0,1463.0
332056,436.0,1500.0
332058,481.0,1522.0
332064,579.0,1555.0
332097,749.0,1520.0
332122,1004.0,1557.0
332124,608.0,1650.0
332171,513.0,1470.0
332219,451.0,1500.0
332244,491.0,1575.0
332295,744.0,1560.0
332315,517.0,1484.0
332319,537.0,1544.0
332322,485.0,1531.0
332328,517.0,1508.0
332376,620.0,1560.0
332403,439.0,1502.0
332412,537.0,1640.0
332475,618.0,1585.0
332499,635.0,1485.0
332511,649.0,1558.0
332558,441.0,1454.0
332595,551.0,1441.0
332601,545.0,1534.0
332661,460.0,1529.0
332684,541.0,1522.0
332689,645.0,1640.0
332714,409.0,1534.0
332748,466.0,1597.0
332753,411.0,1573.0
332765,596.0,1612.0
332799,821.0,1650.0
332822,711.0,1486.0
332909,418.0,1490.0
332940,490.0,1476.0
332943,637.0,1535.0
332995,434.0,1590.0
333013,459.0,1522.0
333021,413.0,1444.0
333084,443.0,1497.0
333100,480.0,1485.0
333109,441.0,1554.0
333111,612.0,1605.0
333149,552.0,1515.0
333155,526.0,1500.0
333228,521.0,1488.0
333289,558.0,1612.0
333296,408.0,1542.0
333332,455.0,1469.0
333393,586.0,1550.0
333401,580.0,1600.0
333590,448.0,1622.0
333727,566.0,1525.0
333738,616.0,1620.0
333801,431.0,1556.0
333914,700.0,1555.0
334016,556.0,1494.0
334034,481.0,1597.0
334045,580.0,1595.0
334051,506.0,1493.0
334073,545.0,1516.0
334102,411.0,1523.0
334112,450.0,1490.0
334117,482.0,1456.0
334147,528.0,1523.0
334197,406.0,1368.0
334206,477.0,1561.0
334211,353.0,1441.0
334287,503.0,1531.0
334299,457.0,1605.0
334309,396.0,1541.0
334326,460.0,1592.0
334332,447.0,1484.0
334363,470.0,1540.0
334367,470.0,1582.0
334436,606.0,1571.0
334437,461.0,1485.0
334551,391.0,1510.0
334563,400.0,1482.0
334611,486.0,1533.0
334616,419.0,1491.0
334620,518.0,1524.0
334654,426.0,1500.0
334656,541.0,1555.0
334660,408.0,1540.0
334673,561.0,1512.0
334684,546.0,1500.0
334689,521.0,1450.0
334711,544.0,1641.0
334725,481.0,1482.0
334736,548.0,1513.0
334751,479.0,1550.0
334805,486.0,1470.0
334844,440.0,1527.0
334856,479.0,1580.0
334862,473.0,1593.0
334864,499.0,1574.0
334866,545.0,1525.0
334899,521.0,1599.0
334909,420.0,1570.0
335053,415.0,1561.0
335079,554.0,1522.0
335122,396.0,1573.0
335129,468.0,1590.0
335135,460.0,1473.0
335165,588.0,1578.0
335166,470.0,1501.0
335186,445.0,1440.0
335215,500.0,1485.0
335308,514.0,1514.0
335311,430.0,1371.0
335341,478.0,1487.0
335358,518.0,1459.0
335439,479.0,1594.0
335444,612.0,1649.0
335469,492.0,1621.0
335507,477.0,1484.0
335521,549.0,1530.0
335540,598.0,1499.0
335548,564.0,1507.0
335549,460.0,1495.0
335578,572.0,1619.0
335597,522.0,1564.0
335606,519.0,1542.0
335639,497.0,1592.0
335649,504.0,1629.0
335660,521.0,1612.0
335699,470.0,1517.0
335863,605.0,1442.0
335867,570.0,1600.0
335908,649.0,1558.0
335935,684.0,1631.0
335962,466.0,1653.0
336004,610.0,1515.0
336048,528.0,1565.0
336053,556.0,1620.0
336099,534.0,1569.0
336107,466.0,1500.0
336124,523.0,1555.0
336133,490.0,1510.0
336165,566.0,1552.0
336184,547.0,1555.0
336187,565.0,1539.0
336234,516.0,1582.0
336243,455.0,1444.0
336250,473.0,1460.0
336255,542.0,1605.0
336276,517.0,1599.0
336312,556.0,1549.0
336332,541.0,1510.0
336442,465.0,1570.0
336445,472.0,1522.0
336446,557.0,1547.0
336447,533.0,1470.0
336495,550.0,1505.0
336501,495.0,1595.0
336513,622.0,1610.0
336536,498.0,1528.0
336541,603.0,1570.0
336564,454.0,1519.0
336603,496.0,1510.0
336614,403.0,1489.0
336636,454.0,1513.0
336667,626.0,1554.0
336680,598.0,1563.0
336713,580.0,1630.0
336720,517.0,1512.0
336731,474.0,1482.0
336786,361.0,1465.0
336815,591.0,1550.0
336848,538.0,1555.0
336854,508.0,1518.0
336950,519.0,1605.0
336985,723.0,1570.0
336991,606.0,1607.0
336992,856.0,1587.0
337040,428.0,1460.0
337041,547.0,1535.0
337043,695.0,1501.0
337083,700.0,1565.0
337091,778.0,1595.0
337133,530.0,1490.0
337139,452.0,1483.0
337178,584.0,1552.0
337185,443.0,1503.0
337196,471.0,1540.0
337242,714.0,1492.0
337261,488.0,1571.0
337293,500.0,1555.0
337319,430.0,1485.0
337333,404.0,1432.0
337383,497.0,1577.0
337384,599.0,1570.0
337443,579.0,1560.0
337477,453.0,1502.0
337484,489.0,1507.0
337521,536.0,1586.0
337526,559.0,1632.0
337571,519.0,1498.0
337639,541.0,1500.0
337643,502.0,1531.0
337665,546.0,1499.0
337691,498.0,1539.0
337747,753.0,1544.0
337856,585.0,1542.0
337872,450.0,1490.0
337947,510.0,1495.0
338004,514.0,1600.0
338064,423.0,1450.0
338069,561.0,1557.0
338115,722.0,1530.0
338118,781.0,1526.0
338123,631.0,1682.0
338155,701.0,1513.0
338164,598.0,1524.0
338167,590.0,1515.0
338211,511.0,1512.0
338260,799.0,1660.0
338275,809.0,1574.0
338285,568.0,1563.0
338290,570.0,1543.0
338316,562.0,1565.0
338434,592.0,1611.0
338458,529.0,1455.0
338522,600.0,1562.0
338545,446.0,1478.0
338553,560.0,1601.0
338613,662.0,1610.0
338639,608.0,1528.0
338644,584.0,1660.0
338649,700.0,1589.0
338780,662.0,1650.0
338821,414.0,1450.0
338848,761.0,1605.0
338870,384.0,1530.0
338957,548.0,1588.0
338992,473.0,1532.0
339152,361.0,1473.0
339159,523.0,1552.0
339172,520.0,1543.0
339180,433.0,1575.0
339234,511.0,1587.0
339395,508.0,1568.0
339468,558.0,1646.0
339552,496.0,1487.0
339610,444.0,1553.0
339745,571.0,1605.0
339799,563.0,1598.0
339802,581.0,1562.0
339814,795.0,1740.0
339817,520.0,1523.0
339877,502.0,1565.0
339886,773.0,1562.0
339899,555.0,1573.0
339901,552.0,1562.0
339906,602.0,1565.0
339909,468.0,1576.0
339925,591.0,1630.0
339942,530.0,1601.0
340004,543.0,1543.0
340111,523.0,1540.0
340177,732.0,1576.0
340282,494.0,1636.0
340348,649.0,1804.0
340371,586.0,1519.0
340377,537.0,1495.0
340428,582.0,1618.0
340496,515.0,1560.0
340573,680.0,1620.0
340748,533.0,1590.0
340785,506.0,1592.0
340818,495.0,1540.0
340885,490.0,1623.0
340889,505.0,1520.0
340897,543.0,1636.0
340904,527.0,1507.0
340937,466.0,1550.0
340949,614.0,1689.0
340962,682.0,1582.0
341002,625.0,1710.0
341104,554.0,1593.0
341192,472.0,1531.0
341228,525.0,1545.0
341327,442.0,1488.0
341438,452.0,1460.0
341514,488.0,1570.0
341641,690.0,1585.0
341677,615.0,1540.0
341861,550.0,1533.0
342229,386.0,1544.0
342314,458.0,1496.0
342336,621.0,1700.0
342360,550.0,1590.0
342468,437.0,1535.0
342624,538.0,1697.0
342735,477.0,1560.0
342807,530.0,1573.0
342814,546.0,1465.0
342823,470.0,1441.0
342843,483.0,1545.0
342940,502.0,1592.0
342974,505.0,1573.0
342991,455.0,1625.0
343063,432.0,1513.0
343087,574.0,1666.0
343130,659.0,1553.0
343139,606.0,1597.0
343158,462.0,1566.0
343260,534.0,1580.0
343266,541.0,1585.0
343281,415.0,1550.0
343288,482.0,1540.0
343297,532.0,1505.0
343303,541.0,1575.0
343306,582.0,1604.0
343312,498.0,1495.0
343354,523.0,1503.0
343367,570.0,1520.0
343382,456.0,1500.0
343427,437.0,1384.0
343457,639.0,1635.0
343544,601.0,1611.0
343566,545.0,1602.0
343681,393.0,1442.0
343683,447.0,1468.0
343684,538.0,1470.0
343696,538.0,1589.0
343699,481.0,1570.0
343709,464.0,1545.0
343715,563.0,1535.0
343724,531.0,1563.0
343746,533.0,1582.0
343923,519.0,1612.0
344096,496.0,1545.0
344411,514.0,1636.0
344417,527.0,1566.0
344428,464.0,1643.0
344438,780.0,1632.0
344445,504.0,1520.0
344547,538.0,1594.0
344556,502.0,1612.0
344756,610.0,1638.0
344827,806.0,1683.0
344837,509.0,1535.0
344922,520.0,1632.0
345017,520.0,1525.0
345216,781.0,1633.0
345408,449.0,1556.0
345501,698.0,1634.0
345641,665.0,1568.0
345662,495.0,1550.0
345666,596.0,1637.0
345708,550.0,1530.0
345721,583.0,1636.0
345732,490.0,1583.0
345801,559.0,1547.0
345816,485.0,1447.0
345827,542.0,1631.0
345841,567.0,1600.0
345900,635.0,1573.0
345905,531.0,1454.0
345930,1119.0,1520.0
345989,566.0,1556.0
346010,485.0,1591.0
346020,402.0,1457.0
346050,598.0,1731.0
346170,461.0,1558.0
346244,423.0,1518.0
346261,501.0,1614.0
346283,563.0,1648.0
346394,623.0,1602.0
346400,432.0,1575.0
346412,419.0,1419.0
346415,392.0,1528.0
346479,446.0,1513.0
346497,609.0,1630.0
346535,604.0,1528.0
346577,425.0,1517.0
346656,555.0,1630.0
347090,592.0,1540.0
347104,576.0,1583.0
347116,446.0,1508.0
347181,531.0,1607.0
347182,621.0,1562.0
347184,666.0,1651.0
347191,811.0,1580.0
347247,532.0,1567.0
347250,656.0,1715.0
347401,612.0,1650.0
347450,490.0,1530.0
347471,527.0,1576.0
347542,530.0,1620.0
347570,573.0,1580.0
347592,872.0,1708.0
347605,635.0,1611.0
347613,452.0,1630.0
347615,664.0,1525.0
347620,539.0,1497.0
347624,662.0,1657.0
347635,536.0,1534.0
347637,452.0,1496.0
347646,490.0,1605.0
347648,558.0,1523.0
347652,692.0,1600.0
347774,423.0,1422.0
347775,471.0,1480.0
347816,466.0,1473.0
347824,530.0,1582.0
347844,660.0,1600.0
348051,456.0,1525.0
348137,451.0,1560.0
348620,536.0,1535.0
348625,509.0,1535.0
348660,578.0,1640.0
348667,562.0,1606.0
348675,479.0,1577.0
348718,527.0,1567.0
348770,981.0,1590.0
348832,636.0,1562.0
348857,518.0,1580.0
348888,451.0,1565.0
348922,429.0,1491.0
348939,477.0,1577.0
348973,545.0,1603.0
348984,567.0,1678.0
349192,607.0,1584.0
349311,617.0,1695.0
349403,649.0,1715.0
349413,604.0,1629.0
349414,606.0,1653.0
349423,517.0,1576.0
349524,496.0,1590.0
349605,455.0,1565.0
349646,551.0,1566.0
349721,931.0,1600.0
349877,625.0,1625.0
349893,534.0,1560.0
349919,591.0,1561.0
349927,650.0,1590.0
349977,597.0,1605.0
350009,488.0,1540.0
350061,632.0,1605.0
350117,502.0,1660.0
350129,583.0,1544.0
350137,657.0,1532.0
350185,484.0,1666.0
350212,442.0,1495.0
350223,507.0,1554.0
350227,406.0,1423.0
350292,578.0,1625.0
350848,583.0,1560.0
350906,633.0,1605.0
350971,612.0,1665.0
351010,646.0,1653.0
351099,513.0,1552.0
351671,680.0,1680.0
351757,592.0,1570.0
352030,505.0,1502.0
352159,559.0,1572.0
352286,654.0,1513.0
352347,766.0,1562.0
352470,448.0,1520.0
352669,518.0,1600.0
352698,680.0,1649.0
353065,504.0,1593.0
353306,381.0,1508.0
353760,681.0,1491.0
354493,470.0,1519.0
355017,499.0,1544.0
355020,818.0,1600.0
355153,722.0,1640.0
355157,628.0,1568.0
355411,478.0,1450.0
355724,535.0,1588.0
355788,400.0,1576.0
355819,580.0,1500.0
355937,702.0,1623.0
356000,501.0,1602.0
356006,948.0,1514.0
356149,556.0,1503.0
356154,1023.0,1635.0
356232,743.0,1550.0
356269,509.0,1660.0
356286,486.0,1623.0
356299,505.0,1451.0
356301,495.0,1513.0
356306,512.0,1478.0
356372,534.0,1550.0
356522,611.0,1607.0
356762,469.0,1680.0
356818,646.0,1570.0
356961,538.0,1562.0
357152,541.0,1510.0
357282,631.0,1621.0
357319,649.0,1667.0
357333,685.0,1590.0
357335,821.0,1550.0
357480,486.0,1580.0
357591,494.0,1571.0
357709,847.0,1700.0
357806,348.0,1462.0
357823,577.0,1610.0
357874,450.0,1588.0
358036,570.0,1690.0
358135,613.0,1631.0
358522,550.0,1640.0
358526,569.0,1560.0
358721,520.0,1589.0
358754,522.0,1584.0
358792,488.0,1565.0
358809,462.0,1578.0
358815,672.0,1635.0
358962,455.0,1452.0
358981,576.0,1502.0
359136,558.0,1522.0
359161,492.0,1504.0
359165,500.0,1466.0
359517,527.0,1454.0
359644,484.0,1475.0
359694,629.0,1575.0
359714,517.0,1475.0
359730,482.0,1473.0
359735,417.0,1465.0
359778,517.0,1504.0
359881,454.0,1480.0
359895,475.0,1545.0
360143,506.0,1550.0
360207,567.0,1545.0
360214,580.0,1548.0
360262,486.0,1603.0
360323,463.0,1624.0
360386,515.0,1598.0
360393,516.0,1547.0
360401,520.0,1514.0
360415,627.0,1652.0
360567,606.0,1612.0
360652,491.0,1553.0
360655,362.0,1420.0
360660,598.0,1589.0
360704,452.0,1576.0
360743,625.0,1577.0
361008,615.0,1627.0
361012,496.0,1565.0
361029,641.0,1601.0
361051,448.0,1500.0
361101,489.0,1548.0
361143,445.0,1446.0
361144,446.0,1626.0
361152,393.0,1513.0
361233,557.0,1579.0
361414,409.0,1580.0
361493,528.0,1482.0
361557,466.0,1557.0
361733,465.0,1562.0
361735,518.0,1569.0
361751,564.0,1593.0
361793,378.0,1316.0
361794,424.0,1546.0
361834,403.0,1512.0
362110,544.0,1699.0
362147,409.0,1449.0
362159,527.0,1540.0
362183,476.0,1505.0
362230,548.0,1612.0
362261,574.0,1570.0
362300,494.0,1544.0
362436,473.0,1622.0
362440,459.0,1566.0
362462,539.0,1566.0
362507,464.0,1583.0
362590,577.0,1604.0
362606,519.0,1603.0
362766,628.0,1547.0
362792,495.0,1499.0
362886,423.0,1540.0
362943,596.0,1558.0
362974,470.0,1570.0
362975,488.0,1452.0
362985,593.0,1635.0
362993,481.0,1543.0
363002,534.0,1537.0
363014,476.0,1463.0
363032,739.0,1600.0
363039,739.0,1582.0
363042,600.0,1500.0
363058,665.0,1546.0
363074,623.0,1450.0
363083,776.0,1550.0
363190,784.0,1647.0
363200,754.0,1594.0
363213,396.0,1463.0
363288,501.0,1584.0
363293,616.0,1725.0
363438,668.0,1590.0
363594,486.0,1515.0
363596,607.0,1535.0
363673,629.0,1630.0
363882,468.0,1485.0
363885,378.0,1417.0
363913,588.0,1643.0
363928,568.0,1464.0
364228,506.0,1563.0
364229,491.0,1525.0
364249,423.0,1375.0
364254,454.0,1518.0
364264,487.0,1595.0
364285,637.0,1652.0
364306,480.0,1545.0
364314,576.0,1500.0
364318,457.0,1489.0
364319,449.0,1480.0
364356,469.0,1620.0
364357,416.0,1520.0
364363,442.0,1546.0
364366,489.0,1514.0
364368,464.0,1495.0
364378,464.0,1504.0
364389,483.0,1565.0
364394,520.0,1500.0
364412,497.0,1566.0
364419,570.0,1546.0
364505,489.0,1595.0
364654,510.0,1559.0
364687,467.0,1588.0
364716,543.0,1615.0
364731,436.0,1590.0
364812,576.0,1632.0
364972,543.0,1660.0
365231,542.0,1567.0
365467,617.0,1625.0
365528,515.0,1586.0
365540,512.0,1498.0
365541,498.0,1480.0
365556,541.0,1471.0
365561,418.0,1611.0
365588,576.0,1655.0
365718,668.0,1560.0
365829,577.0,1540.0
365859,636.0,1630.0
365893,566.0,1574.0
365918,626.0,1601.0
365926,523.0,1550.0
365942,468.0,1594.0
365962,526.0,1615.0
366180,577.0,1624.0
366194,601.0,1633.0
366219,489.0,1565.0
366239,546.0,1666.0
366246,530.0,1635.0
366262,562.0,1572.0
366282,498.0,1582.0
366288,509.0,1584.0
366296,676.0,1695.0
366350,629.0,1600.0
366382,640.0,1733.0
366391,560.0,1595.0
366397,518.0,1585.0
366400,605.0,1673.0
366864,555.0,1555.0
366945,447.0,1560.0
367015,764.0,1710.0
367135,493.0,1503.0
367142,526.0,1565.0
367187,624.0,1647.0
367197,705.0,1522.0
367250,645.0,1559.0
367289,937.0,1573.0
367296,607.0,1576.0
367315,718.0,1680.0
367322,527.0,1528.0
367391,620.0,1635.0
367466,531.0,1495.0
367478,428.0,1453.0
367487,558.0,1553.0
367510,531.0,1519.0
367515,537.0,1603.0
367590,695.0,1580.0
367594,424.0,1510.0
367595,780.0,1579.0
367601,509.0,1574.0
367607,512.0,1542.0
367618,495.0,1478.0
367648,535.0,1570.0
367734,623.0,1565.0
367767,409.0,1531.0
367771,585.0,1607.0
368011,435.0,1478.0
368122,549.0,1590.0
368130,492.0,1543.0
368150,483.0,1520.0
368179,508.0,1570.0
368373,607.0,1692.0
368554,479.0,1566.0
368563,584.0,1575.0
368626,590.0,1612.0
368641,482.0,1552.0
368646,334.0,1376.0
368652,403.0,1485.0
368665,443.0,1527.0
368672,458.0,1566.0
368719,631.0,1642.0
368737,473.0,1463.0
368776,443.0,1487.0
368804,553.0,1550.0
368850,487.0,1455.0
368857,509.0,1432.0
368865,458.0,1541.0
368872,380.0,1443.0
368879,500.0,1511.0
368936,568.0,1625.0
369065,627.0,1508.0
369087,565.0,1462.0
369091,520.0,1593.0
369099,422.0,1525.0
369138,612.0,1548.0
369151,638.0,1590.0
369171,457.0,1522.0
369300,404.0,1520.0
369311,484.0,1596.0
369325,407.0,1487.0
369332,389.0,1431.0
369420,573.0,1581.0
369443,600.0,1592.0
369511,979.0,1692.0
369637,556.0,1593.0
369672,717.0,1603.0
370274,547.0,1597.0
370324,440.0,1447.0
370366,516.0,1591.0
370383,501.0,1532.0
370549,531.0,1551.0
370555,598.0,1622.0
370589,696.0,1573.0
370599,589.0,1595.0
370600,637.0,1634.0
370603,590.0,1536.0
370612,577.0,1571.0
370625,574.0,1515.0
370628,449.0,1526.0
370634,681.0,1735.0
370643,563.0,1632.0
370650,559.0,1635.0
370669,519.0,1512.0
370674,524.0,1602.0
370931,488.0,1426.0
371049,542.0,1562.0
371060,607.0,1519.0
371171,593.0,1546.0
371185,608.0,1585.0
371316,598.0,1466.0
371353,481.0,1544.0
371354,484.0,1542.0
371395,617.0,1574.0
371402,466.0,1561.0
371407,465.0,1525.0
371458,471.0,1489.0
371500,586.0,1491.0
372014,553.0,1587.0
372031,469.0,1586.0
372183,500.0,1538.0
372328,503.0,1497.0
372594,444.0,1511.0
372747,584.0,1571.0
372749,408.0,1541.0
372770,475.0,1519.0
372843,449.0,1494.0
372864,593.0,1594.0
373109,572.0,1620.0
373152,676.0,1554.0
373229,836.0,1621.0
373285,428.0,1487.0
373468,473.0,1493.0
373473,443.0,1494.0
373483,461.0,1411.0
373498,674.0,1575.0
373575,423.0,1531.0
373577,644.0,1634.0
373600,464.0,1514.0
373604,499.0,1535.0
373607,467.0,1463.0
373775,514.0,1495.0
373800,516.0,1497.0
373803,416.0,1391.0
373839,526.0,1613.0
374151,493.0,1555.0
374237,450.0,1550.0
374443,474.0,1532.0
374472,531.0,1519.0
374587,551.0,1662.0
374608,615.0,1570.0
374623,506.0,1694.0
374810,476.0,1667.0
374911,588.0,1598.0
374915,594.0,1595.0
374919,466.0,1560.0
374933,534.0,1603.0
374938,545.0,1698.0
374946,619.0,1572.0
375267,644.0,1665.0
375514,593.0,1665.0
375540,580.0,1670.0
375712,481.0,1605.0
376019,406.0,1589.0
376051,497.0,1542.0
376232,552.0,1584.0
376240,608.0,1645.0
376251,476.0,1463.0
376273,571.0,1574.0
376291,496.0,1535.0
376549,568.0,1630.0
376560,586.0,1654.0
376639,591.0,1509.0
376714,665.0,1635.0
376722,687.0,1625.0
376729,382.0,1642.0
376739,513.0,1623.0
376744,521.0,1480.0
376754,506.0,1540.0
376766,489.0,1550.0
376774,515.0,1664.0
376780,765.0,1623.0
376784,573.0,1568.0
376789,509.0,1512.0
376799,447.0,1515.0
376801,582.0,1565.0
376803,583.0,1555.0
376805,557.0,1650.0
376840,560.0,1603.0
376852,515.0,1622.0
376869,509.0,1583.0
376877,450.0,1621.0
377434,480.0,1465.0
377541,545.0,1535.0
377640,495.0,1467.0
377709,559.0,1527.0
377872,579.0,1623.0
377969,505.0,1595.0
377985,672.0,1620.0
377986,587.0,1706.0
378013,503.0,1554.0
378045,511.0,1579.0
378048,606.0,1623.0
378057,599.0,1609.0
378058,573.0,1579.0
378086,542.0,1660.0
378252,478.0,1468.0
378367,527.0,1494.0
378658,535.0,1583.0
378671,713.0,1585.0
378674,637.0,1734.0
378730,583.0,1644.0
378745,496.0,1573.0
378766,644.0,1555.0
378797,439.0,1509.0
378822,647.0,1604.0
378929,549.0,1531.0
378953,607.0,1484.0
378963,465.0,1505.0
379041,479.0,1545.0
379061,588.0,1583.0
379078,532.0,1538.0
379177,442.0,1542.0
379269,605.0,1551.0
379294,415.0,1552.0
379305,502.0,1519.0
379393,448.0,1476.0
379670,561.0,1570.0
379684,383.0,1472.0
379687,595.0,1596.0
379708,514.0,1575.0
379715,476.0,1534.0
379720,481.0,1541.0
379738,479.0,1459.0
379747,453.0,1465.0
379920,504.0,1522.0
379994,619.0,1588.0
380025,365.0,1545.0
380513,460.0,1607.0
380580,489.0,1552.0
380589,434.0,1462.0
380596,439.0,1625.0
380601,543.0,1560.0
380607,434.0,1535.0
380842,582.0,1542.0
380848,566.0,1512.0
380849,540.0,1542.0
380851,435.0,1450.0
380859,413.0,1460.0
380865,540.0,1540.0
380869,502.0,1623.0
380871,535.0,1493.0
380874,513.0,1620.0
380876,462.0,1515.0
380877,446.0,1547.0
381019,451.0,1475.0
381084,471.0,1592.0
381142,560.0,1539.0
381276,498.0,1488.0
381300,706.0,1654.0
381301,427.0,1453.0
381312,570.0,1560.0
381317,475.0,1467.0
381320,575.0,1605.0
381331,435.0,1463.0
381397,624.0,1650.0
381412,461.0,1627.0
381504,723.0,1577.0
381793,383.0,1485.0
381858,532.0,1576.0
384390,581.0,1490.0
384401,454.0,1505.0
384406,550.0,1584.0
384484,445.0,1483.0
384571,473.0,1499.0
384715,707.0,1589.0
384724,693.0,1629.0
385718,599.0,1555.0
387035,365.0,1445.0
387785,477.0,1595.0
387917,445.0,1560.0
388752,532.0,1664.0
390800,653.0,1553.0
393898,660.0,1534.0
399677,551.0,1564.0
400050,415.0,1325.0
402658,501.0,1585.0
403686,687.0,1627.0
403719,526.0,1782.0
404382,490.0,1665.0
404925,548.0,1631.0
406129,437.0,1292.0
406275,630.0,1555.0
406486,244.0,1603.0
407449,561.0,1549.0
407686,497.0,1556.0
408091,501.0,1462.0
408610,459.0,1594.0
409140,520.0,1602.0
410409,452.0,1500.0
410587,428.0,1455.0
412598,479.0,1299.0
412676,551.0,1593.0
413095,696.0,1898.0
417619,720.0,1403.0
418953,890.0,1504.0
431457,471.0,1608.0
436039,525.0,1584.0
441749,490.0,1430.0
443509,501.0,1610.0
451135,495.0,1682.0
453481,539.0,1616.0
460736,555.0,1680.0
461952,640.0,1620.0
462548,500.0,1490.0
462575,970.0,1630.0
462663,550.0,1510.0
462682,580.0,1610.0
462892,530.0,1550.0
463401,510.0,1620.0
463424,910.0,1740.0
463596,570.0,1520.0
463730,650.0,1720.0
464108,500.0,1560.0
465443,750.0,1560.0
466616,530.0,1590.0
466845,600.0,1630.0
467157,510.0,1550.0
467980,520.0,1620.0
500436,478.0,1611.0
501129,524.0,1622.0
503550,484.0,1582.0
504945,500.0,1681.0
504968,517.0,1605.0
505893,530.0,1535.0
506936,485.0,1550.0
507073,517.0,1535.0
508268,611.0,1552.0
508488,473.0,1512.0
508489,460.0,1560.0
510055,488.0,1650.0
512750,461.0,1625.0
512754,574.0,1625.0
515167,584.0,1625.0
515943,582.0,1601.0
515951,573.0,1623.0
515955,560.0,1520.0
516017,557.0,1503.0
516137,488.0,1622.0
516145,443.0,1640.0
519124,496.0,1642.0
521516,398.0,1519.0
522134,592.0,1577.0
523217,354.0,1613.0
527123,486.0,1490.0
527151,1570.0,1603.0
527167,785.0,1755.0
527180,484.0,1590.0
527192,464.0,1619.0
527193,525.0,1607.0
527194,546.0,1585.0
527486,685.0,1720.0
528990,481.0,1557.0
532567,381.0,1452.0
532718,477.0,1512.0
533098,602.0,1613.0
537854,450.0,1599.0
537912,412.0,1465.0
538093,460.0,1423.0
540436,518.0,1567.0
540560,788.0,1642.0
541280,851.0,1675.0
541498,486.0,1513.0
541758,685.0,1570.0
542871,469.0,1502.0
543051,401.0,1471.0
543285,592.0,1650.0
545124,620.0,1650.0
547877,571.0,1632.0
549272,571.0,1620.0
550688,538.0,1515.0
551828,689.0,1588.0
551851,701.0,1595.0
551925,663.0,1664.0
554136,485.0,1580.0
556264,542.0,1530.0
559035,563.0,1559.0
559083,537.0,1653.0
559094,527.0,1601.0
561470,526.0,1481.0
569103,416.0,1473.0
569531,444.0,1520.0
570366,671.0,1624.0
575451,682.0,1642.0
577427,716.0,1645.0
578140,796.0,1684.0
579356,571.0,1588.0
579367,708.0,1680.0
582928,621.0,1641.0
583003,742.0,1705.0
587003,458.0,1448.0
588267,722.0,1501.0
588964,560.0,1519.0
589929,630.0,1550.0
594729,580.0,1693.0
594984,496.0,1593.0
597277,539.0,1608.0
598931,650.0,1680.0
599167,1016.0,1724.0
600894,634.0,1491.0
600954,648.0,1630.0
601086,477.0,1545.0
602379,443.0,1465.0
657323,495.0,1534.0
675565,524.0,1594.0
744991,717.0,1490.0
744993,628.0,1504.0
744997,830.0,1586.0
745004,517.0,1470.0
745039,501.0,1550.0
745043,621.0,1536.0
745120,518.0,1529.0
745202,462.0,1509.0
745212,627.0,1650.0
745213,544.0,1505.0
745221,604.0,1540.0
745222,482.0,1490.0
745283,479.0,1567.0
745471,574.0,1563.0
745520,545.0,1510.0
745682,541.0,1523.0
745688,438.0,1465.0
745693,537.0,1498.0
745701,471.0,1584.0
745703,515.0,1534.0
745704,500.0,1520.0
745763,572.0,1590.0
745787,444.0,1554.0
745884,480.0,1560.0
745918,581.0,1562.0
745932,451.0,1531.0
745935,499.0,1563.0
745966,493.0,1520.0
746003,445.0,1550.0
746007,640.0,1650.0
746016,448.0,1560.0
746029,339.0,1443.0
746030,500.0,1531.0
746071,475.0,1489.0
746213,728.0,1495.0
746214,417.0,1500.0
746343,390.0,1550.0
746403,420.0,1530.0
746540,514.0,1621.0
746587,509.0,1416.0
746589,500.0,1575.0
746590,580.0,1530.0
746613,639.0,1522.0
746762,427.0,1597.0
746905,431.0,1507.0
746966,560.0,1550.0
746998,564.0,1490.0
747154,490.0,1510.0
747207,495.0,1583.0
747441,560.0,1542.0
747448,412.0,1535.0
747453,446.0,1507.0
747457,402.0,1472.0
747532,521.0,1621.0
747977,397.0,1545.0
747996,552.0,1500.0
747997,604.0,1596.0
748198,350.0,1500.0
748331,600.0,1750.0
748535,516.0,1545.0
748537,582.0,1520.0
748541,578.0,1480.0
748557,701.0,1550.0
748569,426.0,1474.0
748576,532.0,1490.0
748895,417.0,1503.0
748901,410.0,1487.0
749000,460.0,1523.0
749062,524.0,1553.0
749232,495.0,1565.0
749265,385.0,1590.0
750057,437.0,1546.0
750462,400.0,1445.0
750868,506.0,1560.0
750871,500.0,1470.0
750904,489.0,1512.0
750907,680.0,1529.0
750916,452.0,1580.0
750923,684.0,1612.0
750960,652.0,1520.0
750973,437.0,1575.0
750983,400.0,1458.0
750989,495.0,1450.0
751595,437.0,1564.0
751690,505.0,1579.0
751727,479.0,1541.0
751731,776.0,1526.0
751995,713.0,1512.0
752021,465.0,1545.0
752031,459.0,1532.0
752035,489.0,1480.0
752054,588.0,1580.0
752354,576.0,1598.0
752560,418.0,1542.0
752997,472.0,1580.0
753003,457.0,1599.0
753073,599.0,1500.0
753078,669.0,1661.0
754142,522.0,1525.0
754753,402.0,1410.0
755141,454.0,1582.0
756056,416.0,1583.0
756195,366.0,1441.0
756424,512.0,1545.0
756474,448.0,1516.0
756491,506.0,1520.0
757979,476.0,1524.0
758074,493.0,1609.0
758246,617.0,1495.0
758251,746.0,1602.0
758426,716.0,1580.0
758453,519.0,1610.0
758460,811.0,1538.0
758461,758.0,1625.0
758565,501.0,1555.0
758566,515.0,1502.0
758570,523.0,1612.0
759120,480.0,1501.0
759167,442.0,1573.0
759252,428.0,1480.0
759274,515.0,1465.0
759295,530.0,1584.0
759459,474.0,1549.0
759658,435.0,1600.0
760131,521.0,1482.0
760292,550.0,1526.0
760342,490.0,1594.0
760363,473.0,1540.0
760438,470.0,1535.0
760597,370.0,1492.0
760956,527.0,1604.0
760966,505.0,1598.0
760967,490.0,1535.0
761690,430.0,1495.0
763197,351.0,1449.0
763591,501.0,1600.0
763627,595.0,1525.0
763807,504.0,1600.0
763996,403.0,1550.0
764229,498.0,1552.0
764722,641.0,1509.0
765492,571.0,1591.0
765505,459.0,1602.0
765526,414.0,1474.0
765752,670.0,1600.0
765758,586.0,1595.0
765762,632.0,1580.0
765763,697.0,1660.0
765766,531.0,1580.0
765793,447.0,1480.0
765800,504.0,1632.0
765806,509.0,1466.0
765807,586.0,1520.0
765814,557.0,1506.0
765815,631.0,1613.0
765816,606.0,1453.0
765817,467.0,1578.0
765839,454.0,1634.0
765843,483.0,1592.0
765847,578.0,1506.0
765852,469.0,1571.0
765857,477.0,1509.0
765890,535.0,1552.0
765899,532.0,1575.0
765906,513.0,1693.0
765911,469.0,1629.0
765915,414.0,1498.0
765922,568.0,1637.0
765937,878.0,1638.0
765949,545.0,1612.0
765950,496.0,1480.0
765963,601.0,1587.0
765968,781.0,1684.0
765971,631.0,1614.0
765978,594.0,1567.0
765979,462.0,1498.0
765981,564.0,1578.0
765982,510.0,1563.0
765985,584.0,1520.0
765990,522.0,1585.0
765994,539.0,1575.0
765995,521.0,1561.0
766002,596.0,1586.0
766004,471.0,1640.0
766007,572.0,1584.0
766033,406.0,1540.0
766036,817.0,1645.0
766042,565.0,1635.0
766043,952.0,1573.0
766048,575.0,1586.0
766049,632.0,1713.0
766051,785.0,1624.0
766054,657.0,1597.0
766058,511.0,1540.0
766060,623.0,1685.0
766065,632.0,1678.0
766067,744.0,1547.0
766068,624.0,1738.0
766071,624.0,1661.0
766073,674.0,1636.0
766077,565.0,1544.0
766078,658.0,1565.0
766106,588.0,1575.0
766115,568.0,1699.0
766144,807.0,1571.0
766153,498.0,1509.0
766155,493.0,1489.0
766157,536.0,1643.0
766159,637.0,1657.0
766165,545.0,1619.0
766205,621.0,1521.0
766210,600.0,1505.0
766243,512.0,1615.0
766245,643.0,1576.0
766248,541.0,1535.0
766250,589.0,1458.0
766296,590.0,1589.0
766316,504.0,1533.0
766322,549.0,1595.0
766326,495.0,1455.0
766331,402.0,1444.0
766354,555.0,1638.0
766364,781.0,1597.0
766369,899.0,1582.0
766371,533.0,1513.0
766375,643.0,1595.0
766377,690.0,1647.0
766378,689.0,1640.0
766384,617.0,1530.0
766390,970.0,1583.0
766398,560.0,1576.0
766400,582.0,1576.0
766438,575.0,1573.0
766447,425.0,1538.0
766449,782.0,1603.0
766453,682.0,1587.0
766457,626.0,1755.0
766463,844.0,1752.0
766469,555.0,1482.0
766473,507.0,1605.0
766480,469.0,1505.0
766498,472.0,1537.0
766507,695.0,1605.0
766532,589.0,1585.0
766538,517.0,1562.0
766545,539.0,1551.0
766549,595.0,1625.0
766558,609.0,1539.0
766564,673.0,1556.0
766570,411.0,1538.0
766572,527.0,1552.0
766573,540.0,1612.0
766576,550.0,1592.0
766577,636.0,1542.0
766578,548.0,1659.0
766582,533.0,1588.0
766589,413.0,1541.0
766590,489.0,1465.0
766603,618.0,1618.0
766610,478.0,1505.0
766623,509.0,1604.0
766631,509.0,1491.0
766635,485.0,1513.0
766637,400.0,1453.0
766640,578.0,1547.0
766647,481.0,1554.0
766650,516.0,1545.0
766655,491.0,1567.0
766659,523.0,1587.0
766661,498.0,1534.0
766670,598.0,1583.0
766673,549.0,1662.0
766675,528.0,1536.0
766723,567.0,1606.0
766742,425.0,1481.0
766743,495.0,1590.0
766750,397.0,1504.0
766752,628.0,1570.0
766758,516.0,1516.0
766776,417.0,1554.0
766781,554.0,1470.0
766796,486.0,1486.0
766797,508.0,1626.0
766802,508.0,1623.0
766803,560.0,1585.0
766805,616.0,1855.0
766808,518.0,1597.0
766817,504.0,1513.0
766818,469.0,1551.0
766826,496.0,1493.0
766832,693.0,1578.0
766834,498.0,1515.0
766849,632.0,1532.0
766860,1056.0,1611.0
766868,810.0,1775.0
766873,507.0,1575.0
766874,454.0,1534.0
766875,972.0,1537.0
766880,677.0,1575.0
766881,739.0,1654.0
766885,752.0,1630.0
766895,498.0,1585.0
766900,661.0,1504.0
766911,524.0,1551.0
766925,478.0,1550.0
766926,549.0,1472.0
766927,463.0,1568.0
766929,451.0,1483.0
766932,487.0,1515.0
766938,444.0,1570.0
766946,474.0,1579.0
766948,501.0,1503.0
766981,437.0,1545.0
767002,671.0,1534.0
767003,448.0,1568.0
767009,407.0,1525.0
767017,568.0,1529.0
767021,494.0,1596.0
767022,710.0,1589.0
767026,737.0,1558.0
767027,728.0,1599.0
767030,622.0,1595.0
767032,897.0,1554.0
767036,658.0,1606.0
767038,557.0,1616.0
767039,672.0,1575.0
767041,816.0,1487.0
767051,605.0,1635.0
767055,515.0,1469.0
767082,434.0,1543.0
767100,612.0,1658.0
767105,511.0,1525.0
767108,456.0,1468.0
767109,629.0,1486.0
767117,691.0,1629.0
767121,534.0,1538.0
767123,747.0,1571.0
767138,558.0,1587.0
767141,650.0,1493.0
767145,427.0,1519.0
767150,744.0,1545.0
767151,486.0,1626.0
767152,562.0,1566.0
767155,538.0,1596.0
767156,624.0,1537.0
767158,740.0,1533.0
767160,590.0,1513.0
767165,479.0,1485.0
767191,486.0,1542.0
767193,496.0,1490.0
767196,813.0,1652.0
767204,477.0,1527.0
767208,469.0,1554.0
767258,595.0,1576.0
767276,414.0,1467.0
767287,663.0,1658.0
767293,613.0,1626.0
767294,665.0,1723.0
767304,532.0,1675.0
767316,640.0,1696.0
767317,629.0,1627.0
767321,548.0,1510.0
767332,783.0,1585.0
767340,582.0,1603.0
767361,478.0,1580.0
767364,472.0,1600.0
767369,459.0,1570.0
767387,728.0,1525.0
767392,570.0,1556.0
767396,447.0,1522.0
767401,632.0,1539.0
767416,474.0,1476.0
767430,529.0,1555.0
767438,652.0,1592.0
767450,907.0,1621.0
767455,625.0,1557.0
767459,578.0,1596.0
767460,483.0,1536.0
767461,604.0,1644.0
767481,489.0,1555.0
767489,545.0,1728.0
767498,423.0,1500.0
767507,490.0,1578.0
767518,545.0,1628.0
767527,563.0,1555.0
767536,641.0,1622.0
767551,599.0,1518.0
767552,515.0,1552.0
767555,533.0,1589.0
767560,710.0,1559.0
767565,588.0,1508.0
767566,510.0,1575.0
767604,886.0,1574.0
767611,491.0,1513.0
767617,478.0,1528.0
767638,542.0,1527.0
767647,512.0,1549.0
767652,407.0,1489.0
767653,500.0,1435.0
767654,495.0,1578.0
767655,526.0,1573.0
767666,583.0,1567.0
767667,489.0,1543.0
767675,564.0,1573.0
767677,573.0,1562.0
767682,621.0,1616.0
767694,534.0,1601.0
767698,514.0,1571.0
767706,426.0,1352.0
767709,543.0,1552.0
767711,526.0,1615.0
767719,740.0,1516.0
767774,589.0,1701.0
767797,619.0,1554.0
767813,576.0,1564.0
767822,430.0,1516.0
767825,795.0,1605.0
767829,639.0,1595.0
767833,587.0,1549.0
767841,431.0,1387.0
767843,571.0,1588.0
767845,555.0,1517.0
767848,748.0,1596.0
767850,615.0,1594.0
767857,691.0,1624.0
767864,705.0,1602.0
767870,617.0,1491.0
767888,502.0,1589.0
767900,641.0,1516.0
767902,472.0,1570.0
767910,482.0,1509.0
767915,543.0,1582.0
767918,719.0,1704.0
767919,543.0,1645.0
767920,496.0,1591.0
767922,568.0,1583.0
767924,1020.0,1561.0
767929,550.0,1549.0
767931,568.0,1509.0
767932,575.0,1570.0
767960,507.0,1543.0
767967,492.0,1485.0
767968,709.0,1626.0
767977,597.0,1629.0
767979,582.0,1545.0
767986,496.0,1604.0
767989,584.0,1567.0
767992,704.0,1541.0
767996,606.0,1606.0
768030,786.0,1712.0
768039,591.0,1584.0
768046,580.0,1662.0
768065,593.0,1600.0
768070,662.0,1571.0
768071,595.0,1637.0
768073,565.0,1562.0
768076,776.0,1662.0
768082,446.0,1592.0
768083,587.0,1641.0
768088,624.0,1672.0
768095,491.0,1610.0
768096,533.0,1573.0
768101,704.0,1604.0
768102,557.0,1531.0
768105,506.0,1564.0
768143,562.0,1575.0
768144,470.0,1504.0
768147,476.0,1498.0
768152,613.0,1562.0
768191,526.0,1613.0
768201,582.0,1689.0
768212,458.0,1507.0
768221,534.0,1662.0
768224,592.0,1686.0
768225,483.0,1576.0
768231,570.0,1583.0
768245,626.0,1540.0
768250,483.0,1540.0
768253,502.0,1542.0
768255,588.0,1496.0
768258,584.0,1523.0
768259,493.0,1547.0
768270,482.0,1515.0
768272,523.0,1603.0
768276,514.0,1562.0
768280,596.0,1568.0
768285,489.0,1527.0
768289,521.0,1634.0
768317,623.0,1546.0
768322,614.0,1502.0
768324,685.0,1573.0
768338,425.0,1625.0
768342,684.0,1604.0
768349,603.0,1537.0
768367,667.0,1464.0
768375,512.0,1604.0
768381,681.0,1565.0
768386,470.0,1548.0
768393,545.0,1619.0
768397,560.0,1555.0
768400,644.0,1578.0
768426,547.0,1584.0
768433,588.0,1654.0
768469,544.0,1598.0
768480,493.0,1625.0
768486,536.0,1606.0
768488,674.0,1513.0
768493,520.0,1581.0
768495,639.0,1686.0
768502,594.0,1685.0
768503,510.0,1693.0
768504,614.0,1559.0
768552,800.0,1611.0
768555,659.0,1611.0
768563,486.0,1567.0
768570,503.0,1673.0
768580,578.0,1742.0
768581,494.0,1588.0
768583,721.0,1548.0
768587,502.0,1623.0
768588,591.0,1578.0
768589,576.0,1616.0
768597,431.0,1575.0
768619,532.0,1426.0
768629,532.0,1485.0
768636,424.0,1505.0
768653,567.0,1536.0
768660,697.0,1489.0
768671,430.0,1434.0
768677,439.0,1511.0
768682,407.0,1503.0
768689,594.0,1543.0
768691,456.0,1526.0
768694,523.0,1564.0
768698,394.0,1474.0
768702,475.0,1576.0
768719,491.0,1626.0
768720,533.0,1588.0
768729,494.0,1499.0
768738,599.0,1567.0
768743,925.0,1719.0
768745,625.0,1618.0
768754,417.0,1550.0
768756,725.0,1548.0
768760,545.0,1650.0
768771,644.0,1629.0
768782,596.0,1531.0
768784,546.0,1620.0
768787,452.0,1486.0
768789,605.0,1557.0
768791,555.0,1543.0
768794,544.0,1567.0
768796,531.0,1520.0
768817,598.0,1537.0
768820,605.0,1625.0
768824,582.0,1544.0
768830,527.0,1540.0
768831,614.0,1560.0
768860,431.0,1475.0
768865,404.0,1442.0
768872,428.0,1589.0
768884,468.0,1581.0
768885,422.0,1544.0
768893,542.0,1575.0
768895,363.0,1470.0
768932,530.0,1715.0
768941,475.0,1482.0
768961,642.0,1583.0
768965,564.0,1504.0
768973,539.0,1655.0
768978,682.0,1569.0
768985,817.0,1555.0
768987,571.0,1591.0
768994,517.0,1477.0
768997,599.0,1517.0
769021,598.0,1543.0
769024,839.0,1572.0
769026,792.0,1618.0
769028,584.0,1652.0
769029,747.0,1582.0
769033,621.0,1567.0
769034,808.0,1661.0
769036,551.0,1546.0
769037,618.0,1583.0
769046,628.0,1587.0
769049,675.0,1581.0
769054,583.0,1617.0
769055,882.0,1762.0
769061,557.0,1506.0
769073,700.0,1574.0
769090,612.0,1537.0
769100,485.0,1656.0
769101,591.0,1635.0
769111,548.0,1715.0
769116,458.0,1561.0
769123,696.0,1606.0
769129,558.0,1557.0
769134,556.0,1675.0
769135,482.0,1585.0
769140,522.0,1623.0
769145,543.0,1580.0
769151,483.0,1475.0
769157,639.0,1660.0
769162,465.0,1460.0
769165,687.0,1604.0
769217,650.0,1619.0
769226,464.0,1543.0
769229,605.0,1602.0
769234,587.0,1599.0
769240,481.0,1539.0
769244,454.0,1535.0
769247,519.0,1581.0
769249,589.0,1607.0
769250,550.0,1576.0
769251,452.0,1407.0
769255,614.0,1619.0
769261,496.0,1572.0
769263,539.0,1516.0
769297,672.0,1609.0
769300,740.0,1655.0
769303,544.0,1598.0
769309,547.0,1561.0
769313,740.0,1528.0
769317,580.0,1628.0
769319,535.0,1624.0
769322,528.0,1578.0
769325,581.0,1665.0
769327,686.0,1678.0
769329,606.0,1679.0
769332,654.0,1631.0
769362,501.0,1593.0
769365,463.0,1511.0
769374,448.0,1531.0
769376,535.0,1597.0
769381,465.0,1504.0
769384,500.0,1671.0
769395,451.0,1573.0
769420,610.0,1564.0
769435,728.0,1589.0
769436,475.0,1477.0
769441,632.0,1610.0
769442,470.0,1525.0
769446,489.0,1575.0
769456,465.0,1462.0
769460,465.0,1587.0
769461,561.0,1588.0
769463,513.0,1618.0
769464,575.0,1536.0
769465,679.0,1535.0
769497,772.0,1552.0
769503,569.0,1601.0
769509,569.0,1613.0
769518,610.0,1609.0
769537,529.0,1480.0
769541,732.0,1610.0
769546,497.0,1520.0
769548,826.0,1498.0
769559,566.0,1570.0
769560,811.0,1615.0
769568,702.0,1513.0
769570,607.0,1480.0
769571,553.0,1605.0
769573,587.0,1605.0
769586,685.0,1662.0
769597,526.0,1582.0
769604,645.0,1652.0
769606,676.0,1667.0
769607,597.0,1605.0
769608,542.0,1550.0
769612,629.0,1414.0
769624,417.0,1447.0
769626,601.0,1501.0
769632,400.0,1450.0
769634,668.0,1562.0
769637,480.0,1572.0
769649,483.0,1565.0
769658,483.0,1624.0
769665,572.0,1531.0
769666,489.0,1583.0
769681,556.0,1457.0
769685,631.0,1584.0
769690,588.0,1578.0
769693,497.0,1465.0
769699,621.0,1575.0
769703,767.0,1566.0
769711,711.0,1495.0
769716,491.0,1498.0
769718,477.0,1455.0
769724,800.0,1554.0
769727,614.0,1559.0
769728,571.0,1555.0
769763,589.0,1560.0
769766,614.0,1550.0
769773,629.0,1634.0
769782,515.0,1593.0
769791,687.0,1533.0
769797,614.0,1557.0
769803,546.0,1580.0
769810,568.0,1672.0
769827,413.0,1475.0
769858,680.0,1618.0
769864,562.0,1614.0
769872,683.0,1597.0
769878,541.0,1587.0
769880,488.0,1487.0
769882,638.0,1573.0
769886,543.0,1554.0
769891,476.0,1521.0
769892,532.0,1555.0
769893,499.0,1544.0
769899,645.0,1714.0
769908,442.0,1484.0
769912,586.0,1655.0
769914,481.0,1553.0
769915,579.0,1607.0
769930,504.0,1553.0
769938,519.0,1511.0
769943,503.0,1602.0
769948,446.0,1559.0
769954,603.0,1703.0
769958,527.0,1580.0
769960,701.0,1595.0
769967,492.0,1503.0
769994,437.0,1531.0
769997,527.0,1541.0
769999,553.0,1580.0
770006,771.0,1576.0
770015,454.0,1492.0
770020,529.0,1575.0
770022,606.0,1608.0
770024,545.0,1535.0
770032,468.0,1540.0
770067,450.0,1583.0
770074,663.0,1597.0
770077,554.0,1536.0
770080,705.0,1567.0
770083,735.0,1573.0
770084,497.0,1571.0
770088,502.0,1587.0
770089,714.0,1627.0
770096,672.0,1534.0
770097,887.0,1627.0
770107,425.0,1612.0
770113,502.0,1544.0
770127,659.0,1650.0
770132,700.0,1572.0
770152,543.0,1487.0
770155,731.0,1587.0
770166,727.0,1525.0
770168,660.0,1608.0
770178,746.0,1478.0
770182,603.0,1613.0
770189,671.0,1589.0
770208,535.0,1604.0
770213,542.0,1576.0
770215,1264.0,1726.0
770218,865.0,1586.0
770230,676.0,1617.0
770240,493.0,1491.0
770246,638.0,1634.0
770251,511.0,1541.0
770254,541.0,1573.0
770257,524.0,1628.0
770273,684.0,1625.0
770279,661.0,1555.0
770286,708.0,1590.0
770290,457.0,1527.0
770294,617.0,1617.0
770298,729.0,1598.0
770300,582.0,1496.0
770301,801.0,1732.0
770302,576.0,1600.0
770304,570.0,1670.0
770313,602.0,1585.0
770319,532.0,1547.0
770324,560.0,1627.0
770328,460.0,1501.0
770331,530.0,1505.0
770336,675.0,1697.0
770339,510.0,1544.0
770340,572.0,1617.0
770342,542.0,1585.0
770345,675.0,1725.0
770350,572.0,1617.0
770352,832.0,1593.0
770354,672.0,1501.0
770359,436.0,1543.0
770360,540.0,1572.0
770369,488.0,1530.0
770370,497.0,1625.0
770384,497.0,1519.0
770386,837.0,1627.0
770392,457.0,1481.0
770394,652.0,1614.0
770396,625.0,1578.0
770399,473.0,1622.0
770400,581.0,1541.0
770413,505.0,1623.0
770451,610.0,1536.0
770457,476.0,1545.0
770461,521.0,1636.0
770464,518.0,1626.0
770468,621.0,1628.0
770469,492.0,1450.0
770471,557.0,1489.0
770500,542.0,1563.0
770501,520.0,1567.0
770505,562.0,1617.0
770507,632.0,1725.0
770509,643.0,1616.0
770511,589.0,1631.0
770514,445.0,1535.0
770516,522.0,1627.0
770517,682.0,1648.0
770520,625.0,1627.0
770523,632.0,1647.0
770540,496.0,1562.0
770546,731.0,1523.0
770554,498.0,1530.0
770573,522.0,1563.0
770587,497.0,1595.0
770596,460.0,1491.0
770641,485.0,1513.0
770644,429.0,1491.0
770647,579.0,1695.0
770649,602.0,1745.0
770653,488.0,1590.0
770656,566.0,1747.0
770658,500.0,1527.0
770661,473.0,1538.0
770670,504.0,1611.0
770699,545.0,1552.0
770708,458.0,1577.0
770709,607.0,1556.0
770711,430.0,1523.0
770713,498.0,1542.0
770724,923.0,1608.0
770726,510.0,1596.0
770728,579.0,1516.0
770730,491.0,1477.0
770736,1011.0,1617.0
770739,489.0,1573.0
770744,472.0,1587.0
770751,522.0,1614.0
770753,837.0,1619.0
770757,536.0,1544.0
770759,506.0,1557.0
770761,518.0,1649.0
770762,590.0,1555.0
770772,466.0,1487.0
770773,643.0,1594.0
770829,508.0,1561.0
770834,496.0,1557.0
770837,480.0,1533.0
770838,532.0,1555.0
770840,464.0,1505.0
770842,438.0,1520.0
770846,437.0,1541.0
770847,489.0,1515.0
770856,547.0,1531.0
770868,574.0,1595.0
770869,536.0,1550.0
770880,524.0,1565.0
770882,546.0,1570.0
770886,511.0,1605.0
770910,569.0,1673.0
770923,827.0,1573.0
770927,501.0,1513.0
770934,542.0,1557.0
770938,480.0,1522.0
770939,724.0,1523.0
770943,1599.0,1572.0
770989,539.0,1505.0
771000,479.0,1492.0
771009,423.0,1465.0
771027,479.0,1564.0
771031,615.0,1605.0
771040,620.0,1558.0
771050,563.0,1600.0
771062,709.0,1622.0
771069,598.0,1657.0
771075,504.0,1547.0
771081,558.0,1552.0
771088,641.0,1660.0
771095,656.0,1536.0
771107,564.0,1543.0
771110,594.0,1600.0
771117,637.0,1640.0
771118,638.0,1525.0
771139,607.0,1571.0
771149,650.0,1724.0
771156,562.0,1528.0
771183,588.0,1502.0
771194,442.0,1597.0
771199,471.0,1544.0
771204,515.0,1513.0
771205,510.0,1582.0
771209,417.0,1528.0
771218,493.0,1523.0
771225,673.0,1575.0
771229,426.0,1452.0
771236,452.0,1611.0
771283,526.0,1580.0
771304,472.0,1525.0
771309,583.0,1582.0
771311,420.0,1467.0
771312,462.0,1525.0
771313,481.0,1456.0
771319,524.0,1567.0
771323,502.0,1516.0
771329,569.0,1542.0
771393,462.0,1534.0
771395,512.0,1594.0
771396,518.0,1547.0
771401,577.0,1584.0
771404,471.0,1555.0
771405,542.0,1585.0
771408,509.0,1623.0
771412,534.0,1533.0
771414,363.0,1465.0
771421,443.0,1589.0
771423,376.0,1415.0
771427,477.0,1554.0
771447,452.0,1491.0
771449,429.0,1450.0
771460,752.0,1617.0
771462,559.0,1604.0
771476,571.0,1611.0
771484,524.0,1602.0
771489,671.0,1665.0
771496,583.0,1635.0
771499,653.0,1579.0
771511,579.0,1513.0
771516,539.0,1545.0
771552,501.0,1637.0
771556,721.0,1561.0
771562,1300.0,1615.0
771566,447.0,1496.0
771573,780.0,1711.0
771587,667.0,1620.0
771592,521.0,1580.0
771603,468.0,1507.0
771606,590.0,1645.0
771625,523.0,1515.0
771628,498.0,1515.0
771636,582.0,1569.0
771639,396.0,1483.0
771642,414.0,1428.0
771648,649.0,1578.0
771649,548.0,1606.0
771650,934.0,1656.0
771663,481.0,1518.0
771664,555.0,1599.0
771666,521.0,1554.0
771668,572.0,1429.0
771669,515.0,1433.0
771675,557.0,1507.0
771694,881.0,1658.0
771698,623.0,1604.0
771707,743.0,1636.0
771714,518.0,1535.0
771715,792.0,1629.0
771719,715.0,1545.0
771726,512.0,1685.0
771728,552.0,1561.0
771730,833.0,1578.0
771733,497.0,1648.0
771792,578.0,1554.0
771800,532.0,1546.0
771803,462.0,1498.0
771809,478.0,1586.0
771819,510.0,1558.0
771820,643.0,1675.0
771828,578.0,1492.0
771834,689.0,1490.0
771841,465.0,1450.0
771844,530.0,1589.0
771848,617.0,1616.0
771862,486.0,1520.0
771866,573.0,1623.0
771871,460.0,1515.0
771883,473.0,1445.0
771885,539.0,1610.0
771887,481.0,1585.0
771899,371.0,1354.0
771900,585.0,1595.0
771909,787.0,1597.0
771957,472.0,1581.0
771959,690.0,1624.0
771966,517.0,1665.0
771969,609.0,1631.0
771974,530.0,1526.0
771998,523.0,1541.0
771999,474.0,1557.0
772004,446.0,1465.0
772007,509.0,1560.0
772008,525.0,1573.0
772009,801.0,1613.0
772020,638.0,1582.0
772035,480.0,1540.0
772041,517.0,1590.0
772055,517.0,1542.0
772061,616.0,1572.0
772066,626.0,1578.0
772074,488.0,1497.0
772075,510.0,1602.0
772084,444.0,1555.0
772093,441.0,1523.0
772101,535.0,1632.0
772109,573.0,1556.0
772116,469.0,1560.0
772119,587.0,1612.0
772123,510.0,1523.0
772128,479.0,1524.0
772150,535.0,1510.0
772167,757.0,1618.0
772172,586.0,1531.0
772175,599.0,1542.0
772185,1023.0,1628.0
772189,606.0,1631.0
772193,533.0,1598.0
772195,602.0,1630.0
772207,550.0,1620.0
772211,589.0,1681.0
772216,499.0,1534.0
772218,591.0,1589.0
772219,567.0,1572.0
772224,575.0,1582.0
772225,468.0,1523.0
772227,592.0,1524.0
772229,498.0,1613.0
772234,498.0,1489.0
772265,511.0,1580.0
772273,612.0,1532.0
772277,614.0,1571.0
772284,583.0,1664.0
772294,711.0,1665.0
772300,686.0,1657.0
772302,495.0,1512.0
772329,542.0,1517.0
772346,438.0,1479.0
772351,397.0,1512.0
772365,555.0,1666.0
772369,463.0,1591.0
772375,510.0,1560.0
772381,489.0,1501.0
772387,476.0,1565.0
772391,596.0,1550.0
772392,513.0,1531.0
772417,513.0,1599.0
772418,517.0,1597.0
772419,604.0,1592.0
772426,569.0,1593.0
772432,606.0,1559.0
772434,507.0,1573.0
772436,473.0,1634.0
772439,478.0,1472.0
772478,620.0,1574.0
772483,659.0,1546.0
772489,559.0,1640.0
772490,912.0,1582.0
772499,770.0,1639.0
772506,1231.0,1637.0
772509,554.0,1592.0
772512,402.0,1520.0
772577,512.0,1595.0
772581,556.0,1567.0
772591,594.0,1630.0
772597,519.0,1639.0
772602,398.0,1452.0
772603,552.0,1590.0
772605,572.0,1631.0
772609,427.0,1545.0
772611,483.0,1529.0
772612,385.0,1590.0
772614,618.0,1635.0
772632,648.0,1575.0
772640,644.0,1577.0
772660,552.0,1581.0
772663,576.0,1595.0
772671,496.0,1502.0
772689,513.0,1580.0
772693,464.0,1461.0
772698,553.0,1529.0
772706,545.0,1575.0
772707,487.0,1518.0
772709,447.0,1545.0
772749,682.0,1570.0
772779,696.0,1591.0
772781,474.0,1555.0
772787,797.0,1621.0
772789,517.0,1594.0
772793,487.0,1545.0
772798,477.0,1575.0
772800,411.0,1568.0
772808,673.0,1555.0
772812,641.0,1567.0
772839,559.0,1643.0
772840,720.0,1652.0
772846,447.0,1549.0
772848,798.0,1573.0
772861,963.0,1597.0
772866,846.0,1705.0
772872,840.0,1498.0
772875,737.0,1549.0
772880,580.0,1539.0
772928,493.0,1520.0
772931,582.0,1657.0
772949,571.0,1649.0
772954,500.0,1444.0
772961,711.0,1613.0
772995,553.0,1555.0
773008,365.0,1465.0
773012,569.0,1470.0
773017,517.0,1551.0
773019,467.0,1557.0
773026,461.0,1487.0
773027,502.0,1542.0
773032,461.0,1595.0
773035,470.0,1477.0
773045,559.0,1527.0
773053,565.0,1566.0
773054,563.0,1526.0
773058,538.0,1553.0
773063,674.0,1499.0
773066,454.0,1559.0
773070,669.0,1577.0
773076,483.0,1496.0
773079,488.0,1571.0
773082,483.0,1598.0
773084,538.0,1504.0
773099,476.0,1447.0
773100,541.0,1601.0
773107,441.0,1517.0
773108,365.0,1434.0
773113,488.0,1504.0
773115,452.0,1470.0
773118,484.0,1537.0
773121,699.0,1602.0
773129,651.0,1648.0
773134,411.0,1492.0
773135,594.0,1601.0
773139,592.0,1613.0
773161,618.0,1557.0
773171,437.0,1581.0
773175,778.0,1510.0
773179,554.0,1548.0
773182,594.0,1621.0
773209,765.0,1540.0
773227,583.0,1538.0
773233,802.0,1640.0
773239,476.0,1583.0
773242,1145.0,1530.0
773245,684.0,1611.0
773250,452.0,1540.0
773252,396.0,1514.0
773253,448.0,1601.0
773254,555.0,1653.0
773255,580.0,1510.0
773260,641.0,1625.0
773262,609.0,1695.0
773275,581.0,1666.0
773284,526.0,1520.0
773287,508.0,1499.0
773298,437.0,1599.0
773299,428.0,1565.0
773304,612.0,1584.0
773309,609.0,1649.0
773311,591.0,1633.0
773314,531.0,1572.0
773317,599.0,1497.0
773323,512.0,1503.0
773324,488.0,1627.0
773329,577.0,1591.0
773330,507.0,1457.0
773379,566.0,1601.0
773380,504.0,1489.0
773392,604.0,1580.0
773396,415.0,1600.0
773401,495.0,1563.0
773411,445.0,1495.0
773412,495.0,1547.0
773415,415.0,1623.0
773416,507.0,1533.0
773417,414.0,1524.0
773423,554.0,1556.0
773429,719.0,1618.0
773431,555.0,1643.0
773436,542.0,1588.0
773441,496.0,1555.0
773464,540.0,1490.0
773465,541.0,1581.0
773466,520.0,1521.0
773469,613.0,1555.0
773473,556.0,1585.0
773475,489.0,1485.0
773476,578.0,1572.0
773477,621.0,1534.0
773480,594.0,1610.0
773482,593.0,1546.0
773504,484.0,1511.0
773508,464.0,1535.0
773513,837.0,1543.0
773520,541.0,1644.0
773525,772.0,1535.0
773542,623.0,1592.0
773546,762.0,1561.0
773548,570.0,1508.0
773555,676.0,1620.0
773556,488.0,1540.0
773560,474.0,1551.0
773561,515.0,1573.0
773563,584.0,1630.0
773568,568.0,1625.0
773569,705.0,1585.0
773572,471.0,1473.0
773573,446.0,1520.0
773574,501.0,1602.0
773577,583.0,1553.0
773602,533.0,1605.0
773621,465.0,1479.0
773622,519.0,1573.0
773625,531.0,1524.0
773632,485.0,1602.0
773635,612.0,1648.0
773643,448.0,1655.0
773650,391.0,1411.0
773674,565.0,1637.0
773682,516.0,1531.0
773692,597.0,1723.0
773698,551.0,1657.0
773708,587.0,1535.0
773716,495.0,1501.0
773719,453.0,1531.0
773722,471.0,1520.0
773724,577.0,1600.0
773725,465.0,1594.0
773730,598.0,1576.0
773735,530.0,1665.0
773737,490.0,1539.0
773741,467.0,1536.0
773743,517.0,1553.0
773744,442.0,1611.0
773754,845.0,1579.0
773773,509.0,1574.0
773792,680.0,1615.0
773800,458.0,1589.0
773802,612.0,1627.0
773813,746.0,1447.0
773819,520.0,1489.0
773826,905.0,1644.0
773832,558.0,1643.0
773835,654.0,1588.0
773836,508.0,1561.0
773840,551.0,1499.0
773841,448.0,1516.0
773846,540.0,1686.0
773851,654.0,1597.0
773853,989.0,1627.0
773862,477.0,1555.0
773864,602.0,1597.0
773865,443.0,1554.0
773870,547.0,1639.0
773874,481.0,1584.0
773898,662.0,1615.0
773899,569.0,1623.0
773906,628.0,1728.0
773907,544.0,1465.0
773908,586.0,1532.0
773910,678.0,1556.0
773938,512.0,1554.0
773941,839.0,1608.0
773947,561.0,1664.0
773948,591.0,1572.0
773951,555.0,1655.0
773958,448.0,1595.0
773959,472.0,1517.0
773962,816.0,1560.0
773969,614.0,1607.0
773970,552.0,1588.0
773974,625.0,1580.0
773987,636.0,1538.0
774010,511.0,1510.0
774020,538.0,1603.0
774026,519.0,1636.0
774031,632.0,1625.0
774038,676.0,1614.0
774045,547.0,1583.0
774051,707.0,1546.0
774058,537.0,1576.0
774064,497.0,1597.0
774065,693.0,1565.0
774067,542.0,1643.0
774068,536.0,1575.0
774076,496.0,1598.0
774077,507.0,1613.0
774085,440.0,1505.0
774087,513.0,1570.0
774090,675.0,1670.0
774133,621.0,1693.0
774139,549.0,1598.0
774143,1077.0,1538.0
774147,502.0,1607.0
774148,683.0,1603.0
774151,369.0,1505.0
774155,502.0,1586.0
774157,502.0,1578.0
774159,577.0,1522.0
774164,528.0,1635.0
774165,1093.0,1645.0
774169,543.0,1463.0
774176,401.0,1473.0
774190,613.0,1643.0
774192,588.0,1692.0
774193,442.0,1461.0
774195,500.0,1530.0
774201,460.0,1474.0
774205,560.0,1552.0
774212,516.0,1456.0
774220,498.0,1589.0
774221,554.0,1552.0
774243,591.0,1604.0
774265,484.0,1637.0
774288,411.0,1497.0
774294,456.0,1621.0
774302,503.0,1639.0
774304,522.0,1542.0
774305,649.0,1659.0
774312,455.0,1502.0
774313,707.0,1665.0
774373,629.0,1557.0
774385,701.0,1540.0
774397,502.0,1560.0
774408,582.0,1571.0
774414,488.0,1531.0
774419,552.0,1644.0
774426,533.0,1582.0
774432,654.0,1584.0
774436,580.0,1581.0
774438,483.0,1497.0
774471,788.0,1567.0
774485,531.0,1543.0
774491,621.0,1674.0
774495,548.0,1595.0
774502,531.0,1574.0
774507,556.0,1623.0
774513,670.0,1657.0
774530,516.0,1584.0
774540,701.0,1564.0
774557,547.0,1527.0
774581,607.0,1615.0
774587,488.0,1505.0
774593,503.0,1575.0
774597,586.0,1570.0
774599,554.0,1577.0
774601,495.0,1582.0
774608,429.0,1555.0
774618,537.0,1609.0
774620,509.0,1589.0
774622,609.0,1545.0
774629,684.0,1484.0
774630,572.0,1506.0
774669,520.0,1493.0
774678,642.0,1654.0
774683,555.0,1612.0
774692,546.0,1598.0
774699,707.0,1634.0
774702,491.0,1513.0
774704,452.0,1546.0
774725,488.0,1576.0
774728,530.0,1611.0
774733,423.0,1469.0
774738,692.0,1475.0
774743,431.0,1479.0
774750,456.0,1556.0
774762,453.0,1511.0
774764,750.0,1547.0
774783,761.0,1647.0
774784,865.0,1634.0
774792,483.0,1559.0
774798,446.0,1559.0
774800,564.0,1637.0
774802,574.0,1507.0
774812,531.0,1543.0
774822,1546.0,1512.0
774823,621.0,1714.0
774827,448.0,1537.0
774828,558.0,1589.0
774830,598.0,1642.0
774837,514.0,1565.0
774856,503.0,1576.0
774870,431.0,1520.0
774875,503.0,1556.0
774885,829.0,1601.0
774888,521.0,1582.0
774893,416.0,1461.0
774899,545.0,1577.0
774904,483.0,1534.0
774907,442.0,1553.0
774910,623.0,1543.0
774914,455.0,1475.0
774917,431.0,1505.0
774927,437.0,1518.0
774928,408.0,1478.0
774931,497.0,1483.0
774975,778.0,1654.0
774977,970.0,1625.0
774986,420.0,1505.0
774989,434.0,1565.0
774994,592.0,1619.0
774999,474.0,1550.0
775065,696.0,1631.0
775069,568.0,1568.0
775078,564.0,1640.0
775080,500.0,1487.0
775081,711.0,1548.0
775086,596.0,1488.0
775091,797.0,1493.0
775118,608.0,1651.0
775119,548.0,1586.0
775124,463.0,1581.0
775126,529.0,1511.0
775131,774.0,1633.0
775133,478.0,1592.0
775134,629.0,1530.0
775152,521.0,1535.0
775159,468.0,1517.0
775164,664.0,1596.0
775168,414.0,1512.0
775171,572.0,1522.0
775177,550.0,1564.0
775221,535.0,1572.0
775229,410.0,1547.0
775238,536.0,1567.0
775250,548.0,1663.0
775251,477.0,1510.0
775254,632.0,1603.0
775257,633.0,1525.0
775259,715.0,1603.0
775262,574.0,1525.0
775268,544.0,1504.0
775269,588.0,1525.0
775284,579.0,1592.0
775290,576.0,1571.0
775292,582.0,1565.0
775298,588.0,1567.0
775308,595.0,1651.0
775311,580.0,1623.0
775316,561.0,1561.0
775321,614.0,1615.0
775322,594.0,1605.0
775324,748.0,1637.0
775329,515.0,1591.0
775330,442.0,1473.0
775335,469.0,1511.0
775336,450.0,1482.0
775339,557.0,1654.0
775359,525.0,1565.0
775361,546.0,1590.0
775365,615.0,1649.0
775374,486.0,1555.0
775379,753.0,1625.0
775392,582.0,1623.0
775409,632.0,1635.0
775423,629.0,1585.0
775430,442.0,1533.0
775435,483.0,1527.0
775479,594.0,1775.0
775481,606.0,1605.0
775487,725.0,1676.0
775490,688.0,1585.0
775497,557.0,1525.0
775498,610.0,1500.0
775502,598.0,1573.0
775503,656.0,1633.0
775511,587.0,1595.0
775513,533.0,1521.0
775556,632.0,1525.0
775557,490.0,1527.0
775562,563.0,1665.0
775564,593.0,1562.0
775568,443.0,1494.0
775571,486.0,1501.0
775573,450.0,1517.0
775585,436.0,1543.0
775593,504.0,1459.0
775596,434.0,1484.0
775600,446.0,1510.0
775619,574.0,1543.0
775623,486.0,1498.0
775646,534.0,1562.0
775647,591.0,1453.0
775690,590.0,1551.0
775714,788.0,1607.0
775728,536.0,1576.0
775731,508.0,1631.0
775742,553.0,1648.0
775743,497.0,1576.0
775746,435.0,1534.0
775748,495.0,1689.0
775756,603.0,1542.0
775761,440.0,1516.0
775842,608.0,1537.0
775852,482.0,1654.0
775855,515.0,1592.0
775856,492.0,1513.0
775915,929.0,1748.0
775939,486.0,1496.0
775949,594.0,1490.0
775957,818.0,1705.0
775958,1056.0,1605.0
775966,548.0,1620.0
775968,879.0,1566.0
775972,784.0,1519.0
775982,628.0,1649.0
775984,628.0,1525.0
775985,572.0,1571.0
775986,617.0,1603.0
775988,624.0,1710.0
775990,588.0,1576.0
775991,488.0,1610.0
775993,712.0,1498.0
775997,451.0,1504.0
776005,604.0,1578.0
776016,533.0,1557.0
776020,405.0,1563.0
776025,459.0,1561.0
776027,477.0,1491.0
776033,611.0,1575.0
776046,507.0,1532.0
776048,414.0,1505.0
776049,795.0,1556.0
776052,687.0,1622.0
776055,549.0,1573.0
776080,413.0,1557.0
776081,519.0,1544.0
776089,713.0,1526.0
776125,529.0,1545.0
776140,713.0,1546.0
776147,519.0,1584.0
776156,462.0,1605.0
776177,494.0,1478.0
776181,547.0,1679.0
776185,579.0,1506.0
776189,459.0,1533.0
776190,560.0,1545.0
776198,757.0,1605.0
776247,588.0,1578.0
776261,659.0,1588.0
776268,475.0,1546.0
776273,542.0,1525.0
776274,823.0,1582.0
776280,508.0,1505.0
776295,637.0,1528.0
776303,451.0,1482.0
776325,493.0,1487.0
776340,807.0,1648.0
776351,647.0,1635.0
776353,482.0,1499.0
776354,616.0,1624.0
776356,473.0,1572.0
776360,468.0,1597.0
776368,532.0,1574.0
776372,464.0,1505.0
776373,417.0,1556.0
776374,623.0,1603.0
776380,485.0,1504.0
776386,560.0,1631.0
776399,546.0,1602.0
776400,837.0,1558.0
776407,546.0,1581.0
776410,662.0,1627.0
776418,430.0,1447.0
776424,532.0,1587.0
776468,439.0,1630.0
776477,641.0,1640.0
776480,613.0,1570.0
776492,493.0,1525.0
776499,502.0,1600.0
776505,507.0,1567.0
776513,602.0,1632.0
776524,628.0,1578.0
776570,512.0,1601.0
776594,544.0,1645.0
776604,485.0,1551.0
776613,372.0,1500.0
776615,473.0,1550.0
776619,414.0,1475.0
776624,408.0,1494.0
776628,584.0,1675.0
776636,557.0,1560.0
776648,488.0,1582.0
776652,609.0,1613.0
776657,530.0,1531.0
776680,525.0,1592.0
776710,372.0,1532.0
776711,550.0,1595.0
776716,650.0,1617.0
776729,458.0,1507.0
776731,645.0,1537.0
776740,468.0,1491.0
776746,511.0,1571.0
776827,788.0,1596.0
776829,683.0,1565.0
776832,669.0,1528.0
776840,458.0,1539.0
776842,761.0,1578.0
776845,579.0,1593.0
776848,508.0,1605.0
776849,704.0,1596.0
776852,501.0,1563.0
776895,539.0,1614.0
776913,656.0,1673.0
776914,443.0,1538.0
776922,534.0,1612.0
776926,532.0,1640.0
776930,527.0,1645.0
776937,482.0,1526.0
776942,511.0,1534.0
776948,519.0,1635.0
776956,546.0,1596.0
776957,500.0,1618.0
776972,518.0,1555.0
776982,502.0,1547.0
776984,523.0,1605.0
777021,741.0,1605.0
777031,569.0,1664.0
777046,602.0,1617.0
777049,426.0,1544.0
777060,654.0,1603.0
777065,696.0,1578.0
777067,454.0,1564.0
777068,482.0,1451.0
777076,416.0,1564.0
777079,489.0,1557.0
777113,595.0,1594.0
777131,484.0,1563.0
777147,501.0,1589.0
777150,779.0,1648.0
777151,588.0,1685.0
777155,546.0,1503.0
777158,465.0,1677.0
777161,614.0,1584.0
777168,566.0,1613.0
777175,511.0,1666.0
777193,578.0,1632.0
777199,542.0,1516.0
777200,692.0,1560.0
777203,608.0,1582.0
777206,682.0,1630.0
777208,636.0,1554.0
777213,628.0,1637.0
777250,390.0,1528.0
777261,747.0,1736.0
777267,520.0,1514.0
777281,613.0,1519.0
777285,670.0,1624.0
777292,543.0,1571.0
777293,540.0,1634.0
777294,538.0,1540.0
777300,352.0,1489.0
777301,758.0,1542.0
777310,531.0,1568.0
777311,549.0,1519.0
777314,513.0,1618.0
777316,522.0,1499.0
777320,567.0,1519.0
777379,460.0,1409.0
777382,560.0,1620.0
777392,520.0,1584.0
777396,410.0,1512.0
777404,694.0,1702.0
777408,678.0,1624.0
777410,436.0,1342.0
777414,620.0,1742.0
777453,549.0,1664.0
777455,566.0,1525.0
777479,490.0,1472.0
777482,418.0,1481.0
777483,498.0,1496.0
777488,634.0,1566.0
777504,582.0,1571.0
777508,506.0,1565.0
777549,815.0,1603.0
777555,510.0,1600.0
777573,958.0,1788.0
777577,705.0,1635.0
777582,601.0,1613.0
777590,400.0,1455.0
777599,539.0,1611.0
777601,549.0,1548.0
777604,1564.0,1608.0
777609,599.0,1594.0
777643,538.0,1539.0
777655,495.0,1584.0
777657,604.0,1520.0
777659,618.0,1600.0
777663,557.0,1608.0
777664,471.0,1637.0
777665,544.0,1562.0
777668,749.0,1692.0
777677,433.0,1532.0
777679,531.0,1602.0
777681,547.0,1579.0
777685,613.0,1672.0
777695,511.0,1522.0
777698,480.0,1502.0
777699,978.0,1698.0
777701,997.0,1599.0
777704,681.0,1530.0
777705,568.0,1497.0
777719,591.0,1555.0
777728,573.0,1575.0
777729,566.0,1473.0
777730,607.0,1565.0
777735,590.0,1585.0
777746,557.0,1663.0
777748,666.0,1611.0
777757,464.0,1536.0
777761,512.0,1589.0
777763,372.0,1527.0
777770,465.0,1565.0
777777,558.0,1508.0
777779,412.0,1599.0
777785,456.0,1433.0
777790,650.0,1557.0
777791,518.0,1585.0
777792,485.0,1587.0
777795,539.0,1514.0
777796,622.0,1446.0
777802,539.0,1644.0
777807,456.0,1554.0
777810,956.0,1614.0
777827,620.0,1703.0
777853,481.0,1579.0
777854,623.0,1671.0
777858,711.0,1598.0
777878,648.0,1636.0
777891,495.0,1565.0
777899,472.0,1682.0
777900,553.0,1655.0
777905,523.0,1552.0
777911,525.0,1549.0
777915,430.0,1514.0
777920,510.0,1459.0
777928,948.0,1698.0
777937,596.0,1599.0
777938,626.0,1575.0
777947,673.0,1561.0
777952,563.0,1400.0
777954,557.0,1675.0
777959,593.0,1534.0
777960,599.0,1530.0
777994,519.0,1510.0
777995,561.0,1854.0
778004,504.0,1568.0
778007,573.0,1573.0
778012,526.0,1594.0
778017,633.0,1602.0
778039,443.0,1654.0
778043,568.0,1494.0
778048,532.0,1575.0
778052,429.0,1537.0
778055,625.0,1555.0
778060,466.0,1582.0
778066,749.0,1570.0
778071,559.0,1597.0
778101,562.0,1587.0
778106,665.0,1657.0
778120,546.0,1561.0
778128,602.0,1542.0
778133,479.0,1551.0
778137,546.0,1593.0
778138,528.0,1525.0
778142,890.0,1580.0
778144,565.0,1564.0
778172,779.0,1614.0
778194,516.0,1536.0
778200,432.0,1613.0
778212,763.0,1534.0
778237,552.0,1499.0
778245,485.0,1474.0
778246,552.0,1578.0
778256,739.0,1584.0
778297,515.0,1455.0
778305,571.0,1613.0
778311,556.0,1629.0
778321,529.0,1527.0
778328,555.0,1551.0
778340,424.0,1548.0
778341,543.0,1583.0
778348,492.0,1523.0
778354,484.0,1515.0
778363,515.0,1585.0
778368,557.0,1561.0
778391,579.0,1665.0
778401,512.0,1535.0
778411,516.0,1566.0
778417,504.0,1522.0
778418,634.0,1652.0
778422,571.0,1518.0
778436,706.0,1641.0
778446,543.0,1638.0
778451,430.0,1536.0
778455,506.0,1575.0
778461,506.0,1570.0
778475,516.0,1536.0
778489,522.0,1556.0
778496,493.0,1571.0
778499,602.0,1492.0
778502,526.0,1542.0
778503,545.0,1514.0
778504,548.0,1638.0
778508,358.0,1474.0
778511,530.0,1595.0
778532,953.0,1674.0
778548,758.0,1660.0
778551,714.0,1630.0
778557,726.0,1665.0
778598,532.0,1511.0
778631,784.0,1637.0
778636,746.0,1560.0
778664,629.0,1615.0
778665,538.0,1593.0
778668,684.0,1586.0
778673,669.0,1638.0
778675,495.0,1495.0
778682,498.0,1502.0
778684,588.0,1571.0
778688,523.0,1555.0
778733,434.0,1452.0
778740,526.0,1560.0
778741,462.0,1533.0
778754,503.0,1675.0
778757,502.0,1478.0
778762,386.0,1497.0
778767,536.0,1513.0
778839,651.0,1635.0
778848,424.0,1476.0
778851,491.0,1555.0
778853,491.0,1565.0
778854,547.0,1540.0
778859,663.0,1612.0
778861,501.0,1575.0
778889,889.0,1632.0
778898,449.0,1795.0
778916,494.0,1595.0
778917,650.0,1695.0
778927,400.0,1475.0
778928,519.0,1572.0
778975,471.0,1591.0
778979,495.0,1584.0
778981,541.0,1535.0
778983,612.0,1671.0
778987,565.0,1722.0
778990,622.0,1703.0
778997,474.0,1596.0
778998,502.0,1709.0
779006,519.0,1544.0
779011,488.0,1567.0
779018,628.0,1615.0
779028,534.0,1623.0
779034,504.0,1579.0
779073,456.0,1617.0
779086,715.0,1731.0
779091,600.0,1532.0
779092,529.0,1676.0
779095,644.0,1637.0
779104,611.0,1615.0
779134,512.0,1542.0
779156,531.0,1504.0
779165,572.0,1507.0
779167,528.0,1493.0
779171,487.0,1508.0
779172,430.0,1595.0
779185,578.0,1543.0
779207,660.0,1553.0
779223,503.0,1525.0
779231,478.0,1592.0
779237,547.0,1571.0
779239,615.0,1625.0
779248,738.0,1663.0
779249,692.0,1613.0
779251,643.0,1527.0
779259,694.0,1546.0
779260,414.0,1545.0
779265,497.0,1479.0
779266,464.0,1508.0
779285,600.0,1673.0
779292,754.0,1490.0
779305,534.0,1446.0
779306,831.0,1539.0
779307,590.0,1676.0
779308,513.0,1533.0
779323,814.0,1581.0
779324,457.0,1573.0
779370,525.0,1602.0
779379,438.0,1478.0
779381,469.0,1582.0
779387,567.0,1602.0
779403,352.0,1505.0
779419,553.0,1599.0
779422,638.0,1596.0
779435,527.0,1581.0
779461,510.0,1508.0
779465,662.0,1602.0
779466,520.0,1607.0
779471,513.0,1587.0
779473,535.0,1592.0
779482,485.0,1507.0
779485,419.0,1562.0
779517,567.0,1614.0
779536,553.0,1496.0
779552,460.0,1551.0
779563,608.0,1597.0
779577,648.0,1544.0
779591,489.0,1532.0
779597,536.0,1496.0
779606,540.0,1443.0
779609,495.0,1548.0
779618,427.0,1493.0
779621,483.0,1515.0
779627,441.0,1595.0
779637,481.0,1485.0
779645,458.0,1447.0
779650,502.0,1497.0
779678,614.0,1644.0
779686,641.0,1570.0
779687,563.0,1521.0
779690,588.0,1565.0
779693,427.0,1538.0
779694,439.0,1485.0
779705,455.0,1428.0
779716,597.0,1621.0
779720,726.0,1668.0
779724,689.0,1637.0
779734,481.0,1568.0
779738,575.0,1639.0
779746,466.0,1529.0
779747,498.0,1467.0
779748,624.0,1623.0
779753,1036.0,1682.0
779756,578.0,1592.0
779758,598.0,1582.0
779759,534.0,1664.0
779760,645.0,1622.0
779767,732.0,1582.0
779770,829.0,1615.0
779776,551.0,1579.0
779779,592.0,1531.0
779871,532.0,1545.0
779875,546.0,1559.0
779877,513.0,1550.0
779879,750.0,1567.0
779887,534.0,1576.0
779893,698.0,1555.0
779896,542.0,1657.0
779898,549.0,1556.0
779902,522.0,1592.0
779908,593.0,1542.0
779915,514.0,1566.0
779933,510.0,1513.0
779939,616.0,1559.0
779947,547.0,1876.0
779955,592.0,1592.0
779964,530.0,1674.0
779969,584.0,1587.0
779983,589.0,1423.0
779993,459.0,1522.0
779994,523.0,1553.0
780024,512.0,1605.0
780031,807.0,1451.0
780036,606.0,1569.0
780040,475.0,1479.0
780049,482.0,1501.0
780050,439.0,1413.0
780051,502.0,1484.0
780102,525.0,1565.0
780108,842.0,1555.0
780135,435.0,1497.0
780137,730.0,1806.0
780152,493.0,1688.0
780163,551.0,1583.0
780164,521.0,1639.0
780166,676.0,1599.0
780167,858.0,1644.0
780173,689.0,1537.0
780176,451.0,1415.0
780187,663.0,1525.0
780197,463.0,1542.0
780203,692.0,1547.0
780206,607.0,1617.0
780223,573.0,1746.0
780228,547.0,1631.0
780250,651.0,1447.0
780256,608.0,1402.0
780259,405.0,1503.0
780265,488.0,1556.0
780269,517.0,1559.0
780270,436.0,1473.0
780284,651.0,1538.0
780290,399.0,1427.0
780292,515.0,1461.0
780299,448.0,1564.0
780328,573.0,1614.0
780343,480.0,1498.0
780350,876.0,1585.0
780358,678.0,1617.0
780360,540.0,1513.0
780364,859.0,1657.0
780369,625.0,1587.0
780373,500.0,1521.0
780377,520.0,1497.0
780383,642.0,1665.0
780387,568.0,1617.0
780419,562.0,1602.0
780449,473.0,1612.0
780468,527.0,1600.0
780469,439.0,1542.0
780472,586.0,1694.0
780511,484.0,1580.0
780518,400.0,1530.0
780529,511.0,1588.0
780532,542.0,1514.0
780536,455.0,1532.0
780539,501.0,1554.0
780547,537.0,1593.0
780553,526.0,1510.0
780579,532.0,1550.0
780605,429.0,1490.0
780609,602.0,1588.0
780617,442.0,1526.0
780618,574.0,1632.0
780621,515.0,1541.0
780625,558.0,1542.0
780643,620.0,1601.0
780644,547.0,1516.0
780651,447.0,1474.0
780656,498.0,1514.0
780660,525.0,1569.0
780665,555.0,1594.0
780671,640.0,1596.0
780717,475.0,1464.0
780718,580.0,1679.0
780739,708.0,1660.0
780744,493.0,1534.0
780747,446.0,1531.0
780761,857.0,1623.0
780771,656.0,1570.0
780778,589.0,1703.0
780779,474.0,1600.0
780780,845.0,1647.0
780791,590.0,1573.0
780792,666.0,1552.0
780815,533.0,1585.0
780817,517.0,1476.0
780835,545.0,1526.0
780841,502.0,1535.0
780847,708.0,1526.0
780858,961.0,1578.0
780860,622.0,1629.0
780865,547.0,1582.0
780867,605.0,1633.0
780871,768.0,1616.0
780879,504.0,1578.0
780880,437.0,1483.0
780881,803.0,1585.0
780884,658.0,1593.0
780904,826.0,1551.0
780920,487.0,1558.0
780953,451.0,1590.0
780960,508.0,1476.0
780965,520.0,1472.0
780970,498.0,1599.0
780977,438.0,1559.0
780981,506.0,1413.0
780983,612.0,1593.0
780989,615.0,1742.0
781035,545.0,1474.0
781054,470.0,1659.0
781060,525.0,1573.0
781066,525.0,1572.0
781067,494.0,1546.0
781073,631.0,1555.0
781108,552.0,1638.0
781113,524.0,1611.0
781124,552.0,1525.0
781125,518.0,1637.0
781132,547.0,1591.0
781137,631.0,1671.0
781138,729.0,1658.0
781145,580.0,1526.0
781148,772.0,1532.0
781154,515.0,1678.0
781155,650.0,1644.0
781210,673.0,1599.0
781213,467.0,1603.0
781217,530.0,1473.0
781218,707.0,1500.0
781224,438.0,1546.0
781233,561.0,1628.0
781241,413.0,1475.0
781251,722.0,1609.0
781264,532.0,1628.0
781265,774.0,1552.0
781269,636.0,1564.0
781272,734.0,1528.0
781293,1045.0,1601.0
781304,625.0,1511.0
781307,432.0,1782.0
781308,512.0,1581.0
781343,628.0,1532.0
781348,469.0,1633.0
781352,630.0,1496.0
781367,504.0,1523.0
781368,360.0,1466.0
781369,539.0,1587.0
781427,642.0,1627.0
781437,614.0,1606.0
781439,516.0,1634.0
781446,444.0,1511.0
781452,625.0,1569.0
781453,771.0,1556.0
781460,717.0,1605.0
781515,550.0,1652.0
781519,537.0,1665.0
781531,405.0,1523.0
781535,587.0,1635.0
781546,573.0,1532.0
781549,474.0,1626.0
781552,473.0,1505.0
781580,550.0,1682.0
781583,701.0,1493.0
781584,680.0,1763.0
781602,551.0,1730.0
781605,568.0,1546.0
781625,570.0,1594.0
781626,456.0,1603.0
781655,490.0,1529.0
781656,603.0,1593.0
781663,536.0,1532.0
781673,588.0,1774.0
781675,480.0,1469.0
781677,694.0,1630.0
781700,568.0,1505.0
781702,486.0,1562.0
781711,433.0,1477.0
781761,539.0,1443.0
781770,579.0,1592.0
781773,549.0,1539.0
781774,516.0,1522.0
781777,459.0,1541.0
781783,499.0,1495.0
781787,791.0,1680.0
781789,418.0,1477.0
781796,561.0,1690.0
781837,729.0,1624.0
781841,597.0,1493.0
781844,509.0,1450.0
781877,518.0,1580.0
781882,459.0,1529.0
781884,530.0,1526.0
781885,517.0,1661.0
781910,434.0,1522.0
781911,663.0,1543.0
781912,557.0,1513.0
781915,592.0,1554.0
781939,656.0,1517.0
781946,555.0,1648.0
781953,916.0,1689.0
781958,493.0,1537.0
781967,471.0,1591.0
781974,609.0,1559.0
781977,610.0,1705.0
781979,670.0,1521.0
782023,670.0,1544.0
782025,628.0,1585.0
782032,514.0,1557.0
782035,660.0,1656.0
782039,764.0,1575.0
782044,503.0,1530.0
782056,645.0,1535.0
782063,644.0,1653.0
782078,465.0,1543.0
782081,474.0,1497.0
782085,424.0,1512.0
782090,456.0,1500.0
782094,516.0,1522.0
782096,699.0,1619.0
782100,534.0,1606.0
782105,698.0,1524.0
782110,465.0,1509.0
782112,588.0,1643.0
782113,527.0,1565.0
782119,588.0,1583.0
782126,516.0,1525.0
782127,535.0,1575.0
782199,635.0,1527.0
782217,470.0,1545.0
782224,616.0,1538.0
782231,525.0,1555.0
782238,415.0,1465.0
782256,553.0,1554.0
782260,775.0,1575.0
782272,630.0,1645.0
782277,442.0,1567.0
782282,625.0,1537.0
782284,476.0,1504.0
782286,546.0,1525.0
782289,531.0,1504.0
782320,472.0,1557.0
782321,597.0,1592.0
782386,476.0,1511.0
782388,503.0,1555.0
782390,865.0,1565.0
782413,541.0,1539.0
782418,581.0,1693.0
782420,502.0,1547.0
782425,581.0,1467.0
782429,478.0,1536.0
782430,479.0,1468.0
782474,547.0,1633.0
782480,611.0,1571.0
782484,431.0,1564.0
782492,614.0,1473.0
782494,454.0,1522.0
782496,415.0,1551.0
782497,440.0,1526.0
782502,540.0,1532.0
782515,669.0,1695.0
782519,523.0,1554.0
782520,716.0,1721.0
782525,404.0,1501.0
782527,707.0,1613.0
782557,707.0,1542.0
782563,443.0,1553.0
782564,527.0,1492.0
782566,467.0,1535.0
782573,586.0,1452.0
782577,445.0,1609.0
782623,456.0,1565.0
782625,668.0,1678.0
782633,623.0,1565.0
782638,694.0,1561.0
782642,648.0,1542.0
782646,509.0,1557.0
782715,594.0,1595.0
782720,452.0,1516.0
782729,420.0,1585.0
782737,461.0,1584.0
782741,488.0,1518.0
782752,659.0,1619.0
782757,455.0,1467.0
782758,631.0,1657.0
782766,430.0,1514.0
782771,606.0,1497.0
782775,490.0,1537.0
782778,402.0,1535.0
782779,587.0,1489.0
782784,598.0,1543.0
782786,437.0,1544.0
782787,621.0,1464.0
782791,533.0,1513.0
782794,494.0,1557.0
782801,491.0,1489.0
782811,641.0,1561.0
782821,494.0,1485.0
782828,431.0,1503.0
782832,482.0,1532.0
782865,648.0,1591.0
782871,554.0,1486.0
782877,593.0,1648.0
782888,581.0,1575.0
782892,612.0,1605.0
782899,618.0,1599.0
782905,501.0,1617.0
782906,470.0,1699.0
782933,912.0,1602.0
782945,820.0,1652.0
782950,596.0,1475.0
782952,646.0,1515.0
782978,516.0,1526.0
782984,508.0,1591.0
782996,484.0,1527.0
782998,833.0,1535.0
783042,471.0,1520.0
783055,589.0,1517.0
783063,450.0,1565.0
783073,413.0,1434.0
783132,437.0,1516.0
783158,492.0,1602.0
783170,448.0,1573.0
783187,646.0,1574.0
783188,528.0,1497.0
783190,531.0,1578.0
783198,530.0,1516.0
783200,520.0,1545.0
783212,508.0,1604.0
783216,578.0,1636.0
783218,713.0,1655.0
783219,605.0,1634.0
783256,599.0,1591.0
783265,498.0,1598.0
783267,685.0,1517.0
783273,574.0,1513.0
783282,799.0,1559.0
783284,558.0,1485.0
783288,584.0,1588.0
783348,621.0,1595.0
783353,607.0,1604.0
783354,914.0,1568.0
783366,511.0,1705.0
783369,637.0,1599.0
783381,491.0,1579.0
783409,747.0,1591.0
783413,449.0,1604.0
783441,453.0,1534.0
783448,551.0,1594.0
783453,650.0,1615.0
783456,559.0,1575.0
783457,590.0,1462.0
783464,564.0,1536.0
783477,453.0,1494.0
783492,549.0,1494.0
783501,448.0,1465.0
783506,397.0,1514.0
783507,443.0,1575.0
783532,681.0,1572.0
783537,453.0,1528.0
783545,619.0,1555.0
783552,512.0,1616.0
783556,562.0,1623.0
783564,586.0,1595.0
783573,484.0,1722.0
783619,484.0,1525.0
783643,672.0,1605.0
783651,477.0,1502.0
783657,439.0,1557.0
783660,618.0,1577.0
783665,531.0,1534.0
783673,459.0,1503.0
783674,452.0,1507.0
783686,459.0,1548.0
783692,465.0,1495.0
783694,602.0,1593.0
783720,507.0,1478.0
783728,786.0,1657.0
783733,625.0,1593.0
783736,629.0,1530.0
783742,639.0,1523.0
783747,487.0,1501.0
783748,908.0,1635.0
783756,641.0,1542.0
783762,631.0,1645.0
783763,557.0,1563.0
783764,780.0,1577.0
783770,738.0,1510.0
783776,541.0,1494.0
783784,490.0,1472.0
783795,596.0,1579.0
783813,523.0,1654.0
783814,849.0,1632.0
783815,616.0,1558.0
783822,527.0,1603.0
783847,667.0,1666.0
783862,555.0,1854.0
783864,528.0,1611.0
783865,592.0,1594.0
783928,538.0,1631.0
783939,403.0,1441.0
783948,499.0,1744.0
783959,608.0,1611.0
783960,519.0,1664.0
783965,493.0,1612.0
783970,449.0,1680.0
783977,579.0,1659.0
783979,765.0,1716.0
783987,521.0,1566.0
783988,396.0,1510.0
783995,626.0,1605.0
784001,489.0,1608.0
784005,534.0,1622.0
784016,506.0,1566.0
784051,487.0,1543.0
784066,527.0,1508.0
784081,614.0,1595.0
784088,446.0,1538.0
784091,581.0,1600.0
784094,512.0,1513.0
784098,556.0,1583.0
784100,554.0,1517.0
784127,573.0,1570.0
784139,682.0,1608.0
784140,805.0,1499.0
784163,676.0,1635.0
784173,490.0,1536.0
784175,543.0,1544.0
784209,528.0,1616.0
784214,578.0,1545.0
784224,869.0,1692.0
784230,492.0,1602.0
784235,515.0,1616.0
784240,471.0,1551.0
784243,565.0,1536.0
784253,595.0,1524.0
784256,485.0,1606.0
784260,603.0,1564.0
784269,514.0,1635.0
784284,564.0,1555.0
784312,426.0,1475.0
784322,543.0,1502.0
784328,442.0,1592.0
784333,564.0,1583.0
784366,591.0,1615.0
784374,404.0,1405.0
784375,466.0,1553.0
784382,506.0,1588.0
784386,501.0,1534.0
784390,405.0,1508.0
784393,456.0,1535.0
784399,502.0,1595.0
784406,665.0,1541.0
784415,648.0,1585.0
784419,415.0,1536.0
784494,573.0,1590.0
784505,586.0,1595.0
784510,574.0,1574.0
784515,598.0,1549.0
784523,497.0,1521.0
784540,553.0,1493.0
784564,504.0,1460.0
784572,571.0,1625.0
784574,467.0,1532.0
784575,557.0,1539.0
784580,833.0,1644.0
784601,562.0,1555.0
784610,546.0,1562.0
784618,487.0,1438.0
784621,489.0,1545.0
784624,419.0,1512.0
784627,452.0,1504.0
784628,613.0,1532.0
784640,497.0,1589.0
784665,528.0,1497.0
784672,428.0,1498.0
784675,438.0,1497.0
784687,442.0,1649.0
784701,450.0,1493.0
784704,431.0,1542.0
784705,442.0,1526.0
784706,542.0,1511.0
784718,472.0,1467.0
784727,562.0,1523.0
784730,441.0,1584.0
784731,470.0,1602.0
784753,638.0,1626.0
784777,469.0,1531.0
784781,621.0,1561.0
784782,581.0,1605.0
784795,527.0,1590.0
784807,481.0,1558.0
784813,717.0,1552.0
784819,523.0,1451.0
784820,493.0,1574.0
784847,720.0,1500.0
784849,510.0,1635.0
784866,508.0,1623.0
784869,533.0,1540.0
784877,542.0,1611.0
784881,538.0,1565.0
784921,696.0,1643.0
784950,600.0,1613.0
784954,745.0,1598.0
784963,508.0,1556.0
784965,570.0,1628.0
784967,568.0,1572.0
784972,636.0,1672.0
785031,562.0,1544.0
785037,554.0,1757.0
785055,564.0,1643.0
785056,383.0,1556.0
785059,526.0,1561.0
785065,467.0,1596.0
785072,527.0,1532.0
785077,518.0,1569.0
785089,467.0,1556.0
785094,590.0,1631.0
785101,575.0,1601.0
785131,459.0,1401.0
785133,459.0,1472.0
785159,500.0,1531.0
785161,502.0,1626.0
785164,915.0,1692.0
785171,507.0,1481.0
785177,590.0,1563.0
785182,449.0,1448.0
785186,573.0,1594.0
785187,409.0,1505.0
785192,472.0,1542.0
785193,478.0,1534.0
785236,514.0,1624.0
785263,566.0,1572.0
785274,434.0,1521.0
785285,457.0,1499.0
785286,627.0,1612.0
785289,535.0,1566.0
785291,560.0,1557.0
785298,510.0,1573.0
785307,803.0,1497.0
785314,518.0,1543.0
785326,568.0,1625.0
785330,541.0,1584.0
785336,522.0,1580.0
785340,580.0,1613.0
785347,1378.0,1569.0
785353,637.0,1599.0
785357,718.0,1558.0
785369,542.0,1651.0
785380,752.0,1473.0
785383,1003.0,1565.0
785385,543.0,1627.0
785391,836.0,1583.0
785401,599.0,1567.0
785412,619.0,1617.0
785420,775.0,1563.0
785442,487.0,1496.0
785445,419.0,1482.0
785468,540.0,1573.0
785473,540.0,1525.0
785486,552.0,1504.0
785490,541.0,1458.0
785496,481.0,1405.0
785497,542.0,1585.0
785500,454.0,1445.0
785512,504.0,1582.0
785528,423.0,1502.0
785539,583.0,1564.0
785575,596.0,1646.0
785584,557.0,1604.0
785585,622.0,1494.0
785586,453.0,1485.0
785591,378.0,1461.0
785606,392.0,1504.0
785608,614.0,1620.0
785613,517.0,1531.0
785635,627.0,1591.0
785652,540.0,1597.0
785664,612.0,1615.0
785668,612.0,1631.0
785672,657.0,1649.0
785673,488.0,1509.0
785683,512.0,1631.0
785690,476.0,1466.0
785695,545.0,1559.0
785727,536.0,1580.0
785731,540.0,1543.0
785769,516.0,1548.0
785777,602.0,1515.0
785783,558.0,1609.0
785785,725.0,1531.0
785792,546.0,1598.0
785794,492.0,1491.0
785800,591.0,1455.0
785811,513.0,1553.0
785814,481.0,1567.0
785819,407.0,1455.0
785828,469.0,1555.0
785829,586.0,1522.0
785876,660.0,1668.0
785884,563.0,1486.0
785890,600.0,1505.0
785904,519.0,1503.0
785905,589.0,1612.0
785923,527.0,1561.0
785926,473.0,1448.0
785937,519.0,1582.0
785942,432.0,1471.0
785943,481.0,1526.0
785946,577.0,1603.0
785947,704.0,1606.0
785949,588.0,1596.0
785972,512.0,1501.0
785984,1127.0,1637.0
785994,498.0,1621.0
785998,432.0,1501.0
786006,782.0,1526.0
786016,401.0,1482.0
786036,564.0,1553.0
786049,517.0,1557.0
786054,621.0,1651.0
786055,709.0,1593.0
786127,655.0,1502.0
786128,667.0,1561.0
786131,496.0,1524.0
786138,512.0,1591.0
786143,655.0,1585.0
786150,436.0,1462.0
786156,455.0,1522.0
786195,884.0,1730.0
786211,643.0,1601.0
786218,699.0,1638.0
786224,525.0,1600.0
786225,588.0,1680.0
786227,416.0,1558.0
786235,507.0,1505.0
786240,631.0,1596.0
786287,491.0,1522.0
786288,514.0,1578.0
786302,438.0,1508.0
786317,551.0,1579.0
786318,487.0,1553.0
786319,446.0,1515.0
786373,554.0,1603.0
786391,524.0,1575.0
786400,542.0,1557.0
786403,460.0,1447.0
786405,547.0,1605.0
786418,524.0,1552.0
786424,482.0,1457.0
786439,767.0,1583.0
786443,612.0,1556.0
786448,485.0,1530.0
786461,671.0,1638.0
786475,446.0,1560.0
786476,794.0,1502.0
786477,585.0,1580.0
786478,595.0,1575.0
786489,666.0,1549.0
786534,586.0,1592.0
786542,602.0,1641.0
786545,499.0,1609.0
786549,563.0,1554.0
786556,636.0,1669.0
786560,627.0,1587.0
786562,494.0,1506.0
786566,507.0,1523.0
786570,509.0,1510.0
786594,611.0,1853.0
786603,649.0,1553.0
786608,484.0,1641.0
786613,579.0,1604.0
786618,575.0,1543.0
786626,581.0,1556.0
786634,558.0,1562.0
786640,465.0,1510.0
786642,612.0,1605.0
786669,375.0,1452.0
786671,614.0,1577.0
786674,732.0,1617.0
786677,432.0,1506.0
786682,424.0,1460.0
786685,685.0,1474.0
786689,888.0,1690.0
786714,572.0,1617.0
786719,562.0,1563.0
786722,546.0,1637.0
786724,572.0,1596.0
786728,534.0,1565.0
786737,684.0,1625.0
786746,481.0,1532.0
786750,510.0,1634.0
786751,462.0,1574.0
786752,498.0,1636.0
786755,583.0,1492.0
786813,471.0,1513.0
786819,503.0,1527.0
786830,578.0,1687.0
786838,516.0,1576.0
786842,534.0,1569.0
786854,651.0,1603.0
786864,638.0,1635.0
786878,502.0,1487.0
786904,481.0,1447.0
786916,512.0,1637.0
786942,419.0,1547.0
786950,605.0,1582.0
786957,671.0,1575.0
786962,823.0,1610.0
786968,520.0,1533.0
787049,506.0,1532.0
787054,567.0,1583.0
787059,486.0,1582.0
787064,403.0,1513.0
787065,451.0,1543.0
787068,538.0,1620.0
787072,692.0,1611.0
787117,468.0,1515.0
787122,610.0,1537.0
787127,587.0,1571.0
787133,443.0,1537.0
787134,586.0,1564.0
787142,457.0,1460.0
787147,489.0,1489.0
787196,574.0,1562.0
787220,500.0,1505.0
787221,587.0,1683.0
787226,623.0,1581.0
787235,555.0,1679.0
787238,491.0,1496.0
787256,596.0,1550.0
787282,695.0,1632.0
787286,470.0,1500.0
787295,410.0,1515.0
787300,589.0,1567.0
787303,527.0,1525.0
787306,748.0,1626.0
787307,652.0,1645.0
787313,774.0,1615.0
787323,449.0,1515.0
787326,581.0,1575.0
787327,458.0,1602.0
787348,588.0,1533.0
787353,479.0,1443.0
787356,744.0,1617.0
787359,572.0,1659.0
787367,448.0,1453.0
787369,497.0,1591.0
787371,526.0,1593.0
787376,574.0,1499.0
787377,487.0,1639.0
787397,702.0,1592.0
787412,563.0,1501.0
787416,477.0,1583.0
787418,485.0,1518.0
787435,477.0,1583.0
787439,582.0,1649.0
787444,473.0,1541.0
787463,664.0,1725.0
787472,552.0,1585.0
787482,459.0,1470.0
787492,482.0,1534.0
787499,413.0,1498.0
787502,461.0,1521.0
787504,444.0,1503.0
787505,584.0,1544.0
787512,546.0,1588.0
787519,459.0,1567.0
787520,536.0,1645.0
787522,504.0,1582.0
787525,519.0,1575.0
787529,401.0,1533.0
787530,573.0,1621.0
787533,490.0,1548.0
787585,467.0,1519.0
787595,592.0,1635.0
787608,527.0,1565.0
787622,548.0,1592.0
787632,600.0,1649.0
787635,437.0,1483.0
787640,450.0,1540.0
787659,613.0,1792.0
787663,691.0,1536.0
787667,645.0,1534.0
787674,458.0,1543.0
787677,555.0,1565.0
787682,455.0,1590.0
787683,584.0,1567.0
787709,526.0,1584.0
787713,668.0,1591.0
787717,517.0,1528.0
787725,566.0,1592.0
787734,473.0,1604.0
787735,593.0,1611.0
787740,471.0,1549.0
787747,574.0,1582.0
787751,471.0,1452.0
787754,583.0,1466.0
787756,828.0,1624.0
787762,760.0,1615.0
787765,610.0,1426.0
787799,420.0,1582.0
787800,592.0,1617.0
787816,481.0,1572.0
787817,514.0,1513.0
787824,570.0,1566.0
787825,503.0,1556.0
787833,559.0,1597.0
787845,692.0,1562.0
788007,482.0,1642.0
788012,461.0,1554.0
788054,534.0,1625.0
788063,1110.0,1495.0
788107,481.0,1615.0
788234,870.0,1611.0
788253,387.0,1489.0
788433,952.0,1645.0
788466,490.0,1605.0
788507,590.0,1738.0
788613,682.0,1607.0
788616,557.0,1576.0
788691,560.0,1532.0
788892,676.0,1590.0
788911,803.0,1661.0
788948,640.0,1461.0
789058,567.0,1575.0
789076,668.0,1606.0
789443,556.0,1658.0
789455,640.0,1574.0
789473,785.0,1797.0
789483,577.0,1535.0
789549,658.0,1601.0
789640,595.0,1485.0
789654,642.0,1588.0
789742,457.0,1492.0
789765,644.0,1523.0
789910,613.0,1614.0
789924,773.0,1569.0
790041,906.0,1604.0
790059,766.0,1677.0
790270,451.0,1459.0
790373,553.0,1395.0
790399,452.0,1475.0
790401,658.0,1656.0
790593,604.0,1479.0
790645,1006.0,1735.0
790731,649.0,1530.0
790742,518.0,1600.0
790748,506.0,1573.0
790821,770.0,1624.0
790877,416.0,1525.0
791053,961.0,1552.0
791304,525.0,1496.0
791334,545.0,1549.0
791393,557.0,1603.0
791600,828.0,1578.0
791704,604.0,1579.0
791741,508.0,1552.0
791821,565.0,1687.0
791839,825.0,1621.0
791939,715.0,1732.0
792143,461.0,1456.0
792160,1006.0,1584.0
792393,448.0,1565.0
792552,517.0,1535.0
792648,651.0,1554.0
792728,520.0,1671.0
792842,644.0,1615.0
792942,519.0,1557.0
792967,533.0,1547.0
793000,574.0,1485.0
793001,535.0,1582.0
793089,659.0,1582.0
793224,1146.0,1648.0
793302,479.0,1490.0
793328,576.0,1627.0
793382,1016.0,1548.0
793438,906.0,1587.0
793472,600.0,1510.0
793594,831.0,1567.0
793614,810.0,1568.0
793700,479.0,1612.0
793835,553.0,1583.0
793852,496.0,1516.0
793864,529.0,1521.0
793975,451.0,1535.0
794192,522.0,1603.0
794213,495.0,1454.0
794218,492.0,1454.0
794334,681.0,1615.0
794377,545.0,1523.0
794429,620.0,1583.0
794481,923.0,1566.0
794531,520.0,1500.0
794602,741.0,1515.0
794643,553.0,1547.0
794669,529.0,1537.0
794840,578.0,1553.0
794939,627.0,1523.0
795193,502.0,1563.0
795377,455.0,1476.0
795503,718.0,1569.0
795599,694.0,1581.0
795610,771.0,1531.0
795669,643.0,1555.0
795736,585.0,1656.0
795790,433.0,1562.0
795792,596.0,1612.0
795842,925.0,1650.0
795846,443.0,1565.0
796051,605.0,1698.0
796068,720.0,1620.0
796096,553.0,1658.0
796108,984.0,1566.0
796182,598.0,1524.0
796295,505.0,1534.0
796304,481.0,1603.0
796350,705.0,1500.0
796542,554.0,1502.0
796674,792.0,1709.0
796776,730.0,1619.0
796843,713.0,1583.0
796845,509.0,1671.0
796930,580.0,1515.0
797041,526.0,1545.0
797290,630.0,1554.0
797320,421.0,1502.0
797358,562.0,1555.0
797395,858.0,1621.0
797524,529.0,1475.0
797609,553.0,1572.0
797773,879.0,1593.0
797905,736.0,1612.0
797910,874.0,1606.0
798584,765.0,1571.0
798594,586.0,1578.0
798677,474.0,1566.0
798806,561.0,1575.0
798850,651.0,1511.0
799019,626.0,1588.0
799022,624.0,1638.0
799210,665.0,1616.0
799223,542.0,1530.0
799329,686.0,1573.0
799490,1111.0,1610.0
799630,565.0,1550.0
799634,852.0,1559.0
799720,564.0,1456.0
800123,553.0,1643.0
800250,494.0,1455.0
800399,728.0,1673.0
800400,678.0,1570.0
800407,707.0,1620.0
800459,554.0,1646.0
800483,948.0,1628.0
800534,482.0,1454.0
800971,576.0,1667.0
801000,726.0,1600.0
801068,449.0,1489.0
801282,953.0,1583.0
801704,582.0,1500.0
801795,659.0,1550.0
801889,731.0,1602.0
801961,556.0,1550.0
801993,825.0,1503.0
802061,504.0,1529.0
802132,782.0,1588.0
802333,639.0,1568.0
802339,456.0,1504.0
802348,508.0,1605.0
802378,825.0,1573.0
802419,818.0,1636.0
802486,703.0,1591.0
802491,852.0,1525.0
802556,577.0,1530.0
802633,895.0,1628.0
802728,423.0,1570.0
802733,613.0,1554.0
802749,910.0,1585.0
802759,937.0,1640.0
802774,875.0,1700.0
802799,663.0,1532.0
802878,502.0,1650.0
802920,610.0,1555.0
802930,793.0,1581.0
802991,827.0,1520.0
803015,860.0,1586.0
803026,540.0,1492.0
803034,518.0,1540.0
803046,670.0,1570.0
803075,541.0,1631.0
803081,827.0,1565.0
803117,550.0,1525.0
803157,422.0,1943.0
803178,553.0,1554.0
803252,587.0,1526.0
803373,588.0,1645.0
803378,513.0,1450.0
803380,489.0,1540.0
803424,560.0,1597.0
803442,670.0,1563.0
803457,628.0,1575.0
803462,671.0,1575.0
803466,445.0,1588.0
803514,518.0,1520.0
803520,555.0,1854.0
803556,511.0,1566.0
803590,683.0,1645.0
803594,731.0,1537.0
803655,499.0,1560.0
803730,610.0,1487.0
803812,529.0,1533.0
803850,819.0,1638.0
803901,680.0,1554.0
803909,569.0,1481.0
803911,616.0,1651.0
803917,737.0,1483.0
803964,952.0,1580.0
803998,528.0,1603.0
804002,472.0,1518.0
804164,654.0,1680.0
804166,571.0,1560.0
804230,556.0,1466.0
804243,504.0,1488.0
804359,700.0,1639.0
804400,442.0,1570.0
804418,711.0,1501.0
804440,615.0,1554.0
804453,681.0,1495.0
804484,710.0,1542.0
804595,537.0,1523.0
804649,907.0,1515.0
804707,1000.0,1681.0
804713,720.0,1495.0
804718,420.0,1541.0
804726,628.0,1682.0
804734,630.0,1523.0
804745,771.0,1632.0
804773,535.0,1583.0
804785,470.0,1518.0
804845,859.0,1615.0
804855,791.0,1812.0
804871,481.0,1540.0
804874,474.0,1555.0
804916,851.0,1659.0
804940,787.0,1633.0
804943,606.0,1577.0
804949,605.0,1587.0
804999,922.0,1644.0
805002,573.0,1630.0
805039,586.0,1565.0
805058,653.0,1628.0
805174,562.0,1593.0
805283,700.0,1607.0
805365,600.0,1518.0
805390,745.0,1542.0
805396,692.0,1513.0
805485,865.0,1633.0
805490,499.0,1478.0
805514,536.0,1586.0
805554,700.0,1570.0
805557,700.0,1615.0
805708,636.0,1648.0
805730,1049.0,1533.0
805735,778.0,1545.0
805782,480.0,1572.0
805806,566.0,1605.0
805813,788.0,1520.0
805835,923.0,1643.0
805875,809.0,1461.0
805930,552.0,1800.0
805937,541.0,1530.0
805968,1069.0,1630.0
806033,624.0,1542.0
806039,539.0,1572.0
806071,697.0,1780.0
806096,540.0,1660.0
806141,780.0,1570.0
806159,731.0,1560.0
806220,774.0,1591.0
806231,589.0,1512.0
806243,556.0,1608.0
806263,478.0,1535.0
806361,700.0,1690.0
806449,739.0,1482.0
806454,477.0,1570.0
806460,674.0,1701.0
806462,593.0,1475.0
806466,616.0,1571.0
806475,807.0,1600.0
806541,681.0,1557.0
806615,646.0,1555.0
806628,696.0,1531.0
806633,612.0,1580.0
806674,676.0,1622.0
806677,448.0,1592.0
806706,514.0,1520.0
806758,561.0,1621.0
806778,674.0,1652.0
806800,540.0,1580.0
806806,549.0,1540.0
806851,769.0,1537.0
806862,550.0,1582.0
806885,480.0,1575.0
806899,702.0,1641.0
807089,817.0,1590.0
807097,593.0,1575.0
807098,690.0,1602.0
807134,584.0,1626.0
807135,627.0,1629.0
807142,477.0,1515.0
807144,716.0,1637.0
807156,602.0,1531.0
807186,759.0,1500.0
807193,1419.0,1670.0
807226,598.0,1535.0
807295,513.0,1575.0
807308,554.0,1428.0
807327,511.0,1651.0
807345,557.0,1635.0
807355,757.0,1510.0
807415,413.0,1572.0
807468,565.0,1488.0
807494,489.0,1719.0
807512,924.0,1543.0
807558,583.0,1562.0
807566,705.0,1520.0
807589,783.0,1502.0
807595,642.0,1502.0
807609,480.0,1509.0
807611,557.0,1663.0
807640,524.0,1571.0
807653,521.0,1459.0
807669,597.0,1573.0
807723,730.0,1632.0
807743,523.0,1560.0
807762,596.0,1580.0
807863,442.0,1612.0
807921,461.0,1518.0
807944,588.0,1661.0
807969,580.0,1576.0
807975,530.0,1548.0
807984,470.0,1421.0
808014,690.0,1511.0
808112,516.0,1570.0
808125,463.0,1570.0
808132,743.0,1583.0
808259,667.0,1618.0
808260,662.0,1482.0
808337,653.0,1593.0
808448,793.0,1608.0
808534,558.0,1698.0
808538,636.0,1600.0
808568,392.0,1508.0
808613,627.0,1603.0
808638,503.0,1530.0
808731,566.0,1580.0
808741,797.0,1635.0
808812,732.0,1630.0
808822,485.0,1563.0
808951,639.0,1576.0
808988,635.0,1645.0
809001,517.0,1500.0
809037,474.0,1492.0
809041,739.0,1640.0
809048,452.0,1520.0
809068,730.0,1655.0
809135,695.0,1620.0
809154,802.0,1640.0
809161,824.0,1681.0
809176,592.0,1588.0
809179,674.0,1564.0
809236,544.0,1563.0
809243,470.0,1495.0
809376,750.0,1560.0
809430,735.0,1600.0
809460,599.0,1638.0
809470,654.0,1609.0
809480,889.0,1594.0
809529,774.0,1650.0
809541,544.0,1484.0
809552,988.0,1572.0
809560,825.0,1625.0
809618,572.0,1529.0
809629,533.0,1590.0
809644,1000.0,1546.0
809752,634.0,1518.0
809819,530.0,1554.0
809897,665.0,1580.0
809956,851.0,1550.0
809963,661.0,1681.0
809972,942.0,1674.0
810186,601.0,1624.0
810194,554.0,1550.0
810196,554.0,1613.0
810200,579.0,1560.0
810225,486.0,1560.0
810261,629.0,1430.0
810306,621.0,1603.0
810376,499.0,1513.0
810407,641.0,1494.0
810410,931.0,1660.0
810509,694.0,1530.0
810546,599.0,1608.0
810658,711.0,1601.0
810662,559.0,1534.0
810671,584.0,1576.0
810678,509.0,1523.0
810679,733.0,1619.0
810752,879.0,1600.0
810764,510.0,1628.0
810905,621.0,1603.0
810942,471.0,1533.0
810943,562.0,1580.0
810954,697.0,1665.0
811061,542.0,1565.0
811108,721.0,1648.0
811272,752.0,1694.0
811275,597.0,1545.0
811278,528.0,1623.0
811324,536.0,1590.0
811349,440.0,1518.0
811350,797.0,1645.0
811451,690.0,1556.0
811486,611.0,1676.0
811491,536.0,1616.0
811504,498.0,1568.0
811519,525.0,1534.0
811606,510.0,1647.0
811611,585.0,1558.0
811649,979.0,1615.0
811688,486.0,1565.0
811690,719.0,1585.0
811712,780.0,1691.0
811808,911.0,1655.0
811818,708.0,1560.0
811872,566.0,1629.0
811884,509.0,1563.0
811891,543.0,1494.0
811975,503.0,1491.0
812012,581.0,1576.0
812042,512.0,1479.0
812087,568.0,1617.0
812217,547.0,1441.0
812259,902.0,1600.0
812262,617.0,1652.0
812275,609.0,1584.0
812342,564.0,1529.0
812367,579.0,1614.0
812373,724.0,1617.0
812386,567.0,1521.0
812434,526.0,1565.0
812448,525.0,1560.0
812511,427.0,1560.0
812515,626.0,1600.0
812658,844.0,1606.0
812677,502.0,1581.0
812686,553.0,1586.0
812695,782.0,1550.0
812828,728.0,1600.0
812878,705.0,1586.0
812901,569.0,1585.0
812958,664.0,1566.0
812970,520.0,1550.0
812974,612.0,1469.0
813181,525.0,1430.0
813242,579.0,1570.0
813246,1081.0,1610.0
813306,753.0,1480.0
813311,500.0,1591.0
813321,731.0,1622.0
813466,435.0,1517.0
813475,1079.0,1580.0
813512,581.0,1529.0
813550,622.0,1562.0
813565,738.0,1675.0
813698,599.0,1610.0
813742,517.0,1640.0
813777,898.0,1580.0
813834,762.0,1535.0
813882,677.0,1565.0
813892,604.0,1565.0
813925,486.0,1580.0
813930,510.0,1590.0
813943,838.0,1560.0
813951,668.0,1611.0
813958,860.0,1522.0
814102,694.0,1635.0
814220,625.0,1550.0
814241,1205.0,1600.0
814274,536.0,1637.0
814276,511.0,1504.0
814331,629.0,1495.0
814351,590.0,1516.0
814392,555.0,1651.0
814407,649.0,1625.0
814411,820.0,1440.0
814417,783.0,1531.0
814498,790.0,1612.0
814518,986.0,1545.0
814533,804.0,1620.0
814667,623.0,1480.0
814710,563.0,1617.0
814725,690.0,1455.0
814761,489.0,1552.0
814791,555.0,1538.0
814804,684.0,1565.0
814827,603.0,1618.0
814880,447.0,1565.0
814917,723.0,1568.0
814921,478.0,1460.0
814945,789.0,1658.0
814972,434.0,1450.0
814987,650.0,1510.0
814992,561.0,1478.0
815061,920.0,1619.0
815086,622.0,1545.0
815137,500.0,1570.0
815145,520.0,1550.0
815179,761.0,1651.0
815184,492.0,1557.0
815224,951.0,1706.0
815259,536.0,1566.0
815274,674.0,1640.0
815328,795.0,1572.0
815519,712.0,1540.0
815600,699.0,1550.0
815608,788.0,1720.0
815644,512.0,1531.0
815674,426.0,1541.0
815681,642.0,1594.0
815725,709.0,1599.0
815815,713.0,1587.0
815852,522.0,1660.0
815913,722.0,1582.0
815920,613.0,1583.0
815955,481.0,1610.0
816028,587.0,1555.0
816065,678.0,1571.0
816213,681.0,1592.0
816219,800.0,1615.0
816278,563.0,1560.0
816286,585.0,1553.0
816356,708.0,1723.0
816385,840.0,1589.0
816401,481.0,1580.0
816520,610.0,1520.0
816586,520.0,1545.0
816617,422.0,1559.0
816721,577.0,1548.0
816925,575.0,1553.0
816937,648.0,1485.0
817285,495.0,1654.0
817405,602.0,1600.0
817844,731.0,1691.0
817932,544.0,1692.0
818123,474.0,1520.0
818224,777.0,1636.0
818349,524.0,1642.0
818493,754.0,1665.0
818508,544.0,1610.0
819016,537.0,1527.0
819116,803.0,1599.0
819158,649.0,1549.0
819526,489.0,1600.0
819634,660.0,1529.0
819887,601.0,1604.0
819938,570.0,1564.0
820228,541.0,1551.0
820504,492.0,1666.0
821097,516.0,1513.0
821171,632.0,1704.0
821296,723.0,1626.0
821803,430.0,1624.0
822062,639.0,1676.0
822130,536.0,1607.0
822644,461.0,1545.0
822863,554.0,1587.0
823016,523.0,1510.0
823733,895.0,1717.0
823780,504.0,1614.0
824149,843.0,1591.0
824197,663.0,1625.0
824641,770.0,1687.0
824749,645.0,1644.0
824888,634.0,1755.0
825037,678.0,1608.0
825621,472.0,1402.0
825986,755.0,1609.0
826549,598.0,1777.0
827299,527.0,1587.0
827598,544.0,1663.0
827802,757.0,1755.0
827881,570.0,1556.0
828052,546.0,1589.0
828377,664.0,1485.0
829156,870.0,1615.0
829210,563.0,1650.0
829960,623.0,1497.0
830401,410.0,1475.0
830556,527.0,1596.0
830881,386.0,1596.0
831102,477.0,1561.0
831510,559.0,1643.0
831601,470.0,1539.0
832307,534.0,1535.0
832465,679.0,1596.0
832973,523.0,1559.0
832986,496.0,1695.0
833026,540.0,1592.0
833592,431.0,1475.0
834040,544.0,1464.0
834609,670.0,1566.0
835029,517.0,1509.0
835038,1160.0,1688.0
835702,625.0,1651.0
835826,914.0,1564.0
835900,600.0,1660.0
835978,465.0,1661.0
836830,753.0,1607.0
837001,535.0,1620.0
837108,479.0,1527.0
837228,478.0,1506.0
837393,505.0,1624.0
837400,471.0,1574.0
837583,430.0,1507.0
838999,611.0,1645.0
839356,879.0,1636.0
839369,630.0,1558.0
867214,677.0,1709.0
867754,599.0,1576.0
867763,901.0,1691.0
867781,711.0,1622.0
867799,600.0,1596.0
867806,655.0,1635.0
867861,845.0,1583.0
867865,731.0,1632.0
867886,910.0,1641.0
867957,533.0,1555.0
868016,688.0,1593.0
868216,354.0,1456.0
869755,561.0,1493.0
869809,593.0,1498.0
869938,617.0,1556.0
870133,640.0,1567.0
870588,590.0,1582.0
870762,476.0,1487.0
872130,885.0,1680.0
872136,768.0,1495.0
872224,700.0,1522.0
872245,553.0,1544.0
872269,537.0,1553.0
872370,508.0,1586.0
872460,702.0,1502.0
873553,863.0,1584.0
873570,423.0,1430.0
873727,580.0,1553.0
873942,630.0,1683.0
874096,531.0,1531.0
874690,602.0,1648.0
875257,496.0,1538.0
876251,654.0,1857.0
876252,597.0,1596.0
876281,754.0,1655.0
876284,850.0,1714.0
876289,798.0,1683.0
877264,530.0,1552.0
878643,439.0,1531.0
878649,477.0,1483.0
878653,433.0,1536.0
878662,482.0,1633.0
878691,571.0,1510.0
878712,790.0,1566.0
878720,579.0,1641.0
878743,477.0,1622.0
878753,546.0,1686.0
878754,526.0,1673.0
878759,562.0,1662.0
878811,645.0,1610.0
878816,814.0,1880.0
878847,558.0,1497.0
878850,524.0,1545.0
878891,452.0,1547.0
878921,533.0,1581.0
878928,537.0,1562.0
878929,509.0,1568.0
878943,391.0,1542.0
878951,437.0,1538.0
879016,544.0,1635.0
879060,442.0,1473.0
879069,495.0,1518.0
879111,541.0,1570.0
879215,492.0,1525.0
879216,427.0,1467.0
879221,528.0,1550.0
879224,457.0,1565.0
879270,772.0,1642.0
879276,724.0,1560.0
879277,469.0,1470.0
879346,517.0,1565.0
879347,475.0,1623.0
879359,420.0,1535.0
879368,400.0,1452.0
879439,494.0,1565.0
879453,462.0,1516.0
879462,453.0,1609.0
879487,474.0,1558.0
879520,559.0,1690.0
879526,510.0,1487.0
879542,472.0,1470.0
879558,475.0,1606.0
879562,484.0,1585.0
879570,484.0,1547.0
879645,455.0,1526.0
879652,671.0,1675.0
879711,493.0,1655.0
879734,498.0,1516.0
879779,492.0,1561.0
879840,437.0,1492.0
879844,494.0,1635.0
879849,477.0,1533.0
879881,484.0,1573.0
879911,653.0,1605.0
879920,637.0,1653.0
879922,390.0,1475.0
879968,999.0,1665.0
879978,523.0,1490.0
880004,475.0,1522.0
880010,412.0,1555.0
880014,735.0,1532.0
880020,416.0,1500.0
880057,504.0,1654.0
880081,641.0,1613.0
880085,557.0,1550.0
880089,525.0,1540.0
880091,440.0,1503.0
880113,475.0,1665.0
880175,483.0,1620.0
880177,472.0,1480.0
880195,422.0,1566.0
880203,424.0,1547.0
880251,591.0,1547.0
880255,412.0,1515.0
880272,484.0,1499.0
880283,480.0,1545.0
880336,556.0,1655.0
880348,483.0,1586.0
880349,420.0,1590.0
880366,513.0,1578.0
880373,468.0,1521.0
880376,406.0,1616.0
880380,454.0,1535.0
880402,648.0,1755.0
880408,511.0,1645.0
880420,565.0,1664.0
880433,409.0,1605.0
880440,446.0,1570.0
880444,530.0,1699.0
880498,461.0,1553.0
880509,455.0,1552.0
880545,594.0,1596.0
880596,418.0,1483.0
880597,483.0,1555.0
880601,477.0,1515.0
880650,452.0,1489.0
880689,491.0,1520.0
880706,456.0,1515.0
880710,438.0,1493.0
880817,425.0,1525.0
880823,411.0,1462.0
880894,587.0,1575.0
880912,416.0,1550.0
880926,407.0,1539.0
880936,427.0,1509.0
880985,462.0,1538.0
880997,547.0,1551.0
881069,558.0,1691.0
881092,515.0,1391.0
881096,565.0,1625.0
881166,480.0,1612.0
881188,549.0,1654.0
881189,438.0,1557.0
881264,467.0,1545.0
881275,428.0,1494.0
881276,425.0,1542.0
881277,518.0,1595.0
881301,449.0,1605.0
881308,486.0,1573.0
881374,565.0,1728.0
881420,346.0,1457.0
881461,350.0,1441.0
881474,499.0,1604.0
881562,455.0,1588.0
881598,461.0,1551.0
881670,558.0,1631.0
881686,483.0,1602.0
881697,702.0,1700.0
881748,475.0,1500.0
881754,431.0,1575.0
881764,438.0,1524.0
881792,1039.0,1655.0
881813,533.0,1686.0
881849,539.0,1631.0
881852,989.0,1586.0
881867,446.0,1550.0
881869,450.0,1528.0
881892,455.0,1575.0
881922,547.0,1510.0
881988,607.0,1712.0
882004,442.0,1508.0
882012,485.0,1525.0
882063,440.0,1543.0
882100,403.0,1521.0
882110,538.0,1548.0
882114,408.0,1698.0
882121,471.0,1535.0
882154,488.0,1412.0
882157,671.0,1565.0
882198,485.0,1468.0
882207,686.0,1666.0
882218,575.0,1543.0
882287,523.0,1709.0
882298,468.0,1556.0
882318,589.0,1619.0
882326,527.0,1522.0
882391,597.0,1624.0
882401,494.0,1625.0
882418,399.0,1527.0
882472,454.0,1554.0
882510,430.0,1590.0
882512,494.0,1660.0
882535,528.0,1587.0
882721,542.0,1555.0
882763,429.0,1480.0
882765,468.0,1540.0
882866,493.0,1489.0
882868,492.0,1543.0
882874,521.0,1552.0
882886,442.0,1599.0
882943,450.0,1480.0
882946,510.0,1570.0
882957,470.0,1560.0
882974,520.0,1540.0
883096,501.0,1501.0
883105,572.0,1623.0
883109,538.0,1571.0
883157,462.0,1540.0
883163,468.0,1558.0
883173,582.0,1635.0
883176,376.0,1644.0
883223,570.0,1546.0
883236,373.0,1586.0
883241,424.0,1560.0
883274,452.0,1495.0
883276,512.0,1627.0
883286,433.0,1474.0
883369,536.0,1575.0
883427,448.0,1510.0
883439,533.0,1627.0
883462,549.0,1625.0
883479,426.0,1573.0
883495,484.0,1534.0
883501,506.0,1537.0
883502,411.0,1512.0
883570,429.0,1554.0
883636,602.0,1627.0
883648,537.0,1634.0
883664,420.0,1548.0
883672,483.0,1575.0
883690,527.0,1620.0
883742,469.0,1599.0
883770,504.0,1580.0
883777,515.0,1612.0
883794,411.0,1450.0
883852,502.0,1578.0
883856,488.0,1488.0
883884,626.0,1580.0
883905,485.0,1495.0
883936,430.0,1475.0
883944,566.0,1600.0
884006,587.0,1690.0
884018,500.0,1603.0
884025,438.0,1535.0
884098,550.0,1596.0
884114,604.0,1585.0
884199,435.0,1536.0
884220,422.0,1541.0
884225,365.0,1485.0
884317,593.0,1611.0
884326,489.0,1572.0
884333,492.0,1540.0
884340,442.0,1590.0
884366,518.0,1720.0
884381,485.0,1644.0
884383,504.0,1725.0
884447,447.0,1603.0
884496,455.0,1517.0
884512,501.0,1520.0
884515,466.0,1555.0
884559,388.0,1504.0
884577,418.0,1521.0
884643,468.0,1483.0
884673,409.0,1505.0
884678,459.0,1599.0
884718,590.0,1685.0
884724,529.0,1522.0
884736,482.0,1563.0
884790,534.0,1595.0
884805,573.0,1565.0
884848,471.0,1674.0
884856,428.0,1616.0
884865,468.0,1672.0
884929,464.0,1675.0
884952,462.0,1630.0
884958,477.0,1649.0
884979,455.0,1635.0
884985,543.0,1753.0
885071,520.0,1610.0
885082,600.0,1559.0
885086,472.0,1574.0
885087,520.0,1637.0
885097,556.0,1559.0
885117,458.0,1635.0
885140,368.0,1600.0
885212,588.0,1460.0
885214,494.0,1510.0
885252,450.0,1635.0
885255,617.0,1625.0
885286,631.0,1617.0
885402,462.0,1629.0
885407,447.0,1603.0
885466,459.0,1490.0
885526,447.0,1537.0
885527,429.0,1496.0
885530,478.0,1620.0
885549,519.0,1645.0
885559,445.0,1595.0
885615,510.0,1482.0
885649,475.0,1541.0
885666,517.0,1540.0
885741,652.0,1685.0
885742,584.0,1556.0
885743,836.0,1483.0
885749,521.0,1560.0
885751,560.0,1600.0
885785,522.0,1460.0
885787,459.0,1550.0
885803,511.0,1571.0
885809,485.0,1604.0
885815,501.0,1601.0
885817,436.0,1513.0
885854,475.0,1630.0
885861,462.0,1506.0
885883,652.0,1736.0
885886,556.0,1684.0
885898,490.0,1498.0
885901,586.0,1688.0
885906,552.0,1643.0
885927,421.0,1522.0
885930,516.0,1527.0
885959,627.0,1613.0
885990,421.0,1486.0
886014,480.0,1635.0
886084,494.0,1609.0
886099,451.0,1534.0
886149,650.0,1585.0
886220,463.0,1530.0
886228,504.0,1635.0
886234,476.0,1501.0
886261,473.0,1577.0
886295,485.0,1525.0
886333,396.0,1535.0
886370,529.0,1515.0
886414,516.0,1595.0
886420,500.0,1558.0
886493,437.0,1486.0
886504,535.0,1530.0
886510,432.0,1508.0
886564,511.0,1672.0
886579,577.0,1746.0
886592,462.0,1591.0
886677,599.0,1625.0
886693,509.0,1627.0
886705,589.0,1632.0
886794,701.0,1724.0
886897,485.0,1515.0
886909,603.0,1570.0
886914,536.0,1674.0
886920,514.0,1624.0
886989,510.0,1617.0
887032,487.0,1523.0
887037,483.0,1588.0
887080,558.0,1498.0
887130,436.0,1506.0
887131,537.0,1500.0
887136,568.0,1590.0
887144,506.0,1612.0
887187,448.0,1612.0
887193,470.0,1584.0
887219,502.0,1550.0
887276,435.0,1523.0
887281,560.0,1577.0
887282,453.0,1578.0
887283,462.0,1528.0
887384,399.0,1470.0
887388,481.0,1675.0
887404,540.0,1620.0
887411,517.0,1490.0
887416,546.0,1625.0
887436,457.0,1598.0
887437,658.0,1699.0
887445,670.0,1678.0
887453,469.0,1546.0
887508,386.0,1454.0
887515,542.0,1532.0
887526,666.0,1578.0
887614,463.0,1624.0
887621,486.0,1650.0
887623,450.0,1595.0
887700,581.0,1653.0
887768,390.0,1555.0
887769,436.0,1560.0
887777,495.0,1495.0
887796,466.0,1570.0
887808,475.0,1655.0
887847,516.0,1615.0
887853,390.0,1475.0
887899,714.0,1588.0
887906,614.0,1670.0
887955,622.0,1627.0
887966,521.0,1650.0
887977,567.0,1616.0
887983,421.0,1451.0
888002,510.0,1447.0
888039,505.0,1551.0
888051,586.0,1523.0
888098,567.0,1580.0
888191,429.0,1460.0
888227,513.0,1550.0
888228,535.0,1640.0
888304,532.0,1742.0
888417,612.0,1545.0
888423,793.0,1674.0
888428,526.0,1563.0
888474,484.0,1793.0
888478,657.0,1750.0
888533,412.0,1611.0
888555,430.0,1582.0
888609,500.0,1601.0
888613,579.0,1689.0
888644,511.0,1689.0
888649,348.0,1438.0
888709,475.0,1585.0
888712,554.0,1559.0
888725,405.0,1530.0
888732,458.0,1559.0
888783,449.0,1670.0
888792,553.0,1652.0
888797,501.0,1680.0
888803,663.0,1522.0
888843,557.0,1585.0
888918,592.0,1645.0
888922,545.0,1655.0
888927,498.0,1570.0
888969,489.0,1542.0
888979,584.0,1660.0
888994,535.0,1626.0
889011,514.0,1651.0
889020,530.0,1600.0
889051,687.0,1636.0
889056,783.0,1637.0
889070,648.0,1651.0
889103,478.0,1645.0
889115,730.0,1630.0
889120,1589.0,1733.0
889124,628.0,1613.0
889167,428.0,1545.0
889194,482.0,1642.0
889323,518.0,1535.0
889351,420.0,1517.0
889354,495.0,1581.0
889361,492.0,1592.0
889376,624.0,1575.0
889385,545.0,1600.0
889429,501.0,1559.0
889433,424.0,1533.0
889451,385.0,1470.0
889454,453.0,1500.0
889462,394.0,1400.0
889469,421.0,1527.0
889508,471.0,1512.0
889516,319.0,1418.0
889652,581.0,1594.0
889664,442.0,1507.0
889676,531.0,1564.0
889726,469.0,1573.0
889727,450.0,1558.0
889728,508.0,1498.0
889742,464.0,1592.0
889855,468.0,1678.0
889863,444.0,1556.0
889928,542.0,1497.0
889945,418.0,1539.0
889964,441.0,1481.0
890064,420.0,1440.0
890213,485.0,1658.0
890222,547.0,1582.0
890233,484.0,1526.0
890266,415.0,1562.0
890275,510.0,1530.0
890297,511.0,1660.0
890301,445.0,1510.0
890309,376.0,1630.0
890315,450.0,1625.0
890319,522.0,1600.0
890333,615.0,1576.0
890358,653.0,1620.0
890499,478.0,1553.0
890500,417.0,1567.0
890501,570.0,1535.0
890504,496.0,1587.0
890512,457.0,1562.0
890576,506.0,1538.0
890670,452.0,1585.0
890672,449.0,1563.0
890684,434.0,1552.0
890756,442.0,1554.0
890763,532.0,1642.0
890787,534.0,1688.0
890789,514.0,1655.0
890848,504.0,1572.0
890872,450.0,1567.0
890890,435.0,1495.0
890892,543.0,1518.0
890923,510.0,1665.0
890954,442.0,1515.0
890962,440.0,1596.0
890995,648.0,1710.0
891022,396.0,1425.0
891053,542.0,1617.0
891084,431.0,1557.0
891099,475.0,1650.0
891128,899.0,1630.0
891214,469.0,1670.0
891217,455.0,1615.0
891224,582.0,1666.0
891264,350.0,1412.0
891272,417.0,1526.0
891278,511.0,1540.0
891292,433.0,1560.0
891347,428.0,1525.0
891360,472.0,1580.0
891433,515.0,1628.0
891497,510.0,1620.0
891509,550.0,1495.0
891514,505.0,1583.0
891520,451.0,1600.0
891582,397.0,1466.0
891595,495.0,1574.0
891607,460.0,1640.0
891619,513.0,1640.0
891696,867.0,1665.0
891746,413.0,1573.0
891760,476.0,1502.0
891839,415.0,1647.0
891847,533.0,1617.0
891875,482.0,1527.0
891905,618.0,1560.0
891915,564.0,1675.0
891957,523.0,1655.0
891963,473.0,1613.0
891986,515.0,1589.0
892021,472.0,1521.0
892196,449.0,1592.0
892213,522.0,1548.0
892216,430.0,1565.0
892227,551.0,1640.0
892247,496.0,1585.0
892299,521.0,1572.0
892303,486.0,1571.0
892358,476.0,1535.0
892377,409.0,1485.0
892380,510.0,1570.0
892396,507.0,1551.0
892472,578.0,1521.0
892479,490.0,1528.0
892483,491.0,1568.0
892532,434.0,1586.0
892565,503.0,1552.0
892575,548.0,1625.0
892639,463.0,1453.0
892644,447.0,1484.0
892645,485.0,1450.0
892687,560.0,1570.0
892765,513.0,1573.0
892769,413.0,1548.0
892852,496.0,1626.0
892880,593.0,1569.0
892909,653.0,1605.0
892968,624.0,1644.0
893046,444.0,1503.0
893085,501.0,1610.0
893155,379.0,1428.0
893160,557.0,1644.0
893280,401.0,1538.0
893320,433.0,1595.0
893322,410.0,1505.0
893341,556.0,1652.0
893359,553.0,1663.0
893397,461.0,1550.0
893398,551.0,1570.0
893402,425.0,1550.0
893427,497.0,1654.0
893460,516.0,1674.0
893485,461.0,1584.0
893555,655.0,1615.0
893577,429.0,1513.0
893585,526.0,1572.0
893620,563.0,1693.0
893622,415.0,1535.0
893634,514.0,1583.0
893640,557.0,1630.0
893655,414.0,1525.0
893728,542.0,1616.0
893737,477.0,1587.0
893742,549.0,1585.0
893750,404.0,1565.0
893821,474.0,1598.0
893826,430.0,1578.0
893836,534.0,1514.0
893914,624.0,1629.0
893926,455.0,1533.0
893930,473.0,1572.0
894005,539.0,1662.0
894006,487.0,1582.0
894065,416.0,1550.0
894067,473.0,1547.0
894079,521.0,1657.0
894105,474.0,1615.0
894155,496.0,1580.0
894197,515.0,1556.0
894217,503.0,1507.0
894221,410.0,1434.0
894227,469.0,1465.0
894296,439.0,1585.0
894304,491.0,1590.0
894311,450.0,1624.0
894320,456.0,1578.0
894325,414.0,1577.0
894377,480.0,1550.0
894384,577.0,1584.0
894406,519.0,1567.0
894432,463.0,1635.0
894449,553.0,1608.0
894455,526.0,1631.0
894474,392.0,1461.0
894540,551.0,1627.0
894561,479.0,1603.0
894666,526.0,1610.0
894674,415.0,1493.0
894676,478.0,1520.0
894684,558.0,1560.0
894738,471.0,1537.0
894752,589.0,1604.0
894757,571.0,1627.0
894826,516.0,1598.0
894872,419.0,1496.0
894881,460.0,1546.0
894912,539.0,1654.0
894922,506.0,1561.0
895005,477.0,1479.0
895012,552.0,1559.0
895021,457.0,1622.0
895086,421.0,1543.0
895108,578.0,1697.0
895121,522.0,1580.0
895170,437.0,1595.0
895192,525.0,1763.0
895196,593.0,1683.0
895263,565.0,1587.0
895314,611.0,1553.0
895319,493.0,1540.0
895378,553.0,1582.0
895419,503.0,1649.0
895424,552.0,1641.0
895427,742.0,1675.0
895513,556.0,1575.0
895532,569.0,1570.0
895534,504.0,1670.0
895607,452.0,1452.0
895622,636.0,1621.0
895640,828.0,1616.0
895673,445.0,1580.0
895685,439.0,1537.0
895701,412.0,1571.0
895736,491.0,1530.0
895739,503.0,1460.0
895746,450.0,1663.0
895835,479.0,1614.0
895838,481.0,1572.0
895902,476.0,1530.0
895904,479.0,1610.0
895907,504.0,1660.0
895990,542.0,1602.0
896098,444.0,1662.0
896104,502.0,1590.0
896110,466.0,1534.0
896172,525.0,1745.0
896178,497.0,1568.0
896199,510.0,1550.0
896211,502.0,1600.0
896283,633.0,1625.0
896389,593.0,1780.0
896435,422.0,1480.0
896437,839.0,1623.0
896443,637.0,1654.0
896444,528.0,1528.0
896500,535.0,1625.0
896505,390.0,1531.0
896557,511.0,1617.0
896576,570.0,1670.0
896579,564.0,1609.0
896625,502.0,1511.0
896693,536.0,1696.0
896714,633.0,1686.0
896758,476.0,1565.0
896798,489.0,1608.0
896819,521.0,1480.0
896841,412.0,1540.0
896876,505.0,1640.0
896878,455.0,1570.0
896899,522.0,1554.0
896909,514.0,1590.0
896989,406.0,1495.0
897012,576.0,1636.0
897019,487.0,1528.0
897043,474.0,1625.0
897068,449.0,1556.0
897075,509.0,1678.0
897079,626.0,1655.0
897097,498.0,1616.0
897178,594.0,1575.0
897191,496.0,1625.0
897193,506.0,1657.0
897326,453.0,1469.0
897335,513.0,1529.0
897342,489.0,1545.0
897363,449.0,1580.0
897371,546.0,1544.0
897379,515.0,1485.0
897384,515.0,1540.0
897438,441.0,1477.0
897447,457.0,1598.0
897512,505.0,1599.0
897521,412.0,1535.0
897540,488.0,1600.0
897602,403.0,1430.0
897608,519.0,1537.0
897611,449.0,1487.0
897632,500.0,1593.0
897700,424.0,1658.0
897714,579.0,1687.0
897726,565.0,1752.0
897800,470.0,1565.0
897823,502.0,1552.0
897826,595.0,1670.0
897832,500.0,1610.0
897888,498.0,1585.0
897902,465.0,1580.0
897946,521.0,1569.0
897952,545.0,1570.0
898022,413.0,1535.0
898024,661.0,1545.0
898048,519.0,1520.0
898073,476.0,1579.0
898076,409.0,1481.0
898079,458.0,1542.0
898240,449.0,1455.0
898253,453.0,1615.0
898264,558.0,1654.0
898344,363.0,1483.0
898346,381.0,1451.0
898363,454.0,1552.0
898369,439.0,1489.0
898391,505.0,1586.0
898393,734.0,1581.0
898403,627.0,1673.0
898435,475.0,1503.0
898496,473.0,1375.0
898589,526.0,1570.0
898654,380.0,1469.0
898657,513.0,1544.0
898758,451.0,1591.0
898776,435.0,1604.0
898787,451.0,1562.0
898837,592.0,1600.0
898866,542.0,1640.0
898867,479.0,1552.0
898879,518.0,1569.0
898898,536.0,1535.0
898900,864.0,1635.0
898906,438.0,1482.0
898966,476.0,1566.0
898994,430.0,1493.0
899003,381.0,1497.0
899072,596.0,1600.0
899085,534.0,1510.0
899130,481.0,1523.0
899151,437.0,1484.0
899170,689.0,1640.0
899184,551.0,1586.0
899192,489.0,1652.0
899275,421.0,1505.0
899287,480.0,1575.0
899288,409.0,1540.0
899357,488.0,1485.0
899398,455.0,1575.0
899496,438.0,1505.0
899513,486.0,1589.0
899611,632.0,1672.0
899660,748.0,1630.0
899667,517.0,1603.0
899739,437.0,1554.0
899752,559.0,1623.0
899839,520.0,1562.0
899885,441.0,1581.0
899890,473.0,1540.0
899898,448.0,1484.0
899915,491.0,1544.0
899945,534.0,1662.0
899951,567.0,1626.0
899954,477.0,1567.0
899958,811.0,1597.0
899997,503.0,1644.0
900019,551.0,1516.0
900031,453.0,1610.0
900039,422.0,1549.0
900072,531.0,1590.0
900075,570.0,1680.0
900077,534.0,1605.0
900137,398.0,1530.0
900146,438.0,1485.0
900154,485.0,1480.0
900207,408.0,1484.0
900244,475.0,1596.0
900260,486.0,1535.0
900343,645.0,1635.0
900386,483.0,1620.0
900389,460.0,1702.0
900395,546.0,1607.0
900469,587.0,1570.0
900551,421.0,1483.0
900563,486.0,1555.0
900569,443.0,1495.0
900588,592.0,1722.0
900649,365.0,1470.0
900673,506.0,1533.0
900680,432.0,1464.0
900685,485.0,1531.0
900858,538.0,1625.0
900860,545.0,1577.0
900897,439.0,1457.0
900903,411.0,1555.0
900936,434.0,1579.0
900973,535.0,1524.0
900982,573.0,1651.0
901082,458.0,1620.0
901113,430.0,1525.0
901118,499.0,1578.0
901151,450.0,1595.0
901220,437.0,1586.0
901232,817.0,1736.0
901239,417.0,1476.0
901329,433.0,1505.0
901337,498.0,1529.0
901375,465.0,1573.0
901387,507.0,1472.0
901399,458.0,1540.0
901429,605.0,1570.0
901456,546.0,1495.0
901462,434.0,1570.0
901502,479.0,1550.0
901560,437.0,1657.0
901572,429.0,1617.0
901587,514.0,1608.0
901616,476.0,1494.0
901634,502.0,1526.0
901639,546.0,1642.0
901643,472.0,1601.0
901679,545.0,1534.0
901683,553.0,1517.0
901686,546.0,1549.0
901722,735.0,1588.0
901831,491.0,1537.0
901835,638.0,1630.0
901851,416.0,1485.0
901901,412.0,1565.0
901903,490.0,1675.0
901917,523.0,1658.0
901961,477.0,1542.0
901982,418.0,1485.0
901983,563.0,1584.0
902065,627.0,1578.0
902123,472.0,1510.0
902127,524.0,1572.0
902134,412.0,1462.0
902136,564.0,1635.0
902138,435.0,1546.0
902141,538.0,1540.0
902155,602.0,1520.0
902173,614.0,1519.0
902219,448.0,1497.0
902224,496.0,1560.0
902228,607.0,1622.0
902231,550.0,1500.0
902239,511.0,1636.0
902313,491.0,1501.0
902369,467.0,1615.0
902372,570.0,1700.0
902388,494.0,1655.0
902539,467.0,1584.0
902554,460.0,1514.0
902568,560.0,1655.0
902634,500.0,1565.0
902669,365.0,1371.0
902670,464.0,1564.0
902701,503.0,1540.0
902718,542.0,1641.0
902726,571.0,1619.0
902753,524.0,1580.0
902760,495.0,1436.0
902828,499.0,1548.0
902881,521.0,1678.0
902886,473.0,1610.0
902889,533.0,1750.0
902944,510.0,1485.0
903038,460.0,1474.0
903054,501.0,1623.0
903056,475.0,1625.0
903077,497.0,1516.0
903080,446.0,1460.0
903084,521.0,1576.0
903151,526.0,1694.0
903214,495.0,1485.0
903225,389.0,1491.0
903246,520.0,1575.0
903349,437.0,1624.0
903405,426.0,1650.0
903410,484.0,1542.0
903420,535.0,1536.0
903421,486.0,1546.0
903435,460.0,1561.0
903460,620.0,1565.0
903509,431.0,1500.0
903518,489.0,1595.0
903585,490.0,1611.0
903632,539.0,1571.0
903653,879.0,1576.0
903717,509.0,1573.0
903721,560.0,1678.0
903731,432.0,1581.0
903735,510.0,1583.0
903819,533.0,1580.0
903911,552.0,1688.0
903990,613.0,1697.0
904002,491.0,1599.0
904016,494.0,1604.0
904054,552.0,1612.0
904066,498.0,1541.0
904069,519.0,1644.0
904139,451.0,1663.0
904209,372.0,1504.0
904215,504.0,1579.0
904220,399.0,1501.0
904281,518.0,1686.0
904319,540.0,1523.0
904401,512.0,1583.0
904411,421.0,1634.0
904423,521.0,1645.0
904432,483.0,1546.0
904471,506.0,1559.0
904511,528.0,1580.0
904533,494.0,1568.0
904534,521.0,1657.0
904543,492.0,1572.0
904556,544.0,1565.0
904583,564.0,1619.0
904587,428.0,1543.0
904593,458.0,1650.0
904631,566.0,1587.0
904660,448.0,1596.0
904668,488.0,1548.0
904698,480.0,1506.0
904849,473.0,1550.0
904868,458.0,1568.0
904921,419.0,1541.0
905025,544.0,1617.0
905044,434.0,1515.0
905051,499.0,1505.0
905142,620.0,1694.0
905143,503.0,1615.0
905244,671.0,1600.0
905283,725.0,1650.0
905290,470.0,1580.0
905301,702.0,1674.0
905365,883.0,1613.0
905410,510.0,1625.0
905421,611.0,1602.0
905428,530.0,1575.0
905443,647.0,1705.0
905569,488.0,1563.0
905580,543.0,1583.0
905641,519.0,1614.0
905651,578.0,1538.0
905659,420.0,1583.0
905767,442.0,1576.0
905772,519.0,1613.0
905817,522.0,1510.0
905821,548.0,1575.0
905822,623.0,1590.0
905827,456.0,1575.0
905836,519.0,1520.0
905959,444.0,1535.0
905992,517.0,1641.0
905997,871.0,1696.0
906028,561.0,1652.0
906034,670.0,1605.0
906089,563.0,1672.0
906116,610.0,1580.0
906159,393.0,1549.0
906170,548.0,1493.0
906176,665.0,1760.0
906182,457.0,1517.0
906228,760.0,1605.0
906243,431.0,1542.0
906318,535.0,1522.0
906323,473.0,1573.0
906366,854.0,1660.0
906371,677.0,1535.0
906418,537.0,1640.0
906426,457.0,1610.0
906463,425.0,1485.0
906490,522.0,1568.0
906498,575.0,1608.0
906531,652.0,1613.0
906586,494.0,1650.0
906685,557.0,1566.0
906774,525.0,1550.0
906785,603.0,1632.0
906787,612.0,1680.0
906827,413.0,1524.0
906858,526.0,1605.0
906860,400.0,1650.0
906967,435.0,1572.0
907041,504.0,1616.0
907044,417.0,1526.0
907059,530.0,1677.0
907112,410.0,1396.0
907170,513.0,1570.0
907186,521.0,1526.0
907208,473.0,1472.0
907259,427.0,1480.0
907343,511.0,1572.0
907361,462.0,1575.0
907370,477.0,1578.0
907427,484.0,1599.0
907479,488.0,1522.0
907482,441.0,1519.0
907484,501.0,1482.0
907573,549.0,1588.0
907575,470.0,1591.0
907577,448.0,1535.0
907595,427.0,1505.0
907648,444.0,1490.0
907658,566.0,1587.0
907669,499.0,1554.0
907675,477.0,1563.0
907731,442.0,1507.0
907748,563.0,1617.0
907756,561.0,1505.0
907764,423.0,1552.0
907770,489.0,1534.0
907787,596.0,1645.0
907794,524.0,1637.0
907864,492.0,1541.0
907942,503.0,1420.0
907951,426.0,1437.0
907999,520.0,1623.0
908047,500.0,1561.0
908085,540.0,1632.0
908116,491.0,1541.0
908124,534.0,1618.0
908257,710.0,1645.0
908260,977.0,1530.0
908286,642.0,1684.0
908316,424.0,1488.0
908328,584.0,1693.0
908330,597.0,1535.0
908400,528.0,1578.0
908418,490.0,1563.0
908498,633.0,1561.0
908555,650.0,1555.0
908646,403.0,1575.0
908678,539.0,1682.0
908679,527.0,1668.0
908684,546.0,1696.0
908690,547.0,1730.0
908697,489.0,1665.0
908746,411.0,1445.0
908764,462.0,1587.0
908786,482.0,1617.0
908820,471.0,1602.0
908925,645.0,1595.0
908930,518.0,1605.0
908962,480.0,1620.0
908989,503.0,1463.0
909005,514.0,1545.0
909029,677.0,1500.0
909081,533.0,1607.0
909143,594.0,1569.0
909151,557.0,1560.0
909155,485.0,1575.0
909457,652.0,1599.0
909521,479.0,1579.0
909561,498.0,1539.0
909598,488.0,1542.0
909615,474.0,1545.0
909664,360.0,1470.0
909781,492.0,1600.0
909784,441.0,1563.0
909847,479.0,1550.0
909920,710.0,1672.0
909924,668.0,1545.0
909929,462.0,1586.0
909934,836.0,1520.0
910013,390.0,1494.0
910030,544.0,1530.0
910036,411.0,1463.0
910125,478.0,1488.0
910170,587.0,1600.0
910174,682.0,1545.0
910235,471.0,1572.0
910301,386.0,1576.0
910324,436.0,1455.0
910363,495.0,1552.0
910383,510.0,1534.0
910389,489.0,1590.0
910391,591.0,1533.0
910443,546.0,1630.0
910464,460.0,1523.0
910467,521.0,1557.0
910507,704.0,1557.0
910512,397.0,1530.0
910521,791.0,1504.0
910530,497.0,1645.0
910613,737.0,1520.0
910622,567.0,1570.0
910623,548.0,1646.0
910633,437.0,1548.0
910717,525.0,1720.0
910719,419.0,1575.0
910728,693.0,1653.0
910729,445.0,1540.0
910776,436.0,1523.0
910811,539.0,1635.0
910866,490.0,1541.0
910880,485.0,1593.0
910882,512.0,1583.0
910981,501.0,1638.0
910985,493.0,1546.0
911003,486.0,1847.0
911075,562.0,1551.0
911103,486.0,1536.0
911175,545.0,1597.0
911343,552.0,1613.0
911353,520.0,1728.0
911449,500.0,1583.0
911476,532.0,1690.0
911531,460.0,1585.0
911541,444.0,1520.0
911645,482.0,1440.0
911666,464.0,1531.0
911751,538.0,1584.0
911805,537.0,1556.0
911806,723.0,1595.0
911807,642.0,1648.0
911839,401.0,1417.0
911878,537.0,1526.0
911930,504.0,1580.0
911940,471.0,1612.0
911945,412.0,1495.0
911962,502.0,1585.0
912022,555.0,1643.0
912028,714.0,1661.0
912044,384.0,1556.0
912075,426.0,1619.0
912124,234.0,1573.0
912151,465.0,1510.0
912169,371.0,1464.0
912173,561.0,1664.0
912254,506.0,1620.0
912275,468.0,1563.0
912317,394.0,1482.0
912323,505.0,1543.0
912393,510.0,1553.0
912415,505.0,1530.0
912442,440.0,1560.0
912461,490.0,1590.0
912478,506.0,1550.0
912618,436.0,1590.0
912641,486.0,1534.0
912719,381.0,1531.0
912723,425.0,1611.0
912784,420.0,1450.0
912804,497.0,1529.0
912811,512.0,1554.0
912819,347.0,1488.0
912901,507.0,1654.0
912914,464.0,1550.0
912984,470.0,1511.0
913044,567.0,1635.0
913068,441.0,1561.0
913077,511.0,1602.0
913089,476.0,1567.0
913162,526.0,1645.0
913169,489.0,1633.0
913268,469.0,1540.0
913315,480.0,1590.0
913326,458.0,1590.0
913390,604.0,1701.0
913427,557.0,1642.0
913453,471.0,1620.0
913551,509.0,1486.0
913569,523.0,1622.0
913574,512.0,1630.0
913586,528.0,1592.0
913597,426.0,1424.0
913620,698.0,1571.0
913632,471.0,1647.0
913638,604.0,1665.0
913682,465.0,1500.0
913725,630.0,1440.0
913726,499.0,1586.0
913796,403.0,1533.0
913834,539.0,1575.0
913839,475.0,1592.0
913846,440.0,1522.0
913864,524.0,1453.0
913867,669.0,1603.0
913869,538.0,1586.0
913912,459.0,1596.0
913920,584.0,1656.0
913982,491.0,1589.0
913995,471.0,1493.0
914024,458.0,1538.0
914083,538.0,1567.0
914093,369.0,1510.0
914130,444.0,1530.0
914219,445.0,1634.0
914226,543.0,1572.0
914236,445.0,1675.0
914288,593.0,1534.0
914299,472.0,1480.0
914310,464.0,1557.0
914324,579.0,1571.0
914333,531.0,1554.0
914414,540.0,1530.0
914419,506.0,1542.0
914457,597.0,1651.0
914491,446.0,1503.0
914516,398.0,1516.0
914554,587.0,1775.0
914619,410.0,1493.0
914626,604.0,1640.0
914637,518.0,1587.0
914699,397.0,1459.0
914706,354.0,1442.0
914713,406.0,1583.0
914723,487.0,1471.0
914751,580.0,1595.0
914761,672.0,1548.0
914763,596.0,1525.0
914817,464.0,1433.0
914833,457.0,1490.0
914880,452.0,1562.0
914900,518.0,1526.0
914904,498.0,1568.0
914926,601.0,1610.0
914943,603.0,1622.0
914969,527.0,1620.0
915035,630.0,1612.0
915041,512.0,1502.0
915090,450.0,1510.0
915149,501.0,1640.0
915187,519.0,1610.0
915260,536.0,1628.0
915295,591.0,1620.0
915305,557.0,1580.0
915309,529.0,1630.0
915345,576.0,1655.0
915363,470.0,1589.0
915367,645.0,1684.0
915372,655.0,1695.0
915398,415.0,1524.0
915410,466.0,1610.0
915425,435.0,1551.0
915477,433.0,1516.0
915494,425.0,1530.0
915505,460.0,1591.0
915509,480.0,1644.0
915558,743.0,1625.0
915560,1090.0,1612.0
915683,637.0,1703.0
915703,573.0,1657.0
915709,617.0,1703.0
915774,589.0,1750.0
915796,423.0,1585.0
915832,520.0,1605.0
916025,502.0,1573.0
916043,509.0,1554.0
916093,525.0,1570.0
916098,483.0,1519.0
916110,465.0,1574.0
916113,482.0,1536.0
916151,523.0,1612.0
916200,428.0,1542.0
916205,511.0,1642.0
916265,675.0,1594.0
916380,506.0,1562.0
916437,520.0,1592.0
916453,458.0,1605.0
916465,419.0,1519.0
916466,434.0,1557.0
916677,515.0,1580.0
916762,511.0,1623.0
916772,469.0,1614.0
916780,531.0,1617.0
916802,617.0,1504.0
916804,437.0,1487.0
916845,608.0,1645.0
916938,603.0,1577.0
916939,504.0,1620.0
917005,424.0,1495.0
917007,481.0,1506.0
917203,722.0,1661.0
917294,599.0,1661.0
917331,518.0,1559.0
917419,499.0,1695.0
917524,483.0,1503.0
917525,515.0,1559.0
917578,653.0,1613.0
917587,812.0,1598.0
917639,392.0,1488.0
917661,477.0,1676.0
917675,608.0,1627.0
917742,401.0,1533.0
917759,487.0,1607.0
917808,450.0,1565.0
917826,526.0,1660.0
917880,480.0,1562.0
917890,455.0,1543.0
918058,394.0,1605.0
918065,563.0,1611.0
918098,677.0,1582.0
918151,413.0,1563.0
918229,575.0,1615.0
918313,554.0,1696.0
918331,512.0,1538.0
986094,479.0,1500.0
986095,622.0,1695.0
986100,565.0,1580.0
986159,696.0,1558.0
986290,420.0,1510.0
986327,418.0,1600.0
986359,355.0,1480.0
986370,448.0,1510.0
986438,475.0,1613.0
986451,472.0,1570.0
986518,596.0,1657.0
986528,602.0,1672.0
986537,609.0,1623.0
986566,593.0,1605.0
986667,604.0,1675.0
987033,740.0,1632.0
987115,497.0,1612.0
987148,636.0,1644.0
987164,478.0,1542.0
987165,450.0,1534.0
987256,468.0,1500.0
987263,542.0,1507.0
987326,675.0,1550.0
987350,657.0,1673.0
987357,499.0,1553.0
987360,490.0,1445.0
987380,570.0,1590.0
987387,1033.0,1584.0
987399,565.0,1578.0
987450,543.0,1621.0
987573,560.0,1606.0
987826,483.0,1530.0
987867,396.0,1607.0
987871,711.0,1660.0
987873,649.0,1750.0
987880,495.0,1582.0
987932,678.0,1611.0
988034,632.0,1543.0
988125,592.0,1645.0
988173,478.0,1560.0
988198,453.0,1512.0
988204,703.0,1590.0
988315,700.0,1547.0
988404,477.0,1521.0
988406,635.0,1645.0
988642,830.0,1721.0
988725,472.0,1402.0
988733,498.0,1350.0
988746,512.0,1475.0
988799,526.0,1536.0
988843,613.0,1522.0
989028,626.0,1725.0
989137,532.0,1585.0
989177,615.0,1591.0
989199,742.0,1654.0
989241,654.0,1572.0
989287,583.0,1580.0
989362,506.0,1700.0
989365,483.0,1685.0
989396,446.0,1461.0
989407,507.0,1472.0
989435,375.0,1401.0
989439,499.0,1510.0
989539,485.0,1510.0
989558,585.0,1684.0
989590,680.0,1630.0
989701,397.0,1542.0
989716,452.0,1460.0
989774,513.0,1550.0
989785,562.0,1503.0
989828,614.0,1630.0
989888,661.0,1633.0
989896,558.0,1649.0
989967,536.0,1500.0
990000,479.0,1558.0
990081,477.0,1521.0
990142,478.0,1570.0
990299,555.0,1500.0
990312,766.0,1870.0
990435,539.0,1600.0
990529,486.0,1546.0
990824,454.0,1408.0
991160,463.0,1530.0
991215,494.0,1618.0
991490,517.0,1491.0
991500,623.0,1568.0
991562,535.0,1670.0
991607,432.0,1508.0
991936,516.0,1550.0
992004,644.0,1544.0
992016,554.0,1590.0
992061,483.0,1471.0
992203,346.0,1450.0
992244,576.0,1600.0
992264,501.0,1500.0
992316,530.0,1460.0
992322,625.0,1570.0
992417,568.0,1600.0
992575,392.0,1435.0
992738,477.0,1491.0
992814,567.0,1690.0
992835,428.0,1430.0
992941,556.0,1600.0
992958,482.0,1600.0
993322,613.0,1635.0
993456,527.0,1570.0
993540,512.0,1400.0
993853,879.0,1650.0
993944,572.0,1660.0
994056,418.0,1480.0
994294,587.0,1641.0
994336,395.0,1544.0
994359,417.0,1563.0
994542,446.0,1580.0
994605,500.0,1623.0
994634,531.0,1515.0
994640,371.0,1455.0
994667,508.0,1585.0
994693,428.0,1510.0
994698,415.0,1490.0
994793,504.0,1680.0
994989,504.0,1580.0
995040,430.0,1476.0
995131,470.0,1584.0
995207,540.0,1601.0
995269,582.0,1574.0
995381,429.0,1430.0
995461,514.0,1460.0
995471,352.0,1470.0
995595,466.0,1500.0
995739,525.0,1573.0
995769,495.0,1556.0
995827,450.0,1580.0
995959,432.0,1495.0
996123,559.0,1620.0
996211,499.0,1614.0
996250,599.0,1571.0
996336,608.0,1670.0
996432,600.0,1470.0
996481,523.0,1455.0
996513,393.0,1395.0
996536,429.0,1550.0
996596,512.0,1625.0
996620,566.0,1590.0
996873,523.0,1550.0
996874,463.0,1645.0
996901,428.0,1580.0
996981,582.0,1553.0
997133,541.0,1632.0
997155,530.0,1533.0
997225,580.0,1600.0
997241,430.0,1640.0
997515,501.0,1560.0
997544,424.0,1523.0
997618,481.0,1570.0
997653,480.0,1520.0
997665,519.0,1521.0
997712,402.0,1380.0
997859,492.0,1620.0
997901,491.0,1510.0
998200,754.0,1622.0
998550,428.0,1466.0
998566,488.0,1410.0
998680,563.0,1715.0
998710,422.0,1532.0
998763,461.0,1522.0
998786,438.0,1508.0
998884,649.0,1570.0
998983,623.0,1742.0
999008,682.0,1742.0
999073,458.0,1573.0
999085,397.0,1490.0
999296,557.0,1612.0
999307,526.0,1490.0
999372,621.0,1580.0
999472,676.0,1721.0
999536,597.0,1562.0
999573,482.0,1640.0
999896,412.0,1504.0
999976,547.0,1570.0
999996,691.0,1714.0
1000066,433.0,1510.0
1000158,530.0,1487.0
1000255,581.0,1523.0
1000338,477.0,1455.0
1000507,586.0,1621.0
1000533,466.0,1540.0
1000560,444.0,1550.0
1000565,549.0,1647.0
1000625,487.0,1504.0
1000733,490.0,1683.0
1000738,501.0,1572.0
1000847,580.0,1570.0
1000875,386.0,1570.0
1001053,563.0,1660.0
1001076,531.0,1570.0
1001077,470.0,1520.0
1001078,451.0,1540.0
1001080,593.0,1665.0
1001222,521.0,1580.0
1001257,541.0,1605.0
1001328,526.0,1574.0
1001336,559.0,1524.0
1001366,684.0,1528.0
1001373,492.0,1554.0
1001543,637.0,1580.0
1001548,530.0,1530.0
1001646,501.0,1530.0
1001671,589.0,1550.0
1001689,590.0,1673.0
1001815,615.0,1653.0
1002035,495.0,1595.0
1002039,514.0,1574.0
1002045,558.0,1620.0
1002111,604.0,1652.0
1002126,503.0,1591.0
1002206,486.0,1525.0
1002207,694.0,1578.0
1002395,512.0,1512.0
1002529,593.0,1547.0
1002615,508.0,1601.0
1002886,428.0,1384.0
1002969,460.0,1581.0
1003011,376.0,1475.0
1003088,513.0,1500.0
1003161,534.0,1550.0
1003230,563.0,1510.0
1003408,572.0,1521.0
1003521,459.0,1423.0
1003523,518.0,1490.0
1003647,550.0,1500.0
1003717,605.0,1634.0
1003829,439.0,1550.0
1003977,492.0,1563.0
1004063,642.0,1640.0
1004187,598.0,1582.0
1004371,460.0,1423.0
1004399,463.0,1471.0
1004402,608.0,1653.0
1004518,754.0,1710.0
1004757,455.0,1593.0
1004968,919.0,1680.0
1005019,499.0,1523.0
1005058,566.0,1702.0
1005064,565.0,1602.0
1005065,427.0,1493.0
1005286,456.0,1525.0
1005747,510.0,1620.0
1005754,484.0,1500.0
1005791,582.0,1640.0
1005911,537.0,1590.0
1006055,540.0,1620.0
1006162,405.0,1531.0
1006346,728.0,1580.0
1006365,690.0,1515.0
1006459,545.0,1567.0
1006597,551.0,1634.0
1006649,470.0,1634.0
1006743,870.0,1670.0
1006758,586.0,1644.0
1006921,543.0,1483.0
1006935,595.0,1535.0
1007078,474.0,1536.0
1007122,529.0,1505.0
1007128,655.0,1770.0
1007141,623.0,1610.0
1007160,565.0,1450.0
1007301,502.0,1754.0
1007501,445.0,1592.0
1007621,566.0,1580.0
1007748,544.0,1670.0
1007991,593.0,1652.0
1008062,522.0,1550.0
1008084,663.0,1683.0
1008184,464.0,1547.0
1008499,602.0,1641.0
1008677,686.0,1595.0
1008709,652.0,1563.0
1008732,685.0,1569.0
1008738,572.0,1604.0
1008748,514.0,1531.0
1008889,518.0,1510.0
1008891,463.0,1501.0
1008904,540.0,1753.0
1009038,638.0,1600.0
1009176,463.0,1543.0
1009188,934.0,1571.0
1009255,765.0,1570.0
1009470,483.0,1540.0
1009472,503.0,1560.0
1009573,681.0,1541.0
1009607,578.0,1570.0
1009749,688.0,1732.0
1009759,600.0,1525.0
1009895,460.0,1472.0
1009962,472.0,1510.0
1010035,654.0,1541.0
1010129,504.0,1597.0
1010139,535.0,1590.0
1010145,493.0,1611.0
1010366,602.0,1521.0
1010440,408.0,1543.0
1010457,353.0,1535.0
1010567,539.0,1546.0
1010642,378.0,1415.0
1010830,428.0,1480.0
1010857,377.0,1500.0
1010954,802.0,1690.0
1011021,517.0,1520.0
1011041,694.0,1730.0
1011132,616.0,1504.0
1011214,478.0,1353.0
1011226,371.0,1458.0
1011772,764.0,1642.0
1012002,481.0,1573.0
1012083,593.0,1605.0
1012160,621.0,1483.0
1012372,482.0,1545.0
1012594,509.0,1671.0
1012711,380.0,1490.0
1012764,577.0,1662.0
1012837,392.0,1410.0
1012849,773.0,1670.0
1012851,512.0,1480.0
1012904,423.0,1485.0
1012911,532.0,1533.0
1013130,436.0,1501.0
1013310,535.0,1610.0
1013475,839.0,1560.0
1013553,459.0,1430.0
1013563,393.0,1620.0
1013582,475.0,1500.0
1013659,653.0,1543.0
1013739,437.0,1550.0
1013889,486.0,1543.0
1014015,499.0,1650.0
1014098,499.0,1571.0
1014103,509.0,1462.0
1014161,491.0,1615.0
1014232,554.0,1590.0
1014353,585.0,1556.0
1014455,723.0,1670.0
1014545,552.0,1760.0
1014679,484.0,1542.0
1014787,480.0,1520.0
1014795,427.0,1592.0
1014981,545.0,1490.0
1015023,587.0,1587.0
1015079,542.0,1520.0
1015097,514.0,1655.0
1015268,494.0,1580.0
1015274,425.0,1430.0
1015365,481.0,1662.0
1015403,588.0,1725.0
